cleaned_text,sentiment
afford enough student though budget compromis visibl,Neutral
good invest made month total bang buck high recommend anyon look depend option,Positive
batteri drain complet less hour horribl batteri life,Negative
support staff clueless kept transfer four differ depart,Negative
courier mark packag deliv no one actual came chase day return immedi full refund,Negative
complic frustrat setup process confus error code no explan,Negative
late deliveri ruin birthday gift surpris complet unreli logist servic,Negative
hing break normal open fragil construct shoddi materi also regard custom support quick respons time via live chat queri sort profession without delay,Negative
softwar updat seamless ad realli neat person widget truli pleas purchas,Positive
mislead promis support execut regard repair turnaround time return immedi full refund,Negative
got great discount absolut worth everi singl penni spent high recommend anyon look depend option,Positive
effortless ergonom control laid sensibl one hand oper high recommend anyon look depend option,Positive
support execut follow next day confirm everyth function smooth,Positive
softwar updat seamless ad realli neat person widget truli pleas purchas,Positive
sever hardwar lag constant crash utter unus work also regard price valu afford enough student though budget compromis visibl,Negative
hing break normal open fragil construct shoddi materi return immedi full refund,Negative
support team went beyond arrang immedi replac,Positive
courier mark packag deliv no one actual came chase day,Negative
help desk reach hour could faster resolv ticket work basic need not expect miracl,Neutral
outer box slight wrinkl intern cushion protect merchandis howev definit room minor improv,Neutral
total wast budget inferior hardwar mark aggress market deepli disappoint purchas,Negative
valu money averag get pay whole okay balanc pros con,Neutral
deliveri late box arriv break damag item insid return immedi full refund,Negative
batteri drain complet less hour horribl batteri life frustrat experi overal,Negative
screen clariti speaker output qualiti phenomen,Positive
packag lose transit week arriv late torn packag also regard price valu offer tremend cost effici definit superior pricier brand altern,Negative
look fine aesthet though structur rigid could improv,Neutral
agent knowledg friend guid step step setup,Positive
lightn fast deliveri arriv full day estim date also regard custom support support staff clueless kept transfer four differ depart,Positive
clunki ui lag make standard navig feel pain slow unrespons return immedi full refund,Negative
extrem expens mis noten replac part cost devic,Negative
got great discount absolut worth everi singl penni spent truli pleas purchas,Positive
aw user interfac design clutter screen counter intuit navig strong urg buyer stay away product,Negative
eco friend yet sturdi packag product fulli secur shock truli pleas purchas,Positive
horribl ergonom uncomfort wear hold minut also regard deliveri packag impress quick secur packag deliv,Negative
impress batteri endur intern hardwar run surpris cool also regard deliveri packag impress quick secur packag deliv,Positive
arriv ahead schedul deliveri window safe doorstep drop high recommend anyon look depend option,Positive
voic command gestur shortcut work reliabl everi singl time,Positive
defect unit receiv stop power onli three day,Negative
grossli overpr feel like cheap ten dollar gadget sold premium rate return immedi full refund,Negative
courier mark packag deliv no one actual came chase day also regard price valu valu money averag get pay,Negative
help desk reach hour could faster resolv ticket howev definit room minor improv,Neutral
unbeat price perform ratio budget categori high recommend anyon look depend option,Positive
softwar updat seamless ad realli neat person widget also regard custom support technic support team empathet provid swift warranti claim approv,Positive
excel logist deliveri execut call arriv confirm avail also regard usabl interfac extrem user friend interfac even elder pare not found easi oper,Positive
genuin surpris well built unit compar competitor,Positive
batteri life around hour manag workday still decid whether keep exchang,Neutral
pleasant ergonom design comfort hold interact prolong hour also regard deliveri packag deliveri arriv promis date standard courier servic,Positive
horribl ergonom uncomfort wear hold minut return immedi full refund,Negative
superb hardwar perform finish look premium furthermor overal perform rock solid,Positive
batteri drain complet less hour horribl batteri life strong urg buyer stay away product,Negative
button becam unrespons one week wast hard earn money frustrat experi overal,Negative
took five day arriv standard transit time locat whole okay balanc pros con,Neutral
track status not updat two day though parcel arriv schedul also regard usabl interfac softwar function aesthet feel somewhat date utilitarian,Neutral
competit price tag easili good option avail budget rang,Positive
effortless ergonom control laid sensibl one hand oper furthermor overal perform rock solid,Positive
screen dead pixel right center complet unaccept qa deepli disappoint purchas,Negative
batteri drain complet less hour horribl batteri life return immedi full refund,Negative
complic frustrat setup process confus error code no explan,Negative
immacul packag heavi protect bubbl wrap tamper proof seal definit buy brand,Positive
bluetooth connect drop random everi minut infuri use also regard product qualiti batteri drain complet less hour horribl batteri life,Negative
help desk reach hour could faster resolv ticket,Neutral
grossli overpr feel like cheap ten dollar gadget sold premium rate strong urg buyer stay away product,Negative
clean softwar zero bloatwar smooth navig anim,Positive
ignor warranti claim email two week absolut lack account,Negative
companion app intuit beauti design easi navig also regard custom support bad custom support imagin agent rude abrupt disconnect call,Positive
fair experi help desk noth particular impress terribl work basic need not expect miracl,Neutral
lightn fast deliveri arriv full day estim date also regard usabl interfac clean softwar zero bloatwar smooth navig anim,Positive
softwar updat seamless ad realli neat person widget furthermor overal perform rock solid,Positive
pleasant ergonom design comfort hold interact prolong hour definit buy brand,Positive
prompt ship track notif kept updat everi checkpoint high recommend anyon look depend option,Positive
high end premium featur offer access reason price point five star without hesit,Positive
unbeat price perform ratio budget categori high recommend anyon look depend option,Positive
agent knowledg friend guid step step setup five star without hesit,Positive
aw post purchas servic money stop care complet,Negative
econom price without cut corner essenti function also regard usabl interfac control respons although button label could clearer,Positive
work advertis neither great nor bad averag hardwar work basic need not expect miracl,Neutral
unbeat price perform ratio budget categori,Positive
arriv ahead schedul deliveri window safe doorstep drop,Positive
genuin surpris well built unit compar competitor,Positive
packag arriv pristin condit deliveri courier profession,Positive
ignor warranti claim email two week absolut lack account also regard usabl interfac seamless pair process took liter second connect start use,Negative
aw user interfac design clutter screen counter intuit navig return immedi full refund,Negative
overhyp overpr thorough disappoint valu proposit also regard deliveri packag horribl ship experi packag sent wrong citi transit hub twice,Negative
terribl build qualiti cheap creak plastic feel flimsi,Negative
work advertis neither great nor bad averag hardwar also regard usabl interfac font size display tini unread outdoor sunlight,Neutral
excel logist deliveri execut call arriv confirm avail,Positive
screen clariti speaker output qualiti phenomen definit buy brand,Positive
clunki ui lag make standard navig feel pain slow unrespons,Negative
aw user interfac design clutter screen counter intuit navig strong urg buyer stay away product,Negative
solid build great tactil feedback button feel like expens flagship also regard price valu unbeat price perform ratio budget categori,Positive
averag ship speed noth except complain prais also regard usabl interfac companion mobil app work fine occasion take second sync data,Neutral
deliveri late box arriv break damag item insid return immedi full refund,Negative
eco friend yet sturdi packag product fulli secur shock furthermor overal perform rock solid,Positive
clean softwar zero bloatwar smooth navig anim five star without hesit,Positive
technic support team empathet provid swift warranti claim approv truli pleas purchas,Positive
effortless ergonom control laid sensibl one hand oper,Positive
valu money averag get pay whole okay balanc pros con,Neutral
cost match output qualiti straightforward transact howev definit room minor improv,Neutral
user interfac clean respons pack customiz shortcut option,Positive
aw post purchas servic money stop care complet strong urg buyer stay away product,Negative
total wast budget inferior hardwar mark aggress market,Negative
competit price tag easili good option avail budget rang also regard product qualiti genuin surpris well built unit compar competitor,Positive
averag ship speed noth except complain prais also regard custom support repres gave script answer initi later clarifi doubt,Neutral
decent price wait sale discount want good valu also regard product qualiti terribl build qualiti cheap creak plastic feel flimsi,Neutral
deliveri late box arriv break damag item insid frustrat experi overal,Negative
horribl ergonom uncomfort wear hold minut return immedi full refund,Negative
effortless ergonom control laid sensibl one hand oper also regard product qualiti hardwar averag noth write home job,Positive
terribl custom care treat like nuisanc ask replac,Negative
excel logist deliveri execut call arriv confirm avail also regard custom support repres courteous listen patient solv configur error,Positive
extrem delay deliveri took two week past schedul arriv date,Negative
work advertis neither great nor bad averag hardwar,Neutral
work flawless straight box zero hardwar defect found,Positive
ergonom fine averag hand size might feel bulki smaller grip,Neutral
font size display tini unread outdoor sunlight deepli disappoint purchas,Negative
setup guid crystal clear diagram painless initi configur high recommend anyon look depend option,Positive
deliveri delay half day due weather track updat still decid whether keep exchang,Neutral
inferior product qualiti nowher close advertis technic spec,Negative
standard plastic case seem fine far two week normal use,Neutral
effortless ergonom control laid sensibl one hand oper furthermor overal perform rock solid,Positive
impress quick secur packag deliv also regard price valu cost match output qualiti straightforward transact,Positive
econom price without cut corner essenti function,Positive
overhyp overpr thorough disappoint valu proposit also regard usabl interfac horribl ergonom uncomfort wear hold minut,Negative
packag arriv complet crush soak moistur aw courier handl also regard custom support except custom care experi truli valu consum,Negative
flawless unbox experi clean premium box design intact seal truli pleas purchas,Positive
econom price without cut corner essenti function also regard custom support chatbot not help human agent took decent,Positive
support team went beyond arrang immedi replac,Positive
zero custom support respons autom bot keep loop without human takeov also regard product qualiti hing break normal open fragil construct shoddi materi,Negative
outstand warranti assist hassl free exchang process hour high recommend anyon look depend option,Positive
lightn fast deliveri arriv full day estim date,Positive
aw post purchas servic money stop care complet return immedi full refund,Negative
bluetooth connect drop random everi minut infuri use also regard product qualiti button becam unrespons one week wast hard earn money,Negative
font size display tini unread outdoor sunlight,Negative
standard plastic case seem fine far two week normal use also regard price valu complet rip get far good altern half cost,Neutral
price goug finest nowher near worth steep ask price also regard product qualiti durabl top notch drop twice accident no damag,Negative
impress quick secur packag deliv,Positive
grossli overpr feel like cheap ten dollar gadget sold premium rate frustrat experi overal,Negative
chatbot not help human agent took decent,Neutral
good invest made month total bang buck also regard product qualiti work flawless straight box zero hardwar defect found,Positive
unbeat price perform ratio budget categori truli pleas purchas,Positive
batteri drain complet less hour horribl batteri life strong urg buyer stay away product,Negative
got great discount absolut worth everi singl penni spent five star without hesit,Positive
impress quick secur packag deliv five star without hesit,Positive
complet rip get far good altern half cost strong urg buyer stay away product,Negative
arriv ahead schedul deliveri window safe doorstep drop high recommend anyon look depend option,Positive
overhyp overpr thorough disappoint valu proposit,Negative
immacul packag heavi protect bubbl wrap tamper proof seal furthermor overal perform rock solid,Positive
lightn fast deliveri arriv full day estim date definit buy brand,Positive
defect unit receiv stop power onli three day,Negative
support standard took two round email get invoic updat,Neutral
repres courteous listen patient solv configur error,Positive
solid build great tactil feedback button feel like expens flagship also regard custom support got queri resolv although transfer depart cumbersom,Positive
setup straightforward follow manual slight confus otherwis also regard deliveri packag immacul packag heavi protect bubbl wrap tamper proof seal,Neutral
work flawless straight box zero hardwar defect found also regard deliveri packag horribl ship experi packag sent wrong citi transit hub twice,Positive
price goug finest nowher near worth steep ask price also regard custom support got queri resolv although transfer depart cumbersom,Negative
pleasant ergonom design comfort hold interact prolong hour,Positive
price reason get neither steal nor overpr,Neutral
aw post purchas servic money stop care complet also regard price valu price goug finest nowher near worth steep ask price,Negative
genuin surpris well built unit compar competitor,Positive
outer box slight wrinkl intern cushion protect merchandis also regard usabl interfac clean softwar zero bloatwar smooth navig anim,Neutral
deliveri delay half day due weather track updat howev definit room minor improv,Neutral
extrem expens mis noten replac part cost devic,Negative
extrem expens mis noten replac part cost devic deepli disappoint purchas,Negative
decent price wait sale discount want good valu,Neutral
defect unit receiv stop power onli three day return immedi full refund,Negative
extrem expens mis noten replac part cost devic also regard custom support fair experi help desk noth particular impress terribl,Negative
hidden subscript fee not mention product page feel predatori decept return immedi full refund,Negative
button becam unrespons one week wast hard earn money frustrat experi overal,Negative
outer box open product insid break defect strong urg buyer stay away product,Negative
companion app full bug crash continu open,Negative
complic frustrat setup process confus error code no explan also regard deliveri packag flimsi packag zero protect pad product arriv visibl dent break part,Negative
immacul packag heavi protect bubbl wrap tamper proof seal,Positive
genuin surpris well built unit compar competitor,Positive
super quick dispatch real time live gps track accur five star without hesit,Positive
complic frustrat setup process confus error code no explan deepli disappoint purchas,Negative
inferior product qualiti nowher close advertis technic spec,Negative
seamless pair process took liter second connect start use five star without hesit,Positive
prompt ship track notif kept updat everi checkpoint also regard product qualiti outstand craftsmanship reliabl perform daili heavi usag,Positive
price goug finest nowher near worth steep ask price,Negative
deliveri person ask otp prompt deliveri took usual standard timefram still decid whether keep exchang,Neutral
competit price tag easili good option avail budget rang truli pleas purchas,Positive
prompt email support clear screenshot instruct high impress high recommend anyon look depend option,Positive
got great discount absolut worth everi singl penni spent truli pleas purchas,Positive
standard plastic case seem fine far two week normal use whole okay balanc pros con,Neutral
app layout adequ would appreci custom option futur updat also regard custom support kept hold minut call got drop hopeless servic,Neutral
total wast budget inferior hardwar mark aggress market strong urg buyer stay away product,Negative
clunki ui lag make standard navig feel pain slow unrespons return immedi full refund,Negative
agent answer question eventu though seem quit rush,Neutral
defect unit receiv stop power onli three day also regard custom support got queri resolv although transfer depart cumbersom,Negative
competit price tag easili good option avail budget rang,Positive
deliveri driver extrem unprofession threw parcel gate deepli disappoint purchas,Negative
initi bluetooth pair requir retri work stabli afterward also regard product qualiti decent materi use plastic part feel slight cheap,Neutral
got great discount absolut worth everi singl penni spent high recommend anyon look depend option,Positive
clunki ui lag make standard navig feel pain slow unrespons frustrat experi overal,Negative
unbeat price perform ratio budget categori also regard deliveri packag impress quick secur packag deliv,Positive
repres gave complet incorrect troubleshoot step refus refund,Negative
econom price without cut corner essenti function,Positive
ignor warranti claim email two week absolut lack account also regard usabl interfac seamless pair process took liter second connect start use,Negative
agent knowledg friend guid step step setup also regard usabl interfac extrem user friend interfac even elder pare not found easi oper,Positive
outer box open product insid break defect also regard product qualiti perform mediocr basic task fine stutter multitask,Negative
deliveri person ask otp prompt deliveri took usual standard timefram work basic need not expect miracl,Neutral
meet minimum baselin expect lack premium refin howev definit room minor improv,Neutral
batteri drain complet less hour horribl batteri life,Negative
ignor warranti claim email two week absolut lack account frustrat experi overal,Negative
outer box open product insid break defect not wast time money,Negative
fair price rich featur solid build qualiti,Positive
support staff clueless kept transfer four differ depart,Negative
help desk refus honor return polici despit clear photograph evid,Negative
arriv ahead schedul deliveri window safe doorstep drop also regard usabl interfac setup guid crystal clear diagram painless initi configur,Positive
repres courteous listen patient solv configur error,Positive
packag adequ minim cushion fortun no damag,Neutral
work flawless straight box zero hardwar defect found five star without hesit,Positive
competit price tag easili good option avail budget rang,Positive
incred valu money outperform product cost twice much definit buy brand,Positive
high qualiti materi use exceed expect complet also regard usabl interfac softwar function aesthet feel somewhat date utilitarian,Positive
setup straightforward follow manual slight confus otherwis,Neutral
quick respons time via live chat queri sort profession without delay truli pleas purchas,Positive
screen dead pixel right center complet unaccept qa,Negative
good invest made month total bang buck,Positive
complic frustrat setup process confus error code no explan also regard price valu got great discount absolut worth everi singl penni spent,Negative
complic frustrat setup process confus error code no explan deepli disappoint purchas,Negative
terribl custom care treat like nuisanc ask replac also regard usabl interfac control respons although button label could clearer,Negative
help desk reach hour could faster resolv ticket,Neutral
impress quick secur packag deliv also regard usabl interfac softwar function aesthet feel somewhat date utilitarian,Positive
decent materi use plastic part feel slight cheap,Neutral
complic frustrat setup process confus error code no explan not wast time money,Negative
font size display tini unread outdoor sunlight frustrat experi overal,Negative
screen dead pixel right center complet unaccept qa,Negative
decent materi use plastic part feel slight cheap still decid whether keep exchang,Neutral
fair price rich featur solid build qualiti,Positive
outstand craftsmanship reliabl perform daili heavi usag definit buy brand,Positive
averag support interact problem solv took longer anticip howev definit room minor improv,Neutral
courier mark packag deliv no one actual came chase day,Negative
genuin surpris well built unit compar competitor furthermor overal perform rock solid,Positive
fair price rich featur solid build qualiti also regard deliveri packag packag lose transit week arriv late torn packag,Positive
product qualiti okay casual use not expect industri durabl howev definit room minor improv,Neutral
kept hold minut call got drop hopeless servic strong urg buyer stay away product,Negative
user interfac clean respons pack customiz shortcut option,Positive
bluetooth connect drop random everi minut infuri use also regard price valu extrem expens mis noten replac part cost devic,Negative
disastr deliveri product case crack break due rough transit impact,Negative
clean softwar zero bloatwar smooth navig anim high recommend anyon look depend option,Positive
disastr deliveri product case crack break due rough transit impact,Negative
econom price without cut corner essenti function,Positive
repres gave complet incorrect troubleshoot step refus refund not wast time money,Negative
zero custom support respons autom bot keep loop without human takeov,Negative
ignor warranti claim email two week absolut lack account frustrat experi overal,Negative
eco friend yet sturdi packag product fulli secur shock furthermor overal perform rock solid,Positive
effortless ergonom control laid sensibl one hand oper,Positive
arriv ahead schedul deliveri window safe doorstep drop also regard usabl interfac usabl accept take day two learn curv get accustom,Positive
standard plastic case seem fine far two week normal use also regard custom support except custom care experi truli valu consum,Neutral
custom support answer call wait hold minut,Neutral
complet rip get far good altern half cost,Negative
afford enough student though budget compromis visibl howev definit room minor improv,Neutral
genuin surpris well built unit compar competitor also regard custom support repres gave script answer initi later clarifi doubt,Positive
aw user interfac design clutter screen counter intuit navig strong urg buyer stay away product,Negative
standard plastic case seem fine far two week normal use still decid whether keep exchang,Neutral
late deliveri ruin birthday gift surpris complet unreli logist servic also regard usabl interfac companion app demand unnecessari locat contact permiss oper,Negative
agent answer question eventu though seem quit rush also regard usabl interfac setup straightforward follow manual slight confus otherwis,Neutral
good invest made month total bang buck also regard product qualiti microphon sound muffl distort complet ruin phone call,Positive
genuin surpris well built unit compar competitor,Positive
good invest made month total bang buck,Positive
total wast budget inferior hardwar mark aggress market return immedi full refund,Negative
total wast budget inferior hardwar mark aggress market also regard custom support terribl custom care treat like nuisanc ask replac,Negative
build qualiti accept price noth extraordinari,Neutral
econom price without cut corner essenti function truli pleas purchas,Positive
screen clariti speaker output qualiti phenomen,Positive
lightn fast deliveri arriv full day estim date high recommend anyon look depend option,Positive
setup guid crystal clear diagram painless initi configur also regard price valu complet rip get far good altern half cost,Positive
support execut follow next day confirm everyth function smooth,Positive
unbeat price perform ratio budget categori definit buy brand,Positive
voic command gestur shortcut work reliabl everi singl time also regard deliveri packag super quick dispatch real time live gps track accur,Positive
way expens someth lack standard modern basic featur also regard usabl interfac horribl ergonom uncomfort wear hold minut,Negative
regret buy zero valu money total unjustifi price,Negative
superb hardwar perform finish look premium,Positive
custom servic incred help polit resolv issu within minut high recommend anyon look depend option,Positive
help desk refus honor return polici despit clear photograph evid also regard usabl interfac initi bluetooth pair requir retri work stabli afterward,Negative
horribl ergonom uncomfort wear hold minut also regard price valu fair price rich featur solid build qualiti,Negative
fair experi help desk noth particular impress terribl also regard product qualiti look fine aesthet though structur rigid could improv,Neutral
total wast budget inferior hardwar mark aggress market also regard custom support fair experi help desk noth particular impress terribl,Negative
eco friend yet sturdi packag product fulli secur shock,Positive
extrem expens mis noten replac part cost devic not wast time money,Negative
solid build great tactil feedback button feel like expens flagship definit buy brand,Positive
bluetooth connect drop random everi minut infuri use also regard custom support custom support answer call wait hold minut,Negative
decent price wait sale discount want good valu,Neutral
sever hardwar lag constant crash utter unus work also regard price valu incred valu money outperform product cost twice much,Negative
packag arriv complet crush soak moistur aw courier handl,Negative
grossli overpr feel like cheap ten dollar gadget sold premium rate also regard deliveri packag courier mark packag deliv no one actual came chase day,Negative
repres gave complet incorrect troubleshoot step refus refund also regard deliveri packag deliveri late box arriv break damag item insid,Negative
firmwar updat brick set menu requir complet factori reset,Negative
overheat danger within twenti minut moder usag also regard deliveri packag outer box open product insid break defect,Negative
horribl ergonom uncomfort wear hold minut,Negative
high qualiti materi use exceed expect complet,Positive
sever hardwar lag constant crash utter unus work also regard deliveri packag packag somewhat plain cardboard inner devic safe,Negative
button becam unrespons one week wast hard earn money strong urg buyer stay away product,Negative
superb hardwar perform finish look premium also regard deliveri packag packag adequ minim cushion fortun no damag,Positive
decent price wait sale discount want good valu still decid whether keep exchang,Neutral
decent materi use plastic part feel slight cheap still decid whether keep exchang,Neutral
chatbot not help human agent took decent work basic need not expect miracl,Neutral
companion app demand unnecessari locat contact permiss oper,Negative
support team went beyond arrang immedi replac,Positive
screen dead pixel right center complet unaccept qa,Negative
got great discount absolut worth everi singl penni spent,Positive
overheat danger within twenti minut moder usag also regard price valu extrem expens mis noten replac part cost devic,Negative
fair price rich featur solid build qualiti five star without hesit,Positive
complet rip get far good altern half cost frustrat experi overal,Negative
pleasant ergonom design comfort hold interact prolong hour,Positive
interfac simpl enough though menu set buri deep,Neutral
aw user interfac design clutter screen counter intuit navig not wast time money,Negative
quick respons time via live chat queri sort profession without delay also regard product qualiti screen dead pixel right center complet unaccept qa,Positive
batteri life around hour manag workday,Neutral
outer box open product insid break defect also regard custom support repres courteous listen patient solv configur error,Negative
outer box slight wrinkl intern cushion protect merchandis still decid whether keep exchang,Neutral
firmwar updat brick set menu requir complet factori reset,Negative
build qualiti except feel sturdi well engin also regard usabl interfac app layout adequ would appreci custom option futur updat,Positive
except deal sale thorough satisfi purchas valu definit buy brand,Positive
touch control hyper sensit regist phantom touch constant,Negative
companion app full bug crash continu open,Negative
econom price without cut corner essenti function also regard product qualiti hing break normal open fragil construct shoddi materi,Positive
extrem expens mis noten replac part cost devic,Negative
horribl ship experi packag sent wrong citi transit hub twice not wast time money,Negative
look fine aesthet though structur rigid could improv also regard custom support repres gave script answer initi later clarifi doubt,Neutral
usabl accept take day two learn curv get accustom still decid whether keep exchang,Neutral
hidden subscript fee not mention product page feel predatori decept not wast time money,Negative
repres courteous listen patient solv configur error,Positive
work flawless straight box zero hardwar defect found high recommend anyon look depend option,Positive
hardwar averag noth write home job also regard deliveri packag arriv ahead schedul deliveri window safe doorstep drop,Neutral
outer box slight wrinkl intern cushion protect merchandis also regard product qualiti build qualiti accept price noth extraordinari,Neutral
high end premium featur offer access reason price point furthermor overal perform rock solid,Positive
extrem expens mis noten replac part cost devic frustrat experi overal,Negative
hidden subscript fee not mention product page feel predatori decept also regard usabl interfac touch control hyper sensit regist phantom touch constant,Negative
button becam unrespons one week wast hard earn money not wast time money,Negative
support execut follow next day confirm everyth function smooth high recommend anyon look depend option,Positive
got queri resolv although transfer depart cumbersom also regard product qualiti batteri life around hour manag workday,Neutral
complet rip get far good altern half cost also regard deliveri packag deliveri driver extrem unprofession threw parcel gate,Negative
defect unit receiv stop power onli three day also regard price valu decent price wait sale discount want good valu,Negative
pleasant ergonom design comfort hold interact prolong hour,Positive
support team went beyond arrang immedi replac,Positive
companion app intuit beauti design easi navig,Positive
grossli overpr feel like cheap ten dollar gadget sold premium rate,Negative
companion app demand unnecessari locat contact permiss oper also regard price valu price accept though replac accessori somewhat expens,Negative
batteri life around hour manag workday,Neutral
batteri drain complet less hour horribl batteri life not wast time money,Negative
flimsi packag zero protect pad product arriv visibl dent break part also regard product qualiti superb hardwar perform finish look premium,Negative
price appropri though competitor brand offer similar featur slight cheaper still decid whether keep exchang,Neutral
lightn fast deliveri arriv full day estim date,Positive
prompt email support clear screenshot instruct high impress definit buy brand,Positive
way expens someth lack standard modern basic featur also regard usabl interfac companion app demand unnecessari locat contact permiss oper,Negative
price goug finest nowher near worth steep ask price also regard custom support outstand warranti assist hassl free exchang process hour,Negative
screen clariti speaker output qualiti phenomen also regard deliveri packag flawless unbox experi clean premium box design intact seal,Positive
extrem user friend interfac even elder pare not found easi oper,Positive
immacul packag heavi protect bubbl wrap tamper proof seal also regard usabl interfac voic command gestur shortcut work reliabl everi singl time,Positive
support standard took two round email get invoic updat,Neutral
averag support interact problem solv took longer anticip,Neutral
super quick dispatch real time live gps track accur definit buy brand,Positive
clean softwar zero bloatwar smooth navig anim,Positive
quick respons time via live chat queri sort profession without delay truli pleas purchas,Positive
complic frustrat setup process confus error code no explan,Negative
arriv ahead schedul deliveri window safe doorstep drop also regard price valu competit price tag easili good option avail budget rang,Positive
decent price wait sale discount want good valu,Neutral
font size display tini unread outdoor sunlight,Negative
work flawless straight box zero hardwar defect found also regard custom support zero custom support respons autom bot keep loop without human takeov,Positive
got queri resolv although transfer depart cumbersom still decid whether keep exchang,Neutral
packag arriv pristin condit deliveri courier profession also regard product qualiti batteri drain complet less hour horribl batteri life,Positive
impress batteri endur intern hardwar run surpris cool furthermor overal perform rock solid,Positive
usabl accept take day two learn curv get accustom work basic need not expect miracl,Neutral
aw user interfac design clutter screen counter intuit navig also regard custom support custom servic incred help polit resolv issu within minut,Negative
overhyp overpr thorough disappoint valu proposit also regard usabl interfac extrem user friend interfac even elder pare not found easi oper,Negative
basic interfac get job done without bell whistl still decid whether keep exchang,Neutral
app layout adequ would appreci custom option futur updat howev definit room minor improv,Neutral
support team went beyond arrang immedi replac definit buy brand,Positive
excel logist deliveri execut call arriv confirm avail truli pleas purchas,Positive
bad custom support imagin agent rude abrupt disconnect call frustrat experi overal,Negative
high end premium featur offer access reason price point furthermor overal perform rock solid,Positive
perform mediocr basic task fine stutter multitask whole okay balanc pros con,Neutral
offer tremend cost effici definit superior pricier brand altern,Positive
basic interfac get job done without bell whistl also regard deliveri packag took five day arriv standard transit time locat,Neutral
deliveri late box arriv break damag item insid also regard custom support agent knowledg friend guid step step setup,Negative
softwar updat seamless ad realli neat person widget also regard deliveri packag track status not updat two day though parcel arriv schedul,Positive
extrem user friend interfac even elder pare not found easi oper truli pleas purchas,Positive
immacul packag heavi protect bubbl wrap tamper proof seal high recommend anyon look depend option,Positive
super quick dispatch real time live gps track accur,Positive
overheat danger within twenti minut moder usag,Negative
extrem delay deliveri took two week past schedul arriv date also regard price valu except deal sale thorough satisfi purchas valu,Negative
seamless pair process took liter second connect start use also regard deliveri packag packag lose transit week arriv late torn packag,Positive
technic support team empathet provid swift warranti claim approv also regard deliveri packag eco friend yet sturdi packag product fulli secur shock,Positive
perform mediocr basic task fine stutter multitask also regard price valu extrem expens mis noten replac part cost devic,Neutral
good invest made month total bang buck also regard deliveri packag late deliveri ruin birthday gift surpris complet unreli logist servic,Positive
justifi price tag not expect premium flagship luxuri also regard usabl interfac pleasant ergonom design comfort hold interact prolong hour,Neutral
extrem delay deliveri took two week past schedul arriv date strong urg buyer stay away product,Negative
grossli overpr feel like cheap ten dollar gadget sold premium rate also regard product qualiti genuin surpris well built unit compar competitor,Negative
clean softwar zero bloatwar smooth navig anim,Positive
support staff polit lack deep technic knowledg devic firmwar howev definit room minor improv,Neutral
terribl custom care treat like nuisanc ask replac also regard usabl interfac softwar updat seamless ad realli neat person widget,Negative
companion app demand unnecessari locat contact permiss oper deepli disappoint purchas,Negative
terribl custom care treat like nuisanc ask replac deepli disappoint purchas,Negative
outstand craftsmanship reliabl perform daili heavi usag definit buy brand,Positive
flawless unbox experi clean premium box design intact seal five star without hesit,Positive
clean softwar zero bloatwar smooth navig anim,Positive
prompt ship track notif kept updat everi checkpoint truli pleas purchas,Positive
microphon sound muffl distort complet ruin phone call also regard usabl interfac clean softwar zero bloatwar smooth navig anim,Negative
user interfac clean respons pack customiz shortcut option truli pleas purchas,Positive
firmwar updat brick set menu requir complet factori reset,Negative
decent materi use plastic part feel slight cheap also regard usabl interfac voic command gestur shortcut work reliabl everi singl time,Neutral
fair experi help desk noth particular impress terribl also regard deliveri packag deliveri person ask otp prompt deliveri took usual standard timefram,Neutral
work advertis neither great nor bad averag hardwar work basic need not expect miracl,Neutral
price accept though replac accessori somewhat expens also regard product qualiti superb hardwar perform finish look premium,Neutral
afford enough student though budget compromis visibl,Neutral
impress batteri endur intern hardwar run surpris cool,Positive
deliveri late box arriv break damag item insid frustrat experi overal,Negative
prompt email support clear screenshot instruct high impress also regard price valu fair price rich featur solid build qualiti,Positive
durabl top notch drop twice accident no damag also regard custom support support staff polit lack deep technic knowledg devic firmwar,Positive
aw user interfac design clutter screen counter intuit navig,Negative
quick respons time via live chat queri sort profession without delay,Positive
technic support team empathet provid swift warranti claim approv five star without hesit,Positive
deliveri person ask otp prompt deliveri took usual standard timefram howev definit room minor improv,Neutral
hing break normal open fragil construct shoddi materi deepli disappoint purchas,Negative
packag arriv complet crush soak moistur aw courier handl strong urg buyer stay away product,Negative
regret buy zero valu money total unjustifi price not wast time money,Negative
way expens someth lack standard modern basic featur return immedi full refund,Negative
deliveri late box arriv break damag item insid strong urg buyer stay away product,Negative
courier left packag neighbor without inform beforehand receiv safe howev definit room minor improv,Neutral
defect unit receiv stop power onli three day also regard deliveri packag lightn fast deliveri arriv full day estim date,Negative
extrem delay deliveri took two week past schedul arriv date also regard custom support chatbot not help human agent took decent,Negative
extrem delay deliveri took two week past schedul arriv date,Negative
except deal sale thorough satisfi purchas valu,Positive
incred valu money outperform product cost twice much,Positive
softwar function aesthet feel somewhat date utilitarian,Neutral
screen clariti speaker output qualiti phenomen truli pleas purchas,Positive
genuin surpris well built unit compar competitor also regard usabl interfac horribl ergonom uncomfort wear hold minut,Positive
chatbot not help human agent took decent howev definit room minor improv,Neutral
complet rip get far good altern half cost also regard usabl interfac effortless ergonom control laid sensibl one hand oper,Negative
work advertis neither great nor bad averag hardwar whole okay balanc pros con,Neutral
deliveri driver extrem unprofession threw parcel gate,Negative
font size display tini unread outdoor sunlight deepli disappoint purchas,Negative
fair price compar exist market altern similar spec,Neutral
bad custom support imagin agent rude abrupt disconnect call also regard usabl interfac font size display tini unread outdoor sunlight,Negative
overhyp overpr thorough disappoint valu proposit also regard custom support agent answer question eventu though seem quit rush,Negative
prompt ship track notif kept updat everi checkpoint,Positive
impress batteri endur intern hardwar run surpris cool definit buy brand,Positive
absurd overpr poor function cheap construct,Negative
app layout adequ would appreci custom option futur updat whole okay balanc pros con,Neutral
inferior product qualiti nowher close advertis technic spec return immedi full refund,Negative
arriv ahead schedul deliveri window safe doorstep drop,Positive
solid build great tactil feedback button feel like expens flagship high recommend anyon look depend option,Positive
excel logist deliveri execut call arriv confirm avail definit buy brand,Positive
inferior product qualiti nowher close advertis technic spec also regard usabl interfac horribl ergonom uncomfort wear hold minut,Negative
companion app intuit beauti design easi navig,Positive
packag arriv pristin condit deliveri courier profession also regard usabl interfac extrem user friend interfac even elder pare not found easi oper,Positive
prompt ship track notif kept updat everi checkpoint also regard product qualiti batteri life around hour manag workday,Positive
touch control hyper sensit regist phantom touch constant strong urg buyer stay away product,Negative
high qualiti materi use exceed expect complet also regard usabl interfac ergonom fine averag hand size might feel bulki smaller grip,Positive
companion app full bug crash continu open also regard deliveri packag disastr deliveri product case crack break due rough transit impact,Negative
help desk refus honor return polici despit clear photograph evid,Negative
extrem user friend interfac even elder pare not found easi oper furthermor overal perform rock solid,Positive
terribl build qualiti cheap creak plastic feel flimsi also regard usabl interfac user interfac clean respons pack customiz shortcut option,Negative
packag lose transit week arriv late torn packag also regard usabl interfac extrem user friend interfac even elder pare not found easi oper,Negative
effortless ergonom control laid sensibl one hand oper furthermor overal perform rock solid,Positive
packag somewhat plain cardboard inner devic safe work basic need not expect miracl,Neutral
fair price rich featur solid build qualiti,Positive
solid build great tactil feedback button feel like expens flagship five star without hesit,Positive
deliveri late box arriv break damag item insid deepli disappoint purchas,Negative
extrem expens mis noten replac part cost devic also regard usabl interfac basic interfac get job done without bell whistl,Negative
excel logist deliveri execut call arriv confirm avail also regard product qualiti genuin surpris well built unit compar competitor,Positive
interfac simpl enough though menu set buri deep,Neutral
packag lose transit week arriv late torn packag return immedi full refund,Negative
custom servic incred help polit resolv issu within minut,Positive
eco friend yet sturdi packag product fulli secur shock also regard price valu got great discount absolut worth everi singl penni spent,Positive
unbeat price perform ratio budget categori high recommend anyon look depend option,Positive
absurd overpr poor function cheap construct frustrat experi overal,Negative
defect unit receiv stop power onli three day also regard custom support except custom care experi truli valu consum,Negative
extrem expens mis noten replac part cost devic not wast time money,Negative
horribl ship experi packag sent wrong citi transit hub twice also regard custom support bad custom support imagin agent rude abrupt disconnect call,Negative
overheat danger within twenti minut moder usag frustrat experi overal,Negative
got queri resolv although transfer depart cumbersom,Neutral
genuin surpris well built unit compar competitor high recommend anyon look depend option,Positive
horribl ergonom uncomfort wear hold minut,Negative
hing break normal open fragil construct shoddi materi also regard deliveri packag disastr deliveri product case crack break due rough transit impact,Negative
custom support answer call wait hold minut still decid whether keep exchang,Neutral
batteri life around hour manag workday still decid whether keep exchang,Neutral
defect unit receiv stop power onli three day,Negative
averag support interact problem solv took longer anticip,Neutral
averag support interact problem solv took longer anticip work basic need not expect miracl,Neutral
support staff polit lack deep technic knowledg devic firmwar,Neutral
pleasant ergonom design comfort hold interact prolong hour also regard custom support support staff polit lack deep technic knowledg devic firmwar,Positive
flawless unbox experi clean premium box design intact seal furthermor overal perform rock solid,Positive
way expens someth lack standard modern basic featur return immedi full refund,Negative
econom price without cut corner essenti function five star without hesit,Positive
disastr deliveri product case crack break due rough transit impact deepli disappoint purchas,Negative
eco friend yet sturdi packag product fulli secur shock also regard product qualiti durabl top notch drop twice accident no damag,Positive
deliveri driver extrem unprofession threw parcel gate also regard custom support support team went beyond arrang immedi replac,Negative
flawless unbox experi clean premium box design intact seal also regard custom support repres courteous listen patient solv configur error,Positive
touch control hyper sensit regist phantom touch constant frustrat experi overal,Negative
impress batteri endur intern hardwar run surpris cool furthermor overal perform rock solid,Positive
immacul packag heavi protect bubbl wrap tamper proof seal,Positive
econom price without cut corner essenti function also regard product qualiti product qualiti okay casual use not expect industri durabl,Positive
price goug finest nowher near worth steep ask price also regard product qualiti screen clariti speaker output qualiti phenomen,Negative
effortless ergonom control laid sensibl one hand oper also regard product qualiti button becam unrespons one week wast hard earn money,Positive
absurd overpr poor function cheap construct not wast time money,Negative
averag support interact problem solv took longer anticip,Neutral
effortless ergonom control laid sensibl one hand oper,Positive
superb hardwar perform finish look premium truli pleas purchas,Positive
flawless unbox experi clean premium box design intact seal high recommend anyon look depend option,Positive
extrem user friend interfac even elder pare not found easi oper,Positive
repres courteous listen patient solv configur error also regard product qualiti batteri life around hour manag workday,Positive
companion app intuit beauti design easi navig,Positive
sever hardwar lag constant crash utter unus work also regard usabl interfac setup straightforward follow manual slight confus otherwis,Negative
price goug finest nowher near worth steep ask price frustrat experi overal,Negative
fair price rich featur solid build qualiti furthermor overal perform rock solid,Positive
companion app full bug crash continu open frustrat experi overal,Negative
good invest made month total bang buck truli pleas purchas,Positive
outer box open product insid break defect,Negative
outstand craftsmanship reliabl perform daili heavi usag five star without hesit,Positive
courier mark packag deliv no one actual came chase day,Negative
pleasant ergonom design comfort hold interact prolong hour,Positive
deliveri late box arriv break damag item insid also regard usabl interfac setup straightforward follow manual slight confus otherwis,Negative
fair price compar exist market altern similar spec whole okay balanc pros con,Neutral
eco friend yet sturdi packag product fulli secur shock,Positive
voic command gestur shortcut work reliabl everi singl time also regard custom support help desk reach hour could faster resolv ticket,Positive
econom price without cut corner essenti function truli pleas purchas,Positive
deliveri driver extrem unprofession threw parcel gate also regard price valu hidden subscript fee not mention product page feel predatori decept,Negative
voic command gestur shortcut work reliabl everi singl time,Positive
ignor warranti claim email two week absolut lack account frustrat experi overal,Negative
font size display tini unread outdoor sunlight,Negative
custom servic incred help polit resolv issu within minut,Positive
help desk reach hour could faster resolv ticket still decid whether keep exchang,Neutral
fair price rich featur solid build qualiti also regard deliveri packag deliveri driver extrem unprofession threw parcel gate,Positive
companion mobil app work fine occasion take second sync data whole okay balanc pros con,Neutral
extrem expens mis noten replac part cost devic,Negative
late deliveri ruin birthday gift surpris complet unreli logist servic,Negative
ergonom fine averag hand size might feel bulki smaller grip also regard deliveri packag deliveri late box arriv break damag item insid,Neutral
button becam unrespons one week wast hard earn money frustrat experi overal,Negative
total wast budget inferior hardwar mark aggress market,Negative
outstand warranti assist hassl free exchang process hour also regard usabl interfac user interfac clean respons pack customiz shortcut option,Positive
support staff polit lack deep technic knowledg devic firmwar,Neutral
genuin surpris well built unit compar competitor also regard usabl interfac basic interfac get job done without bell whistl,Positive
app layout adequ would appreci custom option futur updat also regard product qualiti work flawless straight box zero hardwar defect found,Neutral
outstand craftsmanship reliabl perform daili heavi usag five star without hesit,Positive
mislead promis support execut regard repair turnaround time not wast time money,Negative
repres gave script answer initi later clarifi doubt still decid whether keep exchang,Neutral
fair price rich featur solid build qualiti also regard deliveri packag deliveri person ask otp prompt deliveri took usual standard timefram,Positive
hing break normal open fragil construct shoddi materi,Negative
packag arriv pristin condit deliveri courier profession,Positive
regret buy zero valu money total unjustifi price,Negative
companion mobil app work fine occasion take second sync data howev definit room minor improv,Neutral
support team went beyond arrang immedi replac,Positive
screen clariti speaker output qualiti phenomen definit buy brand,Positive
averag support interact problem solv took longer anticip work basic need not expect miracl,Neutral
repres gave complet incorrect troubleshoot step refus refund return immedi full refund,Negative
fair price rich featur solid build qualiti,Positive
unbeat price perform ratio budget categori furthermor overal perform rock solid,Positive
effortless ergonom control laid sensibl one hand oper definit buy brand,Positive
softwar updat seamless ad realli neat person widget furthermor overal perform rock solid,Positive
track status not updat two day though parcel arriv schedul also regard usabl interfac touch control hyper sensit regist phantom touch constant,Neutral
eco friend yet sturdi packag product fulli secur shock also regard custom support custom servic incred help polit resolv issu within minut,Positive
impress batteri endur intern hardwar run surpris cool also regard deliveri packag packag arriv complet crush soak moistur aw courier handl,Positive
seamless pair process took liter second connect start use,Positive
regret buy zero valu money total unjustifi price,Negative
excel logist deliveri execut call arriv confirm avail five star without hesit,Positive
genuin surpris well built unit compar competitor also regard price valu got great discount absolut worth everi singl penni spent,Positive
technic support team empathet provid swift warranti claim approv furthermor overal perform rock solid,Positive
extrem delay deliveri took two week past schedul arriv date deepli disappoint purchas,Negative
took five day arriv standard transit time locat,Neutral
kept hold minut call got drop hopeless servic,Negative
companion app full bug crash continu open,Negative
hing break normal open fragil construct shoddi materi deepli disappoint purchas,Negative
usabl accept take day two learn curv get accustom also regard deliveri packag packag arriv complet crush soak moistur aw courier handl,Neutral
courier left packag neighbor without inform beforehand receiv safe also regard usabl interfac companion mobil app work fine occasion take second sync data,Neutral
extrem expens mis noten replac part cost devic,Negative
solid build great tactil feedback button feel like expens flagship truli pleas purchas,Positive
work flawless straight box zero hardwar defect found high recommend anyon look depend option,Positive
solid build great tactil feedback button feel like expens flagship also regard custom support support execut follow next day confirm everyth function smooth,Positive
track status not updat two day though parcel arriv schedul,Neutral
decent materi use plastic part feel slight cheap also regard custom support terribl custom care treat like nuisanc ask replac,Neutral
effortless ergonom control laid sensibl one hand oper also regard price valu high end premium featur offer access reason price point,Positive
clean softwar zero bloatwar smooth navig anim furthermor overal perform rock solid,Positive
way expens someth lack standard modern basic featur,Negative
companion app full bug crash continu open also regard product qualiti defect unit receiv stop power onli three day,Negative
ergonom fine averag hand size might feel bulki smaller grip,Neutral
bluetooth connect drop random everi minut infuri use also regard deliveri packag late deliveri ruin birthday gift surpris complet unreli logist servic,Negative
durabl top notch drop twice accident no damag furthermor overal perform rock solid,Positive
softwar updat seamless ad realli neat person widget also regard price valu absurd overpr poor function cheap construct,Positive
grossli overpr feel like cheap ten dollar gadget sold premium rate also regard product qualiti build qualiti accept price noth extraordinari,Negative
setup guid crystal clear diagram painless initi configur also regard price valu grossli overpr feel like cheap ten dollar gadget sold premium rate,Positive
voic command gestur shortcut work reliabl everi singl time also regard price valu valu money averag get pay,Positive
late deliveri ruin birthday gift surpris complet unreli logist servic,Negative
terribl build qualiti cheap creak plastic feel flimsi,Negative
courier mark packag deliv no one actual came chase day also regard custom support terribl custom care treat like nuisanc ask replac,Negative
impress batteri endur intern hardwar run surpris cool definit buy brand,Positive
help desk refus honor return polici despit clear photograph evid also regard price valu total wast budget inferior hardwar mark aggress market,Negative
meet minimum baselin expect lack premium refin whole okay balanc pros con,Neutral
effortless ergonom control laid sensibl one hand oper,Positive
high end premium featur offer access reason price point furthermor overal perform rock solid,Positive
track status not updat two day though parcel arriv schedul work basic need not expect miracl,Neutral
prompt ship track notif kept updat everi checkpoint definit buy brand,Positive
deliveri arriv promis date standard courier servic also regard price valu competit price tag easili good option avail budget rang,Neutral
repres courteous listen patient solv configur error,Positive
batteri drain complet less hour horribl batteri life frustrat experi overal,Negative
flawless unbox experi clean premium box design intact seal,Positive
durabl top notch drop twice accident no damag five star without hesit,Positive
high end premium featur offer access reason price point five star without hesit,Positive
batteri life around hour manag workday howev definit room minor improv,Neutral
regret buy zero valu money total unjustifi price also regard deliveri packag deliveri person ask otp prompt deliveri took usual standard timefram,Negative
way expens someth lack standard modern basic featur,Negative
arriv ahead schedul deliveri window safe doorstep drop also regard usabl interfac complic frustrat setup process confus error code no explan,Positive
track status not updat two day though parcel arriv schedul also regard usabl interfac font size display tini unread outdoor sunlight,Neutral
packag lose transit week arriv late torn packag also regard custom support support team went beyond arrang immedi replac,Negative
extrem user friend interfac even elder pare not found easi oper also regard custom support averag support interact problem solv took longer anticip,Positive
extrem user friend interfac even elder pare not found easi oper,Positive
impress quick secur packag deliv,Positive
solid build great tactil feedback button feel like expens flagship definit buy brand,Positive
font size display tini unread outdoor sunlight return immedi full refund,Negative
got queri resolv although transfer depart cumbersom,Neutral
control respons although button label could clearer,Neutral
high end premium featur offer access reason price point,Positive
repres courteous listen patient solv configur error also regard product qualiti durabl top notch drop twice accident no damag,Positive
super quick dispatch real time live gps track accur five star without hesit,Positive
softwar updat seamless ad realli neat person widget also regard deliveri packag eco friend yet sturdi packag product fulli secur shock,Positive
arriv ahead schedul deliveri window safe doorstep drop,Positive
arriv ahead schedul deliveri window safe doorstep drop,Positive
batteri life around hour manag workday whole okay balanc pros con,Neutral
genuin surpris well built unit compar competitor truli pleas purchas,Positive
genuin surpris well built unit compar competitor high recommend anyon look depend option,Positive
track status not updat two day though parcel arriv schedul whole okay balanc pros con,Neutral
batteri drain complet less hour horribl batteri life also regard usabl interfac control respons although button label could clearer,Negative
hing break normal open fragil construct shoddi materi return immedi full refund,Negative
support staff clueless kept transfer four differ depart not wast time money,Negative
overhyp overpr thorough disappoint valu proposit also regard usabl interfac user interfac clean respons pack customiz shortcut option,Negative
agent answer question eventu though seem quit rush whole okay balanc pros con,Neutral
complic frustrat setup process confus error code no explan return immedi full refund,Negative
complet rip get far good altern half cost also regard deliveri packag packag lose transit week arriv late torn packag,Negative
super quick dispatch real time live gps track accur also regard product qualiti meet minimum baselin expect lack premium refin,Positive
build qualiti accept price noth extraordinari work basic need not expect miracl,Neutral
except deal sale thorough satisfi purchas valu also regard product qualiti high qualiti materi use exceed expect complet,Positive
quick respons time via live chat queri sort profession without delay,Positive
screen clariti speaker output qualiti phenomen,Positive
custom servic incred help polit resolv issu within minut,Positive
grossli overpr feel like cheap ten dollar gadget sold premium rate deepli disappoint purchas,Negative
agent knowledg friend guid step step setup high recommend anyon look depend option,Positive
outstand craftsmanship reliabl perform daili heavi usag also regard usabl interfac firmwar updat brick set menu requir complet factori reset,Positive
defect unit receiv stop power onli three day also regard price valu price goug finest nowher near worth steep ask price,Negative
took five day arriv standard transit time locat,Neutral
terribl build qualiti cheap creak plastic feel flimsi deepli disappoint purchas,Negative
outer box open product insid break defect not wast time money,Negative
companion app demand unnecessari locat contact permiss oper,Negative
inferior product qualiti nowher close advertis technic spec also regard deliveri packag packag adequ minim cushion fortun no damag,Negative
competit price tag easili good option avail budget rang also regard usabl interfac voic command gestur shortcut work reliabl everi singl time,Positive
prompt ship track notif kept updat everi checkpoint truli pleas purchas,Positive
ignor warranti claim email two week absolut lack account also regard deliveri packag outer box open product insid break defect,Negative
high qualiti materi use exceed expect complet high recommend anyon look depend option,Positive
perform mediocr basic task fine stutter multitask,Neutral
regret buy zero valu money total unjustifi price not wast time money,Negative
basic interfac get job done without bell whistl whole okay balanc pros con,Neutral
mislead promis support execut regard repair turnaround time return immedi full refund,Negative
extrem user friend interfac even elder pare not found easi oper,Positive
help desk refus honor return polici despit clear photograph evid,Negative
unbeat price perform ratio budget categori,Positive
unbeat price perform ratio budget categori,Positive
terribl build qualiti cheap creak plastic feel flimsi frustrat experi overal,Negative
repres courteous listen patient solv configur error definit buy brand,Positive
excel logist deliveri execut call arriv confirm avail furthermor overal perform rock solid,Positive
deliveri delay half day due weather track updat also regard usabl interfac aw user interfac design clutter screen counter intuit navig,Neutral
softwar updat seamless ad realli neat person widget,Positive
high qualiti materi use exceed expect complet five star without hesit,Positive
packag arriv complet crush soak moistur aw courier handl frustrat experi overal,Negative
build qualiti except feel sturdi well engin high recommend anyon look depend option,Positive
total wast budget inferior hardwar mark aggress market also regard custom support mislead promis support execut regard repair turnaround time,Negative
good invest made month total bang buck,Positive
ignor warranti claim email two week absolut lack account,Negative
superb hardwar perform finish look premium also regard price valu good invest made month total bang buck,Positive
averag ship speed noth except complain prais,Neutral
got queri resolv although transfer depart cumbersom whole okay balanc pros con,Neutral
impress quick secur packag deliv also regard price valu incred valu money outperform product cost twice much,Positive
econom price without cut corner essenti function also regard custom support custom support answer call wait hold minut,Positive
price accept though replac accessori somewhat expens also regard custom support zero custom support respons autom bot keep loop without human takeov,Neutral
prompt ship track notif kept updat everi checkpoint high recommend anyon look depend option,Positive
total wast budget inferior hardwar mark aggress market,Negative
kept hold minut call got drop hopeless servic,Negative
late deliveri ruin birthday gift surpris complet unreli logist servic also regard price valu fair price rich featur solid build qualiti,Negative
grossli overpr feel like cheap ten dollar gadget sold premium rate also regard custom support support standard took two round email get invoic updat,Negative
pleasant ergonom design comfort hold interact prolong hour high recommend anyon look depend option,Positive
microphon sound muffl distort complet ruin phone call,Negative
outer box open product insid break defect,Negative
hing break normal open fragil construct shoddi materi,Negative
overhyp overpr thorough disappoint valu proposit return immedi full refund,Negative
regret buy zero valu money total unjustifi price,Negative
ignor warranti claim email two week absolut lack account also regard usabl interfac softwar updat seamless ad realli neat person widget,Negative
support team went beyond arrang immedi replac truli pleas purchas,Positive
outstand craftsmanship reliabl perform daili heavi usag also regard price valu price accept though replac accessori somewhat expens,Positive
econom price without cut corner essenti function truli pleas purchas,Positive
eco friend yet sturdi packag product fulli secur shock,Positive
extrem delay deliveri took two week past schedul arriv date return immedi full refund,Negative
standard plastic case seem fine far two week normal use whole okay balanc pros con,Neutral
extrem delay deliveri took two week past schedul arriv date frustrat experi overal,Negative
inferior product qualiti nowher close advertis technic spec,Negative
aw user interfac design clutter screen counter intuit navig also regard price valu valu money averag get pay,Negative
deliveri driver extrem unprofession threw parcel gate frustrat experi overal,Negative
unbeat price perform ratio budget categori definit buy brand,Positive
durabl top notch drop twice accident no damag truli pleas purchas,Positive
averag ship speed noth except complain prais whole okay balanc pros con,Neutral
afford enough student though budget compromis visibl still decid whether keep exchang,Neutral
zero custom support respons autom bot keep loop without human takeov return immedi full refund,Negative
prompt email support clear screenshot instruct high impress also regard usabl interfac companion app full bug crash continu open,Positive
averag ship speed noth except complain prais still decid whether keep exchang,Neutral
competit price tag easili good option avail budget rang also regard usabl interfac clean softwar zero bloatwar smooth navig anim,Positive
took five day arriv standard transit time locat,Neutral
screen clariti speaker output qualiti phenomen,Positive
fair experi help desk noth particular impress terribl howev definit room minor improv,Neutral
got great discount absolut worth everi singl penni spent also regard usabl interfac companion app intuit beauti design easi navig,Positive
support staff clueless kept transfer four differ depart frustrat experi overal,Negative
fair price rich featur solid build qualiti,Positive
lightn fast deliveri arriv full day estim date,Positive
late deliveri ruin birthday gift surpris complet unreli logist servic also regard usabl interfac basic interfac get job done without bell whistl,Negative
overhyp overpr thorough disappoint valu proposit deepli disappoint purchas,Negative
defect unit receiv stop power onli three day,Negative
unbeat price perform ratio budget categori,Positive
decent price wait sale discount want good valu work basic need not expect miracl,Neutral
offer tremend cost effici definit superior pricier brand altern,Positive
fair experi help desk noth particular impress terribl,Neutral
support execut follow next day confirm everyth function smooth also regard deliveri packag eco friend yet sturdi packag product fulli secur shock,Positive
ergonom fine averag hand size might feel bulki smaller grip still decid whether keep exchang,Neutral
screen clariti speaker output qualiti phenomen,Positive
except deal sale thorough satisfi purchas valu,Positive
softwar function aesthet feel somewhat date utilitarian howev definit room minor improv,Neutral
prompt email support clear screenshot instruct high impress,Positive
complic frustrat setup process confus error code no explan,Negative
prompt email support clear screenshot instruct high impress also regard product qualiti build qualiti except feel sturdi well engin,Positive
font size display tini unread outdoor sunlight,Negative
impress quick secur packag deliv furthermor overal perform rock solid,Positive
flimsi packag zero protect pad product arriv visibl dent break part,Negative
fair experi help desk noth particular impress terribl,Neutral
late deliveri ruin birthday gift surpris complet unreli logist servic deepli disappoint purchas,Negative
companion app full bug crash continu open also regard deliveri packag packag somewhat plain cardboard inner devic safe,Negative
took five day arriv standard transit time locat also regard price valu regret buy zero valu money total unjustifi price,Neutral
impress batteri endur intern hardwar run surpris cool also regard usabl interfac setup guid crystal clear diagram painless initi configur,Positive
screen clariti speaker output qualiti phenomen,Positive
absurd overpr poor function cheap construct also regard usabl interfac control respons although button label could clearer,Negative
prompt ship track notif kept updat everi checkpoint truli pleas purchas,Positive
packag lose transit week arriv late torn packag frustrat experi overal,Negative
chatbot not help human agent took decent also regard product qualiti work flawless straight box zero hardwar defect found,Neutral
superb hardwar perform finish look premium also regard deliveri packag outer box open product insid break defect,Positive
prompt email support clear screenshot instruct high impress furthermor overal perform rock solid,Positive
companion app intuit beauti design easi navig,Positive
flawless unbox experi clean premium box design intact seal,Positive
zero custom support respons autom bot keep loop without human takeov return immedi full refund,Negative
packag arriv complet crush soak moistur aw courier handl also regard product qualiti durabl top notch drop twice accident no damag,Negative
fair experi help desk noth particular impress terribl howev definit room minor improv,Neutral
perform mediocr basic task fine stutter multitask,Neutral
terribl custom care treat like nuisanc ask replac also regard deliveri packag packag somewhat plain cardboard inner devic safe,Negative
fair experi help desk noth particular impress terribl also regard product qualiti button becam unrespons one week wast hard earn money,Neutral
packag arriv pristin condit deliveri courier profession,Positive
zero custom support respons autom bot keep loop without human takeov,Negative
support execut follow next day confirm everyth function smooth,Positive
impress quick secur packag deliv also regard custom support got queri resolv although transfer depart cumbersom,Positive
overhyp overpr thorough disappoint valu proposit also regard custom support custom support answer call wait hold minut,Negative
complic frustrat setup process confus error code no explan deepli disappoint purchas,Negative
support standard took two round email get invoic updat whole okay balanc pros con,Neutral
afford enough student though budget compromis visibl whole okay balanc pros con,Neutral
immacul packag heavi protect bubbl wrap tamper proof seal five star without hesit,Positive
companion app demand unnecessari locat contact permiss oper also regard custom support repres gave script answer initi later clarifi doubt,Negative
got great discount absolut worth everi singl penni spent high recommend anyon look depend option,Positive
lightn fast deliveri arriv full day estim date,Positive
extrem user friend interfac even elder pare not found easi oper also regard price valu total wast budget inferior hardwar mark aggress market,Positive
flawless unbox experi clean premium box design intact seal definit buy brand,Positive
font size display tini unread outdoor sunlight strong urg buyer stay away product,Negative
justifi price tag not expect premium flagship luxuri,Neutral
support team went beyond arrang immedi replac also regard deliveri packag arriv ahead schedul deliveri window safe doorstep drop,Positive
flawless unbox experi clean premium box design intact seal five star without hesit,Positive
screen clariti speaker output qualiti phenomen definit buy brand,Positive
seamless pair process took liter second connect start use also regard deliveri packag super quick dispatch real time live gps track accur,Positive
screen clariti speaker output qualiti phenomen,Positive
complet rip get far good altern half cost,Negative
high end premium featur offer access reason price point also regard custom support quick respons time via live chat queri sort profession without delay,Positive
user interfac clean respons pack customiz shortcut option five star without hesit,Positive
repres gave complet incorrect troubleshoot step refus refund,Negative
hidden subscript fee not mention product page feel predatori decept,Negative
companion app full bug crash continu open return immedi full refund,Negative
firmwar updat brick set menu requir complet factori reset,Negative
control respons although button label could clearer still decid whether keep exchang,Neutral
packag somewhat plain cardboard inner devic safe work basic need not expect miracl,Neutral
microphon sound muffl distort complet ruin phone call not wast time money,Negative
extrem delay deliveri took two week past schedul arriv date frustrat experi overal,Negative
meet minimum baselin expect lack premium refin whole okay balanc pros con,Neutral
overheat danger within twenti minut moder usag,Negative
extrem user friend interfac even elder pare not found easi oper also regard price valu grossli overpr feel like cheap ten dollar gadget sold premium rate,Positive
companion mobil app work fine occasion take second sync data also regard custom support quick respons time via live chat queri sort profession without delay,Neutral
support execut follow next day confirm everyth function smooth also regard price valu price reason get neither steal nor overpr,Positive
regret buy zero valu money total unjustifi price not wast time money,Negative
touch control hyper sensit regist phantom touch constant also regard deliveri packag packag arriv complet crush soak moistur aw courier handl,Negative
batteri life around hour manag workday also regard usabl interfac app layout adequ would appreci custom option futur updat,Neutral
bit higher side accept given current market inflat whole okay balanc pros con,Neutral
disastr deliveri product case crack break due rough transit impact also regard usabl interfac firmwar updat brick set menu requir complet factori reset,Negative
grossli overpr feel like cheap ten dollar gadget sold premium rate strong urg buyer stay away product,Negative
deliveri late box arriv break damag item insid,Negative
flawless unbox experi clean premium box design intact seal furthermor overal perform rock solid,Positive
impress batteri endur intern hardwar run surpris cool also regard custom support agent knowledg friend guid step step setup,Positive
interfac simpl enough though menu set buri deep howev definit room minor improv,Neutral
overheat danger within twenti minut moder usag,Negative
microphon sound muffl distort complet ruin phone call deepli disappoint purchas,Negative
got great discount absolut worth everi singl penni spent definit buy brand,Positive
disastr deliveri product case crack break due rough transit impact return immedi full refund,Negative
way expens someth lack standard modern basic featur return immedi full refund,Negative
impress quick secur packag deliv also regard price valu absurd overpr poor function cheap construct,Positive
user interfac clean respons pack customiz shortcut option,Positive
screen clariti speaker output qualiti phenomen also regard price valu high end premium featur offer access reason price point,Positive
softwar updat seamless ad realli neat person widget also regard custom support repres courteous listen patient solv configur error,Positive
regret buy zero valu money total unjustifi price,Negative
clunki ui lag make standard navig feel pain slow unrespons strong urg buyer stay away product,Negative
arriv ahead schedul deliveri window safe doorstep drop also regard product qualiti batteri life around hour manag workday,Positive
disastr deliveri product case crack break due rough transit impact,Negative
screen clariti speaker output qualiti phenomen also regard deliveri packag horribl ship experi packag sent wrong citi transit hub twice,Positive
prompt email support clear screenshot instruct high impress,Positive
overheat danger within twenti minut moder usag deepli disappoint purchas,Negative
extrem user friend interfac even elder pare not found easi oper,Positive
bad custom support imagin agent rude abrupt disconnect call deepli disappoint purchas,Negative
superb hardwar perform finish look premium,Positive
inferior product qualiti nowher close advertis technic spec return immedi full refund,Negative
custom servic incred help polit resolv issu within minut also regard price valu complet rip get far good altern half cost,Positive
regret buy zero valu money total unjustifi price also regard custom support kept hold minut call got drop hopeless servic,Negative
technic support team empathet provid swift warranti claim approv,Positive
technic support team empathet provid swift warranti claim approv also regard price valu except deal sale thorough satisfi purchas valu,Positive
impress quick secur packag deliv furthermor overal perform rock solid,Positive
support execut follow next day confirm everyth function smooth,Positive
aw post purchas servic money stop care complet also regard deliveri packag outer box open product insid break defect,Negative
extrem user friend interfac even elder pare not found easi oper also regard deliveri packag courier mark packag deliv no one actual came chase day,Positive
good invest made month total bang buck furthermor overal perform rock solid,Positive
flawless unbox experi clean premium box design intact seal truli pleas purchas,Positive
averag ship speed noth except complain prais whole okay balanc pros con,Neutral
durabl top notch drop twice accident no damag also regard deliveri packag impress quick secur packag deliv,Positive
terribl build qualiti cheap creak plastic feel flimsi also regard usabl interfac clunki ui lag make standard navig feel pain slow unrespons,Negative
durabl top notch drop twice accident no damag definit buy brand,Positive
aw post purchas servic money stop care complet,Negative
impress batteri endur intern hardwar run surpris cool truli pleas purchas,Positive
agent knowledg friend guid step step setup,Positive
excel logist deliveri execut call arriv confirm avail also regard custom support got queri resolv although transfer depart cumbersom,Positive
flimsi packag zero protect pad product arriv visibl dent break part frustrat experi overal,Negative
support staff clueless kept transfer four differ depart,Negative
basic interfac get job done without bell whistl,Neutral
meet minimum baselin expect lack premium refin also regard usabl interfac setup straightforward follow manual slight confus otherwis,Neutral
user interfac clean respons pack customiz shortcut option also regard deliveri packag packag arriv complet crush soak moistur aw courier handl,Positive
good invest made month total bang buck high recommend anyon look depend option,Positive
lightn fast deliveri arriv full day estim date also regard product qualiti inferior product qualiti nowher close advertis technic spec,Positive
companion app full bug crash continu open frustrat experi overal,Negative
screen dead pixel right center complet unaccept qa,Negative
button becam unrespons one week wast hard earn money also regard price valu offer tremend cost effici definit superior pricier brand altern,Negative
touch control hyper sensit regist phantom touch constant deepli disappoint purchas,Negative
packag lose transit week arriv late torn packag,Negative
fair experi help desk noth particular impress terribl,Neutral
support execut follow next day confirm everyth function smooth,Positive
offer tremend cost effici definit superior pricier brand altern also regard usabl interfac softwar function aesthet feel somewhat date utilitarian,Positive
build qualiti except feel sturdi well engin also regard custom support custom servic incred help polit resolv issu within minut,Positive
super quick dispatch real time live gps track accur,Positive
user interfac clean respons pack customiz shortcut option high recommend anyon look depend option,Positive
except custom care experi truli valu consum definit buy brand,Positive
app layout adequ would appreci custom option futur updat,Neutral
basic interfac get job done without bell whistl,Neutral
price goug finest nowher near worth steep ask price also regard deliveri packag flawless unbox experi clean premium box design intact seal,Negative
quick respons time via live chat queri sort profession without delay,Positive
support execut follow next day confirm everyth function smooth high recommend anyon look depend option,Positive
offer tremend cost effici definit superior pricier brand altern also regard product qualiti sever hardwar lag constant crash utter unus work,Positive
afford enough student though budget compromis visibl still decid whether keep exchang,Neutral
meet minimum baselin expect lack premium refin,Neutral
ergonom fine averag hand size might feel bulki smaller grip also regard deliveri packag packag arriv pristin condit deliveri courier profession,Neutral
pleasant ergonom design comfort hold interact prolong hour also regard price valu high end premium featur offer access reason price point,Positive
eco friend yet sturdi packag product fulli secur shock also regard price valu price appropri though competitor brand offer similar featur slight cheaper,Positive
prompt email support clear screenshot instruct high impress,Positive
high end premium featur offer access reason price point,Positive
quick respons time via live chat queri sort profession without delay definit buy brand,Positive
good invest made month total bang buck truli pleas purchas,Positive
incred valu money outperform product cost twice much definit buy brand,Positive
prompt ship track notif kept updat everi checkpoint also regard product qualiti inferior product qualiti nowher close advertis technic spec,Positive
aw post purchas servic money stop care complet also regard deliveri packag late deliveri ruin birthday gift surpris complet unreli logist servic,Negative
solid build great tactil feedback button feel like expens flagship definit buy brand,Positive
packag lose transit week arriv late torn packag,Negative
total wast budget inferior hardwar mark aggress market also regard usabl interfac usabl accept take day two learn curv get accustom,Negative
support execut follow next day confirm everyth function smooth five star without hesit,Positive
extrem user friend interfac even elder pare not found easi oper also regard deliveri packag track status not updat two day though parcel arriv schedul,Positive
screen clariti speaker output qualiti phenomen also regard usabl interfac firmwar updat brick set menu requir complet factori reset,Positive
price goug finest nowher near worth steep ask price,Negative
packag arriv pristin condit deliveri courier profession furthermor overal perform rock solid,Positive
companion app intuit beauti design easi navig,Positive
absurd overpr poor function cheap construct,Negative
outstand craftsmanship reliabl perform daili heavi usag also regard usabl interfac pleasant ergonom design comfort hold interact prolong hour,Positive
support staff clueless kept transfer four differ depart also regard usabl interfac softwar function aesthet feel somewhat date utilitarian,Negative
microphon sound muffl distort complet ruin phone call also regard price valu decent price wait sale discount want good valu,Negative
button becam unrespons one week wast hard earn money,Negative
companion app demand unnecessari locat contact permiss oper return immedi full refund,Negative
got great discount absolut worth everi singl penni spent high recommend anyon look depend option,Positive
microphon sound muffl distort complet ruin phone call return immedi full refund,Negative
pleasant ergonom design comfort hold interact prolong hour high recommend anyon look depend option,Positive
solid build great tactil feedback button feel like expens flagship also regard custom support help desk refus honor return polici despit clear photograph evid,Positive
repres gave script answer initi later clarifi doubt,Neutral
valu money averag get pay,Neutral
aw post purchas servic money stop care complet also regard price valu cost match output qualiti straightforward transact,Negative
softwar updat seamless ad realli neat person widget also regard custom support bad custom support imagin agent rude abrupt disconnect call,Positive
product qualiti okay casual use not expect industri durabl also regard deliveri packag deliveri person ask otp prompt deliveri took usual standard timefram,Neutral
except custom care experi truli valu consum,Positive
complet rip get far good altern half cost,Negative
overhyp overpr thorough disappoint valu proposit also regard usabl interfac initi bluetooth pair requir retri work stabli afterward,Negative
bad custom support imagin agent rude abrupt disconnect call also regard deliveri packag packag arriv complet crush soak moistur aw courier handl,Negative
averag ship speed noth except complain prais,Neutral
companion mobil app work fine occasion take second sync data whole okay balanc pros con,Neutral
work advertis neither great nor bad averag hardwar also regard price valu absurd overpr poor function cheap construct,Neutral
clean softwar zero bloatwar smooth navig anim truli pleas purchas,Positive
quick respons time via live chat queri sort profession without delay high recommend anyon look depend option,Positive
voic command gestur shortcut work reliabl everi singl time also regard custom support quick respons time via live chat queri sort profession without delay,Positive
terribl custom care treat like nuisanc ask replac,Negative
support standard took two round email get invoic updat,Neutral
arriv ahead schedul deliveri window safe doorstep drop definit buy brand,Positive
agent knowledg friend guid step step setup truli pleas purchas,Positive
basic interfac get job done without bell whistl also regard custom support agent knowledg friend guid step step setup,Neutral
justifi price tag not expect premium flagship luxuri whole okay balanc pros con,Neutral
averag ship speed noth except complain prais,Neutral
quick respons time via live chat queri sort profession without delay,Positive
complic frustrat setup process confus error code no explan,Negative
pleasant ergonom design comfort hold interact prolong hour also regard custom support prompt email support clear screenshot instruct high impress,Positive
outstand warranti assist hassl free exchang process hour,Positive
zero custom support respons autom bot keep loop without human takeov,Negative
way expens someth lack standard modern basic featur,Negative
support team went beyond arrang immedi replac also regard product qualiti hardwar averag noth write home job,Positive
fair price rich featur solid build qualiti,Positive
outer box open product insid break defect also regard price valu absurd overpr poor function cheap construct,Negative
setup guid crystal clear diagram painless initi configur,Positive
total wast budget inferior hardwar mark aggress market also regard custom support help desk refus honor return polici despit clear photograph evid,Negative
terribl custom care treat like nuisanc ask replac deepli disappoint purchas,Negative
absurd overpr poor function cheap construct,Negative
support staff polit lack deep technic knowledg devic firmwar,Neutral
support standard took two round email get invoic updat,Neutral
valu money averag get pay still decid whether keep exchang,Neutral
agent answer question eventu though seem quit rush,Neutral
hing break normal open fragil construct shoddi materi also regard usabl interfac complic frustrat setup process confus error code no explan,Negative
packag adequ minim cushion fortun no damag also regard custom support support staff clueless kept transfer four differ depart,Neutral
repres gave script answer initi later clarifi doubt work basic need not expect miracl,Neutral
terribl build qualiti cheap creak plastic feel flimsi,Negative
bad custom support imagin agent rude abrupt disconnect call also regard product qualiti superb hardwar perform finish look premium,Negative
flawless unbox experi clean premium box design intact seal,Positive
outstand craftsmanship reliabl perform daili heavi usag also regard deliveri packag courier left packag neighbor without inform beforehand receiv safe,Positive
lightn fast deliveri arriv full day estim date also regard custom support quick respons time via live chat queri sort profession without delay,Positive
companion app full bug crash continu open deepli disappoint purchas,Negative
pleasant ergonom design comfort hold interact prolong hour high recommend anyon look depend option,Positive
overhyp overpr thorough disappoint valu proposit,Negative
support execut follow next day confirm everyth function smooth also regard product qualiti batteri life around hour manag workday,Positive
disastr deliveri product case crack break due rough transit impact return immedi full refund,Negative
high qualiti materi use exceed expect complet definit buy brand,Positive
packag lose transit week arriv late torn packag strong urg buyer stay away product,Negative
clunki ui lag make standard navig feel pain slow unrespons also regard custom support except custom care experi truli valu consum,Negative
ignor warranti claim email two week absolut lack account not wast time money,Negative
repres gave complet incorrect troubleshoot step refus refund deepli disappoint purchas,Negative
arriv ahead schedul deliveri window safe doorstep drop,Positive
good invest made month total bang buck,Positive
build qualiti accept price noth extraordinari also regard deliveri packag took five day arriv standard transit time locat,Neutral
look fine aesthet though structur rigid could improv also regard deliveri packag packag somewhat plain cardboard inner devic safe,Neutral
overheat danger within twenti minut moder usag not wast time money,Negative
support standard took two round email get invoic updat,Neutral
got great discount absolut worth everi singl penni spent also regard usabl interfac voic command gestur shortcut work reliabl everi singl time,Positive
interfac simpl enough though menu set buri deep also regard custom support outstand warranti assist hassl free exchang process hour,Neutral
support execut follow next day confirm everyth function smooth also regard usabl interfac basic interfac get job done without bell whistl,Positive
clean softwar zero bloatwar smooth navig anim also regard price valu decent price wait sale discount want good valu,Positive
unbeat price perform ratio budget categori five star without hesit,Positive
impress quick secur packag deliv,Positive
button becam unrespons one week wast hard earn money strong urg buyer stay away product,Negative
price reason get neither steal nor overpr work basic need not expect miracl,Neutral
hidden subscript fee not mention product page feel predatori decept also regard custom support fair experi help desk noth particular impress terribl,Negative
incred valu money outperform product cost twice much also regard deliveri packag super quick dispatch real time live gps track accur,Positive
mislead promis support execut regard repair turnaround time return immedi full refund,Negative
repres courteous listen patient solv configur error furthermor overal perform rock solid,Positive
high qualiti materi use exceed expect complet also regard price valu grossli overpr feel like cheap ten dollar gadget sold premium rate,Positive
perform mediocr basic task fine stutter multitask,Neutral
overhyp overpr thorough disappoint valu proposit deepli disappoint purchas,Negative
ignor warranti claim email two week absolut lack account,Negative
impress quick secur packag deliv also regard price valu bit higher side accept given current market inflat,Positive
deliveri delay half day due weather track updat,Neutral
agent knowledg friend guid step step setup,Positive
immacul packag heavi protect bubbl wrap tamper proof seal,Positive
deliveri person ask otp prompt deliveri took usual standard timefram howev definit room minor improv,Neutral
impress quick secur packag deliv definit buy brand,Positive
complet rip get far good altern half cost also regard product qualiti defect unit receiv stop power onli three day,Negative
high qualiti materi use exceed expect complet also regard usabl interfac clean softwar zero bloatwar smooth navig anim,Positive
button becam unrespons one week wast hard earn money,Negative
offer tremend cost effici definit superior pricier brand altern,Positive
companion app intuit beauti design easi navig truli pleas purchas,Positive
eco friend yet sturdi packag product fulli secur shock,Positive
late deliveri ruin birthday gift surpris complet unreli logist servic,Negative
work advertis neither great nor bad averag hardwar work basic need not expect miracl,Neutral
outer box open product insid break defect deepli disappoint purchas,Negative
extrem user friend interfac even elder pare not found easi oper,Positive
pleasant ergonom design comfort hold interact prolong hour also regard price valu price accept though replac accessori somewhat expens,Positive
impress batteri endur intern hardwar run surpris cool also regard custom support quick respons time via live chat queri sort profession without delay,Positive
companion app demand unnecessari locat contact permiss oper also regard custom support technic support team empathet provid swift warranti claim approv,Negative
grossli overpr feel like cheap ten dollar gadget sold premium rate also regard product qualiti hardwar averag noth write home job,Negative
price goug finest nowher near worth steep ask price,Negative
support staff polit lack deep technic knowledg devic firmwar also regard product qualiti batteri life around hour manag workday,Neutral
price goug finest nowher near worth steep ask price,Negative
technic support team empathet provid swift warranti claim approv five star without hesit,Positive
got great discount absolut worth everi singl penni spent,Positive
econom price without cut corner essenti function,Positive
prompt ship track notif kept updat everi checkpoint also regard price valu valu money averag get pay,Positive
overhyp overpr thorough disappoint valu proposit also regard usabl interfac aw user interfac design clutter screen counter intuit navig,Negative
unbeat price perform ratio budget categori truli pleas purchas,Positive
firmwar updat brick set menu requir complet factori reset,Negative
extrem user friend interfac even elder pare not found easi oper definit buy brand,Positive
quick respons time via live chat queri sort profession without delay also regard deliveri packag packag lose transit week arriv late torn packag,Positive
help desk refus honor return polici despit clear photograph evid,Negative
except deal sale thorough satisfi purchas valu,Positive
softwar function aesthet feel somewhat date utilitarian still decid whether keep exchang,Neutral
complic frustrat setup process confus error code no explan also regard product qualiti meet minimum baselin expect lack premium refin,Negative
support staff clueless kept transfer four differ depart,Negative
overheat danger within twenti minut moder usag strong urg buyer stay away product,Negative
super quick dispatch real time live gps track accur also regard product qualiti screen dead pixel right center complet unaccept qa,Positive
flimsi packag zero protect pad product arriv visibl dent break part also regard usabl interfac firmwar updat brick set menu requir complet factori reset,Negative
build qualiti except feel sturdi well engin high recommend anyon look depend option,Positive
durabl top notch drop twice accident no damag also regard price valu way expens someth lack standard modern basic featur,Positive
averag support interact problem solv took longer anticip,Neutral
disastr deliveri product case crack break due rough transit impact strong urg buyer stay away product,Negative
support standard took two round email get invoic updat,Neutral
build qualiti except feel sturdi well engin,Positive
standard plastic case seem fine far two week normal use also regard usabl interfac initi bluetooth pair requir retri work stabli afterward,Neutral
inferior product qualiti nowher close advertis technic spec frustrat experi overal,Negative
hidden subscript fee not mention product page feel predatori decept strong urg buyer stay away product,Negative
clean softwar zero bloatwar smooth navig anim also regard price valu regret buy zero valu money total unjustifi price,Positive
support execut follow next day confirm everyth function smooth high recommend anyon look depend option,Positive
build qualiti except feel sturdi well engin also regard deliveri packag deliveri person ask otp prompt deliveri took usual standard timefram,Positive
prompt ship track notif kept updat everi checkpoint truli pleas purchas,Positive
control respons although button label could clearer whole okay balanc pros con,Neutral
total wast budget inferior hardwar mark aggress market,Negative
support execut follow next day confirm everyth function smooth high recommend anyon look depend option,Positive
got great discount absolut worth everi singl penni spent truli pleas purchas,Positive
support team went beyond arrang immedi replac,Positive
companion app full bug crash continu open not wast time money,Negative
got queri resolv although transfer depart cumbersom,Neutral
deliveri person ask otp prompt deliveri took usual standard timefram whole okay balanc pros con,Neutral
zero custom support respons autom bot keep loop without human takeov,Negative
incred valu money outperform product cost twice much,Positive
immacul packag heavi protect bubbl wrap tamper proof seal also regard price valu decent price wait sale discount want good valu,Positive
quick respons time via live chat queri sort profession without delay,Positive
touch control hyper sensit regist phantom touch constant,Negative
unbeat price perform ratio budget categori also regard product qualiti outstand craftsmanship reliabl perform daili heavi usag,Positive
arriv ahead schedul deliveri window safe doorstep drop,Positive
flawless unbox experi clean premium box design intact seal,Positive
repres gave complet incorrect troubleshoot step refus refund,Negative
screen clariti speaker output qualiti phenomen also regard price valu good invest made month total bang buck,Positive
screen clariti speaker output qualiti phenomen high recommend anyon look depend option,Positive
help desk refus honor return polici despit clear photograph evid not wast time money,Negative
companion app intuit beauti design easi navig also regard price valu fair price compar exist market altern similar spec,Positive
setup straightforward follow manual slight confus otherwis,Neutral
impress batteri endur intern hardwar run surpris cool,Positive
font size display tini unread outdoor sunlight,Negative
setup guid crystal clear diagram painless initi configur,Positive
deliveri delay half day due weather track updat,Neutral
outstand warranti assist hassl free exchang process hour furthermor overal perform rock solid,Positive
batteri drain complet less hour horribl batteri life deepli disappoint purchas,Negative
except deal sale thorough satisfi purchas valu also regard custom support support execut follow next day confirm everyth function smooth,Positive
decent price wait sale discount want good valu also regard deliveri packag packag lose transit week arriv late torn packag,Neutral
lightn fast deliveri arriv full day estim date definit buy brand,Positive
track status not updat two day though parcel arriv schedul also regard product qualiti solid build great tactil feedback button feel like expens flagship,Neutral
high end premium featur offer access reason price point also regard product qualiti build qualiti except feel sturdi well engin,Positive
extrem user friend interfac even elder pare not found easi oper,Positive
absurd overpr poor function cheap construct also regard product qualiti work flawless straight box zero hardwar defect found,Negative
custom servic incred help polit resolv issu within minut furthermor overal perform rock solid,Positive
complic frustrat setup process confus error code no explan strong urg buyer stay away product,Negative
econom price without cut corner essenti function,Positive
complet rip get far good altern half cost strong urg buyer stay away product,Negative
microphon sound muffl distort complet ruin phone call,Negative
unbeat price perform ratio budget categori,Positive
custom servic incred help polit resolv issu within minut,Positive
interfac simpl enough though menu set buri deep,Neutral
outer box open product insid break defect also regard custom support agent knowledg friend guid step step setup,Negative
packag arriv complet crush soak moistur aw courier handl also regard custom support support standard took two round email get invoic updat,Negative
ergonom fine averag hand size might feel bulki smaller grip work basic need not expect miracl,Neutral
setup guid crystal clear diagram painless initi configur also regard product qualiti durabl top notch drop twice accident no damag,Positive
chatbot not help human agent took decent,Neutral
clean softwar zero bloatwar smooth navig anim also regard price valu incred valu money outperform product cost twice much,Positive
screen clariti speaker output qualiti phenomen definit buy brand,Positive
complic frustrat setup process confus error code no explan,Negative
interfac simpl enough though menu set buri deep work basic need not expect miracl,Neutral
competit price tag easili good option avail budget rang furthermor overal perform rock solid,Positive
help desk refus honor return polici despit clear photograph evid,Negative
softwar function aesthet feel somewhat date utilitarian howev definit room minor improv,Neutral
firmwar updat brick set menu requir complet factori reset deepli disappoint purchas,Negative
user interfac clean respons pack customiz shortcut option five star without hesit,Positive
superb hardwar perform finish look premium high recommend anyon look depend option,Positive
clean softwar zero bloatwar smooth navig anim,Positive
repres gave complet incorrect troubleshoot step refus refund deepli disappoint purchas,Negative
genuin surpris well built unit compar competitor truli pleas purchas,Positive
total wast budget inferior hardwar mark aggress market strong urg buyer stay away product,Negative
way expens someth lack standard modern basic featur,Negative
valu money averag get pay,Neutral
offer tremend cost effici definit superior pricier brand altern,Positive
packag adequ minim cushion fortun no damag also regard usabl interfac app layout adequ would appreci custom option futur updat,Neutral
terribl custom care treat like nuisanc ask replac deepli disappoint purchas,Negative
extrem expens mis noten replac part cost devic frustrat experi overal,Negative
high end premium featur offer access reason price point high recommend anyon look depend option,Positive
fair price rich featur solid build qualiti,Positive
price goug finest nowher near worth steep ask price also regard usabl interfac clean softwar zero bloatwar smooth navig anim,Negative
deliveri person ask otp prompt deliveri took usual standard timefram also regard custom support except custom care experi truli valu consum,Neutral
deliveri late box arriv break damag item insid also regard usabl interfac setup guid crystal clear diagram painless initi configur,Negative
complic frustrat setup process confus error code no explan return immedi full refund,Negative
companion app full bug crash continu open return immedi full refund,Negative
good invest made month total bang buck furthermor overal perform rock solid,Positive
impress batteri endur intern hardwar run surpris cool five star without hesit,Positive
impress quick secur packag deliv five star without hesit,Positive
hardwar averag noth write home job also regard usabl interfac companion app intuit beauti design easi navig,Neutral
look fine aesthet though structur rigid could improv,Neutral
packag arriv pristin condit deliveri courier profession furthermor overal perform rock solid,Positive
terribl custom care treat like nuisanc ask replac also regard deliveri packag immacul packag heavi protect bubbl wrap tamper proof seal,Negative
fair price rich featur solid build qualiti five star without hesit,Positive
afford enough student though budget compromis visibl also regard deliveri packag horribl ship experi packag sent wrong citi transit hub twice,Neutral
overheat danger within twenti minut moder usag return immedi full refund,Negative
competit price tag easili good option avail budget rang also regard product qualiti build qualiti accept price noth extraordinari,Positive
prompt ship track notif kept updat everi checkpoint high recommend anyon look depend option,Positive
build qualiti except feel sturdi well engin,Positive
packag arriv pristin condit deliveri courier profession definit buy brand,Positive
price appropri though competitor brand offer similar featur slight cheaper also regard product qualiti screen clariti speaker output qualiti phenomen,Neutral
late deliveri ruin birthday gift surpris complet unreli logist servic return immedi full refund,Negative
control respons although button label could clearer also regard deliveri packag track status not updat two day though parcel arriv schedul,Neutral
kept hold minut call got drop hopeless servic also regard price valu unbeat price perform ratio budget categori,Negative
deliveri arriv promis date standard courier servic,Neutral
lightn fast deliveri arriv full day estim date high recommend anyon look depend option,Positive
inferior product qualiti nowher close advertis technic spec frustrat experi overal,Negative
durabl top notch drop twice accident no damag high recommend anyon look depend option,Positive
disastr deliveri product case crack break due rough transit impact also regard product qualiti product qualiti okay casual use not expect industri durabl,Negative
cost match output qualiti straightforward transact still decid whether keep exchang,Neutral
screen clariti speaker output qualiti phenomen also regard deliveri packag packag lose transit week arriv late torn packag,Positive
horribl ship experi packag sent wrong citi transit hub twice also regard price valu total wast budget inferior hardwar mark aggress market,Negative
terribl custom care treat like nuisanc ask replac,Negative
econom price without cut corner essenti function also regard product qualiti look fine aesthet though structur rigid could improv,Positive
decent price wait sale discount want good valu whole okay balanc pros con,Neutral
prompt ship track notif kept updat everi checkpoint furthermor overal perform rock solid,Positive
fair price compar exist market altern similar spec,Neutral
genuin surpris well built unit compar competitor also regard usabl interfac interfac simpl enough though menu set buri deep,Positive
microphon sound muffl distort complet ruin phone call,Negative
build qualiti except feel sturdi well engin,Positive
price reason get neither steal nor overpr work basic need not expect miracl,Neutral
perform mediocr basic task fine stutter multitask also regard deliveri packag courier left packag neighbor without inform beforehand receiv safe,Neutral
fair experi help desk noth particular impress terribl also regard usabl interfac control respons although button label could clearer,Neutral
repres gave script answer initi later clarifi doubt still decid whether keep exchang,Neutral
super quick dispatch real time live gps track accur high recommend anyon look depend option,Positive
support staff clueless kept transfer four differ depart deepli disappoint purchas,Negative
pleasant ergonom design comfort hold interact prolong hour high recommend anyon look depend option,Positive
outer box slight wrinkl intern cushion protect merchandis still decid whether keep exchang,Neutral
repres courteous listen patient solv configur error also regard usabl interfac seamless pair process took liter second connect start use,Positive
impress batteri endur intern hardwar run surpris cool,Positive
repres courteous listen patient solv configur error also regard usabl interfac setup guid crystal clear diagram painless initi configur,Positive
ignor warranti claim email two week absolut lack account also regard usabl interfac interfac simpl enough though menu set buri deep,Negative
outstand warranti assist hassl free exchang process hour furthermor overal perform rock solid,Positive
unbeat price perform ratio budget categori definit buy brand,Positive
price reason get neither steal nor overpr whole okay balanc pros con,Neutral
softwar function aesthet feel somewhat date utilitarian work basic need not expect miracl,Neutral
courier mark packag deliv no one actual came chase day also regard price valu price goug finest nowher near worth steep ask price,Negative
softwar updat seamless ad realli neat person widget also regard price valu bit higher side accept given current market inflat,Positive
technic support team empathet provid swift warranti claim approv also regard deliveri packag packag lose transit week arriv late torn packag,Positive
basic interfac get job done without bell whistl whole okay balanc pros con,Neutral
clean softwar zero bloatwar smooth navig anim five star without hesit,Positive
app layout adequ would appreci custom option futur updat,Neutral
price reason get neither steal nor overpr work basic need not expect miracl,Neutral
courier mark packag deliv no one actual came chase day also regard product qualiti durabl top notch drop twice accident no damag,Negative
screen clariti speaker output qualiti phenomen,Positive
aw post purchas servic money stop care complet,Negative
averag support interact problem solv took longer anticip also regard deliveri packag deliveri arriv promis date standard courier servic,Neutral
offer tremend cost effici definit superior pricier brand altern also regard deliveri packag outer box slight wrinkl intern cushion protect merchandis,Positive
support standard took two round email get invoic updat work basic need not expect miracl,Neutral
screen clariti speaker output qualiti phenomen,Positive
pleasant ergonom design comfort hold interact prolong hour also regard deliveri packag lightn fast deliveri arriv full day estim date,Positive
custom servic incred help polit resolv issu within minut furthermor overal perform rock solid,Positive
quick respons time via live chat queri sort profession without delay also regard usabl interfac companion app full bug crash continu open,Positive
companion mobil app work fine occasion take second sync data howev definit room minor improv,Neutral
packag arriv pristin condit deliveri courier profession truli pleas purchas,Positive
extrem delay deliveri took two week past schedul arriv date not wast time money,Negative
prompt email support clear screenshot instruct high impress furthermor overal perform rock solid,Positive
way expens someth lack standard modern basic featur,Negative
high end premium featur offer access reason price point also regard deliveri packag outer box slight wrinkl intern cushion protect merchandis,Positive
durabl top notch drop twice accident no damag also regard price valu econom price without cut corner essenti function,Positive
arriv ahead schedul deliveri window safe doorstep drop also regard price valu price reason get neither steal nor overpr,Positive
build qualiti except feel sturdi well engin also regard deliveri packag packag arriv pristin condit deliveri courier profession,Positive
arriv ahead schedul deliveri window safe doorstep drop also regard price valu absurd overpr poor function cheap construct,Positive
good invest made month total bang buck,Positive
packag arriv pristin condit deliveri courier profession,Positive
bad custom support imagin agent rude abrupt disconnect call also regard deliveri packag immacul packag heavi protect bubbl wrap tamper proof seal,Negative
kept hold minut call got drop hopeless servic also regard price valu price goug finest nowher near worth steep ask price,Negative
outer box slight wrinkl intern cushion protect merchandis,Neutral
offer tremend cost effici definit superior pricier brand altern,Positive
got great discount absolut worth everi singl penni spent also regard usabl interfac companion mobil app work fine occasion take second sync data,Positive
price reason get neither steal nor overpr also regard deliveri packag courier left packag neighbor without inform beforehand receiv safe,Neutral
companion app full bug crash continu open deepli disappoint purchas,Negative
packag arriv pristin condit deliveri courier profession also regard product qualiti screen clariti speaker output qualiti phenomen,Positive
impress quick secur packag deliv also regard product qualiti superb hardwar perform finish look premium,Positive
econom price without cut corner essenti function,Positive
deliveri delay half day due weather track updat whole okay balanc pros con,Neutral
custom servic incred help polit resolv issu within minut also regard usabl interfac softwar function aesthet feel somewhat date utilitarian,Positive
button becam unrespons one week wast hard earn money,Negative
pleasant ergonom design comfort hold interact prolong hour also regard deliveri packag eco friend yet sturdi packag product fulli secur shock,Positive
agent knowledg friend guid step step setup,Positive
ergonom fine averag hand size might feel bulki smaller grip work basic need not expect miracl,Neutral
batteri drain complet less hour horribl batteri life deepli disappoint purchas,Negative
flimsi packag zero protect pad product arriv visibl dent break part also regard custom support help desk reach hour could faster resolv ticket,Negative
standard plastic case seem fine far two week normal use also regard usabl interfac voic command gestur shortcut work reliabl everi singl time,Neutral
microphon sound muffl distort complet ruin phone call also regard price valu high end premium featur offer access reason price point,Negative
packag lose transit week arriv late torn packag also regard product qualiti high qualiti materi use exceed expect complet,Negative
perform mediocr basic task fine stutter multitask,Neutral
packag arriv pristin condit deliveri courier profession also regard product qualiti sever hardwar lag constant crash utter unus work,Positive
terribl build qualiti cheap creak plastic feel flimsi frustrat experi overal,Negative
superb hardwar perform finish look premium high recommend anyon look depend option,Positive
custom servic incred help polit resolv issu within minut definit buy brand,Positive
touch control hyper sensit regist phantom touch constant strong urg buyer stay away product,Negative
econom price without cut corner essenti function,Positive
valu money averag get pay whole okay balanc pros con,Neutral
absurd overpr poor function cheap construct also regard custom support support staff clueless kept transfer four differ depart,Negative
fair price rich featur solid build qualiti,Positive
effortless ergonom control laid sensibl one hand oper also regard price valu except deal sale thorough satisfi purchas valu,Positive
arriv ahead schedul deliveri window safe doorstep drop also regard usabl interfac app layout adequ would appreci custom option futur updat,Positive
prompt email support clear screenshot instruct high impress also regard product qualiti perform mediocr basic task fine stutter multitask,Positive
repres gave complet incorrect troubleshoot step refus refund also regard usabl interfac touch control hyper sensit regist phantom touch constant,Negative
font size display tini unread outdoor sunlight deepli disappoint purchas,Negative
kept hold minut call got drop hopeless servic deepli disappoint purchas,Negative
excel logist deliveri execut call arriv confirm avail five star without hesit,Positive
extrem expens mis noten replac part cost devic also regard usabl interfac interfac simpl enough though menu set buri deep,Negative
work advertis neither great nor bad averag hardwar also regard usabl interfac complic frustrat setup process confus error code no explan,Neutral
pleasant ergonom design comfort hold interact prolong hour truli pleas purchas,Positive
firmwar updat brick set menu requir complet factori reset also regard product qualiti superb hardwar perform finish look premium,Negative
work flawless straight box zero hardwar defect found also regard usabl interfac clunki ui lag make standard navig feel pain slow unrespons,Positive
aw post purchas servic money stop care complet frustrat experi overal,Negative
decent price wait sale discount want good valu also regard deliveri packag deliveri delay half day due weather track updat,Neutral
flawless unbox experi clean premium box design intact seal,Positive
averag support interact problem solv took longer anticip also regard deliveri packag outer box slight wrinkl intern cushion protect merchandis,Neutral
mislead promis support execut regard repair turnaround time also regard deliveri packag deliveri delay half day due weather track updat,Negative
immacul packag heavi protect bubbl wrap tamper proof seal definit buy brand,Positive
courier mark packag deliv no one actual came chase day also regard usabl interfac effortless ergonom control laid sensibl one hand oper,Negative
complet rip get far good altern half cost,Negative
super quick dispatch real time live gps track accur,Positive
custom servic incred help polit resolv issu within minut also regard product qualiti solid build great tactil feedback button feel like expens flagship,Positive
screen clariti speaker output qualiti phenomen,Positive
impress batteri endur intern hardwar run surpris cool definit buy brand,Positive
eco friend yet sturdi packag product fulli secur shock five star without hesit,Positive
durabl top notch drop twice accident no damag high recommend anyon look depend option,Positive
outstand craftsmanship reliabl perform daili heavi usag truli pleas purchas,Positive
zero custom support respons autom bot keep loop without human takeov return immedi full refund,Negative
help desk refus honor return polici despit clear photograph evid also regard usabl interfac ergonom fine averag hand size might feel bulki smaller grip,Negative
repres gave script answer initi later clarifi doubt also regard deliveri packag packag adequ minim cushion fortun no damag,Neutral
impress batteri endur intern hardwar run surpris cool,Positive
cost match output qualiti straightforward transact work basic need not expect miracl,Neutral
flawless unbox experi clean premium box design intact seal also regard price valu fair price compar exist market altern similar spec,Positive
technic support team empathet provid swift warranti claim approv also regard price valu offer tremend cost effici definit superior pricier brand altern,Positive
outer box open product insid break defect,Negative
bit higher side accept given current market inflat also regard usabl interfac extrem user friend interfac even elder pare not found easi oper,Neutral
voic command gestur shortcut work reliabl everi singl time also regard deliveri packag extrem delay deliveri took two week past schedul arriv date,Positive
genuin surpris well built unit compar competitor,Positive
batteri life around hour manag workday work basic need not expect miracl,Neutral
companion app full bug crash continu open,Negative
setup guid crystal clear diagram painless initi configur also regard price valu unbeat price perform ratio budget categori,Positive
custom servic incred help polit resolv issu within minut definit buy brand,Positive
eco friend yet sturdi packag product fulli secur shock also regard usabl interfac pleasant ergonom design comfort hold interact prolong hour,Positive
zero custom support respons autom bot keep loop without human takeov frustrat experi overal,Negative
microphon sound muffl distort complet ruin phone call return immedi full refund,Negative
horribl ergonom uncomfort wear hold minut,Negative
work flawless straight box zero hardwar defect found also regard custom support mislead promis support execut regard repair turnaround time,Positive
superb hardwar perform finish look premium also regard price valu valu money averag get pay,Positive
overheat danger within twenti minut moder usag also regard price valu offer tremend cost effici definit superior pricier brand altern,Negative
durabl top notch drop twice accident no damag high recommend anyon look depend option,Positive
standard plastic case seem fine far two week normal use work basic need not expect miracl,Neutral
meet minimum baselin expect lack premium refin also regard deliveri packag outer box slight wrinkl intern cushion protect merchandis,Neutral
setup straightforward follow manual slight confus otherwis whole okay balanc pros con,Neutral
got queri resolv although transfer depart cumbersom,Neutral
impress batteri endur intern hardwar run surpris cool,Positive
custom servic incred help polit resolv issu within minut high recommend anyon look depend option,Positive
fair price compar exist market altern similar spec howev definit room minor improv,Neutral
decent price wait sale discount want good valu work basic need not expect miracl,Neutral
packag arriv pristin condit deliveri courier profession five star without hesit,Positive
genuin surpris well built unit compar competitor also regard deliveri packag took five day arriv standard transit time locat,Positive
flimsi packag zero protect pad product arriv visibl dent break part,Negative
agent knowledg friend guid step step setup,Positive
prompt email support clear screenshot instruct high impress five star without hesit,Positive
voic command gestur shortcut work reliabl everi singl time,Positive
excel logist deliveri execut call arriv confirm avail also regard price valu price accept though replac accessori somewhat expens,Positive
unbeat price perform ratio budget categori also regard custom support support staff clueless kept transfer four differ depart,Positive
super quick dispatch real time live gps track accur furthermor overal perform rock solid,Positive
bad custom support imagin agent rude abrupt disconnect call also regard price valu unbeat price perform ratio budget categori,Negative
superb hardwar perform finish look premium truli pleas purchas,Positive
decent price wait sale discount want good valu,Neutral
deliveri arriv promis date standard courier servic also regard custom support support staff polit lack deep technic knowledg devic firmwar,Neutral
aw user interfac design clutter screen counter intuit navig,Negative
impress quick secur packag deliv,Positive
batteri drain complet less hour horribl batteri life,Negative
durabl top notch drop twice accident no damag also regard custom support support staff clueless kept transfer four differ depart,Positive
user interfac clean respons pack customiz shortcut option,Positive
high end premium featur offer access reason price point also regard deliveri packag packag adequ minim cushion fortun no damag,Positive
way expens someth lack standard modern basic featur deepli disappoint purchas,Negative
setup guid crystal clear diagram painless initi configur definit buy brand,Positive
competit price tag easili good option avail budget rang also regard usabl interfac effortless ergonom control laid sensibl one hand oper,Positive
companion app demand unnecessari locat contact permiss oper strong urg buyer stay away product,Negative
outer box slight wrinkl intern cushion protect merchandis also regard product qualiti solid build great tactil feedback button feel like expens flagship,Neutral
app layout adequ would appreci custom option futur updat also regard deliveri packag deliveri driver extrem unprofession threw parcel gate,Neutral
packag arriv pristin condit deliveri courier profession also regard price valu fair price rich featur solid build qualiti,Positive
ignor warranti claim email two week absolut lack account strong urg buyer stay away product,Negative
durabl top notch drop twice accident no damag also regard price valu price accept though replac accessori somewhat expens,Positive
voic command gestur shortcut work reliabl everi singl time,Positive
arriv ahead schedul deliveri window safe doorstep drop furthermor overal perform rock solid,Positive
initi bluetooth pair requir retri work stabli afterward still decid whether keep exchang,Neutral
aw user interfac design clutter screen counter intuit navig also regard product qualiti microphon sound muffl distort complet ruin phone call,Negative
deliveri late box arriv break damag item insid strong urg buyer stay away product,Negative
grossli overpr feel like cheap ten dollar gadget sold premium rate also regard product qualiti outstand craftsmanship reliabl perform daili heavi usag,Negative
seamless pair process took liter second connect start use,Positive
agent knowledg friend guid step step setup furthermor overal perform rock solid,Positive
firmwar updat brick set menu requir complet factori reset also regard product qualiti decent materi use plastic part feel slight cheap,Negative
outer box open product insid break defect also regard price valu total wast budget inferior hardwar mark aggress market,Negative
technic support team empathet provid swift warranti claim approv five star without hesit,Positive
extrem user friend interfac even elder pare not found easi oper also regard product qualiti standard plastic case seem fine far two week normal use,Positive
high qualiti materi use exceed expect complet also regard usabl interfac control respons although button label could clearer,Positive
effortless ergonom control laid sensibl one hand oper also regard custom support custom servic incred help polit resolv issu within minut,Positive
way expens someth lack standard modern basic featur also regard usabl interfac voic command gestur shortcut work reliabl everi singl time,Negative
touch control hyper sensit regist phantom touch constant return immedi full refund,Negative
prompt ship track notif kept updat everi checkpoint,Positive
support execut follow next day confirm everyth function smooth,Positive
outer box open product insid break defect,Negative
repres gave script answer initi later clarifi doubt also regard usabl interfac extrem user friend interfac even elder pare not found easi oper,Neutral
inferior product qualiti nowher close advertis technic spec also regard price valu fair price rich featur solid build qualiti,Negative
terribl custom care treat like nuisanc ask replac,Negative
got great discount absolut worth everi singl penni spent also regard product qualiti standard plastic case seem fine far two week normal use,Positive
immacul packag heavi protect bubbl wrap tamper proof seal,Positive
outer box slight wrinkl intern cushion protect merchandis work basic need not expect miracl,Neutral
immacul packag heavi protect bubbl wrap tamper proof seal,Positive
incred valu money outperform product cost twice much five star without hesit,Positive
user interfac clean respons pack customiz shortcut option also regard product qualiti durabl top notch drop twice accident no damag,Positive
softwar updat seamless ad realli neat person widget also regard custom support averag support interact problem solv took longer anticip,Positive
extrem expens mis noten replac part cost devic strong urg buyer stay away product,Negative
packag arriv complet crush soak moistur aw courier handl also regard custom support custom servic incred help polit resolv issu within minut,Negative
got great discount absolut worth everi singl penni spent also regard usabl interfac font size display tini unread outdoor sunlight,Positive
kept hold minut call got drop hopeless servic frustrat experi overal,Negative
softwar updat seamless ad realli neat person widget furthermor overal perform rock solid,Positive
immacul packag heavi protect bubbl wrap tamper proof seal furthermor overal perform rock solid,Positive
font size display tini unread outdoor sunlight not wast time money,Negative
solid build great tactil feedback button feel like expens flagship also regard custom support ignor warranti claim email two week absolut lack account,Positive
flawless unbox experi clean premium box design intact seal,Positive
bad custom support imagin agent rude abrupt disconnect call strong urg buyer stay away product,Negative
lightn fast deliveri arriv full day estim date definit buy brand,Positive
high qualiti materi use exceed expect complet also regard price valu grossli overpr feel like cheap ten dollar gadget sold premium rate,Positive
extrem user friend interfac even elder pare not found easi oper,Positive
eco friend yet sturdi packag product fulli secur shock definit buy brand,Positive
decent materi use plastic part feel slight cheap also regard custom support help desk reach hour could faster resolv ticket,Neutral
absurd overpr poor function cheap construct also regard deliveri packag deliveri arriv promis date standard courier servic,Negative
hing break normal open fragil construct shoddi materi,Negative
aw post purchas servic money stop care complet,Negative
screen clariti speaker output qualiti phenomen also regard usabl interfac interfac simpl enough though menu set buri deep,Positive
price accept though replac accessori somewhat expens howev definit room minor improv,Neutral
competit price tag easili good option avail budget rang definit buy brand,Positive
eco friend yet sturdi packag product fulli secur shock,Positive
eco friend yet sturdi packag product fulli secur shock also regard custom support ignor warranti claim email two week absolut lack account,Positive
support execut follow next day confirm everyth function smooth also regard deliveri packag deliveri arriv promis date standard courier servic,Positive
repres gave script answer initi later clarifi doubt also regard price valu absurd overpr poor function cheap construct,Neutral
way expens someth lack standard modern basic featur also regard deliveri packag super quick dispatch real time live gps track accur,Negative
deliveri delay half day due weather track updat work basic need not expect miracl,Neutral
got great discount absolut worth everi singl penni spent also regard custom support agent answer question eventu though seem quit rush,Positive
support team went beyond arrang immedi replac,Positive
zero custom support respons autom bot keep loop without human takeov also regard price valu good invest made month total bang buck,Negative
high qualiti materi use exceed expect complet,Positive
incred valu money outperform product cost twice much,Positive
repres courteous listen patient solv configur error also regard deliveri packag deliveri delay half day due weather track updat,Positive
interfac simpl enough though menu set buri deep still decid whether keep exchang,Neutral
support staff clueless kept transfer four differ depart,Negative
averag support interact problem solv took longer anticip still decid whether keep exchang,Neutral
voic command gestur shortcut work reliabl everi singl time definit buy brand,Positive
screen dead pixel right center complet unaccept qa deepli disappoint purchas,Negative
pleasant ergonom design comfort hold interact prolong hour definit buy brand,Positive
genuin surpris well built unit compar competitor furthermor overal perform rock solid,Positive
horribl ergonom uncomfort wear hold minut not wast time money,Negative
button becam unrespons one week wast hard earn money not wast time money,Negative
hing break normal open fragil construct shoddi materi also regard usabl interfac ergonom fine averag hand size might feel bulki smaller grip,Negative
pleasant ergonom design comfort hold interact prolong hour five star without hesit,Positive
agent knowledg friend guid step step setup also regard price valu got great discount absolut worth everi singl penni spent,Positive
button becam unrespons one week wast hard earn money also regard usabl interfac user interfac clean respons pack customiz shortcut option,Negative
hidden subscript fee not mention product page feel predatori decept also regard deliveri packag arriv ahead schedul deliveri window safe doorstep drop,Negative
lightn fast deliveri arriv full day estim date,Positive
superb hardwar perform finish look premium,Positive
support team went beyond arrang immedi replac also regard deliveri packag impress quick secur packag deliv,Positive
mislead promis support execut regard repair turnaround time also regard price valu complet rip get far good altern half cost,Negative
solid build great tactil feedback button feel like expens flagship high recommend anyon look depend option,Positive
grossli overpr feel like cheap ten dollar gadget sold premium rate,Negative
zero custom support respons autom bot keep loop without human takeov deepli disappoint purchas,Negative
flimsi packag zero protect pad product arriv visibl dent break part,Negative
outer box open product insid break defect frustrat experi overal,Negative
screen dead pixel right center complet unaccept qa deepli disappoint purchas,Negative
support standard took two round email get invoic updat also regard product qualiti sever hardwar lag constant crash utter unus work,Neutral
offer tremend cost effici definit superior pricier brand altern high recommend anyon look depend option,Positive
unbeat price perform ratio budget categori high recommend anyon look depend option,Positive
hing break normal open fragil construct shoddi materi deepli disappoint purchas,Negative
support staff clueless kept transfer four differ depart not wast time money,Negative
bluetooth connect drop random everi minut infuri use also regard deliveri packag horribl ship experi packag sent wrong citi transit hub twice,Negative
help desk refus honor return polici despit clear photograph evid frustrat experi overal,Negative
meet minimum baselin expect lack premium refin,Neutral
high qualiti materi use exceed expect complet,Positive
arriv ahead schedul deliveri window safe doorstep drop,Positive
hidden subscript fee not mention product page feel predatori decept,Negative
deliveri arriv promis date standard courier servic also regard custom support support execut follow next day confirm everyth function smooth,Neutral
absurd overpr poor function cheap construct frustrat experi overal,Negative
screen clariti speaker output qualiti phenomen also regard custom support support staff clueless kept transfer four differ depart,Positive
extrem user friend interfac even elder pare not found easi oper,Positive
excel logist deliveri execut call arriv confirm avail,Positive
bad custom support imagin agent rude abrupt disconnect call strong urg buyer stay away product,Negative
deliveri person ask otp prompt deliveri took usual standard timefram also regard product qualiti decent materi use plastic part feel slight cheap,Neutral
prompt email support clear screenshot instruct high impress also regard deliveri packag packag arriv pristin condit deliveri courier profession,Positive
good invest made month total bang buck also regard usabl interfac interfac simpl enough though menu set buri deep,Positive
deliveri delay half day due weather track updat work basic need not expect miracl,Neutral
econom price without cut corner essenti function definit buy brand,Positive
hidden subscript fee not mention product page feel predatori decept frustrat experi overal,Negative
agent knowledg friend guid step step setup also regard usabl interfac basic interfac get job done without bell whistl,Positive
support execut follow next day confirm everyth function smooth five star without hesit,Positive
complic frustrat setup process confus error code no explan frustrat experi overal,Negative
durabl top notch drop twice accident no damag,Positive
courier mark packag deliv no one actual came chase day,Negative
courier left packag neighbor without inform beforehand receiv safe,Neutral
impress quick secur packag deliv truli pleas purchas,Positive
competit price tag easili good option avail budget rang also regard deliveri packag super quick dispatch real time live gps track accur,Positive
eco friend yet sturdi packag product fulli secur shock,Positive
firmwar updat brick set menu requir complet factori reset return immedi full refund,Negative
deliveri delay half day due weather track updat,Neutral
setup guid crystal clear diagram painless initi configur also regard product qualiti inferior product qualiti nowher close advertis technic spec,Positive
total wast budget inferior hardwar mark aggress market not wast time money,Negative
immacul packag heavi protect bubbl wrap tamper proof seal high recommend anyon look depend option,Positive
app layout adequ would appreci custom option futur updat still decid whether keep exchang,Neutral
fair price rich featur solid build qualiti definit buy brand,Positive
got great discount absolut worth everi singl penni spent,Positive
averag ship speed noth except complain prais work basic need not expect miracl,Neutral
hardwar averag noth write home job also regard deliveri packag deliveri driver extrem unprofession threw parcel gate,Neutral
agent knowledg friend guid step step setup also regard product qualiti inferior product qualiti nowher close advertis technic spec,Positive
outer box open product insid break defect also regard product qualiti solid build great tactil feedback button feel like expens flagship,Negative
companion app demand unnecessari locat contact permiss oper,Negative
quick respons time via live chat queri sort profession without delay,Positive
overheat danger within twenti minut moder usag also regard price valu fair price rich featur solid build qualiti,Negative
screen clariti speaker output qualiti phenomen also regard usabl interfac control respons although button label could clearer,Positive
repres courteous listen patient solv configur error,Positive
support execut follow next day confirm everyth function smooth,Positive
deliveri driver extrem unprofession threw parcel gate also regard product qualiti overheat danger within twenti minut moder usag,Negative
agent knowledg friend guid step step setup,Positive
help desk refus honor return polici despit clear photograph evid also regard deliveri packag deliveri delay half day due weather track updat,Negative
overheat danger within twenti minut moder usag,Negative
deliveri late box arriv break damag item insid strong urg buyer stay away product,Negative
chatbot not help human agent took decent whole okay balanc pros con,Neutral
voic command gestur shortcut work reliabl everi singl time also regard deliveri packag flawless unbox experi clean premium box design intact seal,Positive
got great discount absolut worth everi singl penni spent,Positive
quick respons time via live chat queri sort profession without delay five star without hesit,Positive
firmwar updat brick set menu requir complet factori reset also regard price valu bit higher side accept given current market inflat,Negative
econom price without cut corner essenti function also regard usabl interfac softwar updat seamless ad realli neat person widget,Positive
