feedback_id,category,aspect,rating,sentiment,review_text,timestamp
FB-10001,Audio,Delivery & Packaging,3,Neutral,"Courier left package with neighbor without informing beforehand, but received safely. However, there is definitely room for minor improvements.",2025-12-13 23:00:00
FB-10002,Smart Home,Usability & Interface,1,Negative,"Companion app is full of bugs, crashes continuously on opening. Will be returning this immediately for a full refund.",2025-04-30 16:00:00
FB-10003,Smart Home,Usability & Interface,3,Neutral,"Ergonomics are fine for average hand sizes, might feel bulky for smaller grips. Also, regarding delivery & packaging, package arrived in pristine condition, delivery courier was very professional.",2025-12-24 13:00:00
FB-10004,Wearables,Customer Support,4,Positive,"Support team went above and beyond to arrange an immediate replacement. Furthermore, overall performance has been rock solid.",2025-07-03 11:00:00
FB-10005,PC Accessories,Pricing & Value,3,Neutral,Fairly priced compared to existing market alternatives with similar specs.,2025-07-13 02:00:00
FB-10006,Audio,Usability & Interface,3,Neutral,"Companion mobile app works fine, occasionally takes a few seconds to sync data. On the whole, it is an okay balance between pros and cons.",2025-05-29 02:00:00
FB-10007,Wearables,Pricing & Value,1,Negative,"Total waste of budget, inferior hardware marked up by aggressive marketing. Also, regarding delivery & packaging, arrived ahead of scheduled delivery window, safe doorstep drop-off.",2025-07-01 06:00:00
FB-10008,Audio,Usability & Interface,1,Negative,Font size on display is tiny and unreadable under outdoor sunlight.,2025-03-25 14:00:00
FB-10009,Electronics,Delivery & Packaging,4,Positive,Super quick dispatch and real-time live GPS tracking was very accurate.,2025-06-11 12:00:00
FB-10010,Wearables,Usability & Interface,4,Positive,"Extremely user-friendly interface, even my elderly parents found it easy to operate. Also, regarding pricing & value, total waste of budget, inferior hardware marked up by aggressive marketing.",2025-03-15 08:00:00
FB-10011,Smart Home,Usability & Interface,5,Positive,"Pleasant ergonomic design, comfortable to hold and interact with for prolonged hours. Highly recommended to anyone looking for a dependable option.",2025-03-12 16:00:00
FB-10012,Audio,Product Quality,3,Neutral,"It works as advertised, neither great nor bad, average hardware.",2025-08-05 19:00:00
FB-10013,Smart Home,Usability & Interface,5,Positive,Software update was seamless and added really neat personalization widgets. Five stars without any hesitation.,2025-01-06 21:00:00
FB-10014,Electronics,Delivery & Packaging,2,Negative,"Courier marked package as delivered when no one actually came, had to chase them for days. Also, regarding usability & interface, effortless ergonomics and controls are laid out very sensibly for one-handed operation.",2025-09-14 05:00:00
FB-10015,PC Accessories,Delivery & Packaging,3,Neutral,"Delivery person asked for OTP promptly, delivery took the usual standard timeframe. Still deciding whether to keep it or exchange it.",2025-03-24 17:00:00
FB-10016,Wearables,Usability & Interface,1,Negative,"Horrible ergonomics, uncomfortable to wear or hold after just 10 minutes. Very frustrating experience overall.",2025-06-07 07:00:00
FB-10017,Smart Home,Product Quality,4,Positive,"High quality materials used, exceeded my expectations completely.",2025-09-30 04:00:00
FB-10018,Audio,Usability & Interface,5,Positive,"Effortless ergonomics and controls are laid out very sensibly for one-handed operation. Also, regarding pricing & value, exceptional deal during the sale, thoroughly satisfied with this purchase value.",2025-12-20 06:00:00
FB-10019,Smart Home,Delivery & Packaging,2,Negative,"Package was lost in transit for a week and arrived late with torn packaging. Also, regarding customer support, support team went above and beyond to arrange an immediate replacement.",2025-06-23 00:00:00
FB-10020,Audio,Usability & Interface,3,Neutral,"Interface is simple enough, though some menu settings are buried deep. However, there is definitely room for minor improvements.",2025-04-28 02:00:00
FB-10021,PC Accessories,Product Quality,2,Negative,"Screen has dead pixels right in the center, completely unacceptable QA. Deeply disappointed with this purchase.",2025-04-20 17:00:00
FB-10022,Smart Home,Customer Support,5,Positive,"Prompt email support with clear screenshots and instructions, highly impressed. Furthermore, overall performance has been rock solid.",2025-12-04 13:00:00
FB-10023,Electronics,Pricing & Value,5,Positive,"Got this at a great discount, absolutely worth every single penny spent. Truly pleased with this purchase!",2025-02-25 07:00:00
FB-10024,Smart Home,Customer Support,5,Positive,"Agent was very knowledgeable, friendly, and guided me step-by-step through setup. Highly recommended to anyone looking for a dependable option.",2025-02-08 14:00:00
FB-10025,PC Accessories,Product Quality,1,Negative,"Defective unit received, stopped powering on after only three days.",2025-05-02 05:00:00
FB-10026,Smart Home,Customer Support,5,Positive,"Customer service was incredibly helpful, polite, and resolved my issue within minutes. Furthermore, overall performance has been rock solid.",2025-07-19 08:00:00
FB-10027,Smart Home,Delivery & Packaging,2,Negative,"Package was lost in transit for a week and arrived late with torn packaging. Also, regarding usability & interface, extremely user-friendly interface, even my elderly parents found it easy to operate.",2025-06-01 06:00:00
FB-10028,Electronics,Delivery & Packaging,1,Negative,"Package arrived completely crushed and soaked in moisture, awful courier handling. Also, regarding customer support, exceptional customer care experience, truly values their consumers.",2025-02-11 05:00:00
FB-10029,Smart Home,Customer Support,4,Positive,Support team went above and beyond to arrange an immediate replacement.,2025-10-19 07:00:00
FB-10030,Electronics,Usability & Interface,3,Neutral,"App layout is adequate, would appreciate more customization options in future updates. Also, regarding delivery & packaging, courier left package with neighbor without informing beforehand, but received safely.",2025-12-09 22:00:00
FB-10031,Audio,Pricing & Value,5,Positive,"Best investment I made this month, total bang for your buck. Also, regarding product quality, works flawlessly straight out of the box, zero hardware defects found.",2025-11-15 18:00:00
FB-10032,Audio,Usability & Interface,1,Negative,Font size on display is tiny and unreadable under outdoor sunlight. Very frustrating experience overall.,2025-02-05 07:00:00
FB-10033,PC Accessories,Pricing & Value,4,Positive,"Best investment I made this month, total bang for your buck. Also, regarding product quality, microphone sound is muffled and distorted, completely ruined phone calls.",2025-06-03 21:00:00
FB-10034,Electronics,Delivery & Packaging,4,Positive,Immaculate packaging with heavy protective bubble wrap and tamper-proof seal.,2025-03-21 08:00:00
FB-10035,Audio,Delivery & Packaging,4,Positive,"Eco-friendly yet sturdy packaging, product was fully secured from shocks. Also, regarding pricing & value, got this at a great discount, absolutely worth every single penny spent.",2025-11-21 13:00:00
FB-10036,Wearables,Product Quality,1,Negative,"Overheats dangerously within twenty minutes of moderate usage. Also, regarding pricing & value, fair pricing for such rich features and solid build quality.",2025-10-10 22:00:00
FB-10037,Electronics,Product Quality,4,Positive,"Durability is top notch. Dropped it twice accidentally and no damage at all. Also, regarding pricing & value, way too expensive for something that lacks standard modern basic features.",2025-03-17 13:00:00
FB-10038,Electronics,Delivery & Packaging,5,Positive,"Arrived ahead of scheduled delivery window, safe doorstep drop-off. Highly recommended to anyone looking for a dependable option.",2025-12-08 03:00:00
FB-10039,Audio,Usability & Interface,5,Positive,"Extremely user-friendly interface, even my elderly parents found it easy to operate.",2025-04-01 13:00:00
FB-10040,Audio,Pricing & Value,5,Positive,"Best investment I made this month, total bang for your buck. Furthermore, overall performance has been rock solid.",2025-07-15 01:00:00
FB-10041,Smart Home,Customer Support,1,Negative,"Zero customer support response, automated bot keeps looping without human takeover. Will be returning this immediately for a full refund.",2025-04-25 00:00:00
FB-10042,Wearables,Delivery & Packaging,2,Negative,The delivery was very late and box arrived broken with damaged items inside.,2025-05-23 11:00:00
FB-10043,Wearables,Usability & Interface,3,Neutral,"Interface is simple enough, though some menu settings are buried deep. Still deciding whether to keep it or exchange it.",2025-04-02 18:00:00
FB-10044,Electronics,Product Quality,2,Negative,"Buttons became unresponsive after one week, waste of my hard-earned money. Also, regarding pricing & value, pricing is acceptable, though replacement accessories are somewhat expensive.",2025-09-19 03:00:00
FB-10045,Electronics,Delivery & Packaging,4,Positive,"Excellent logistics, delivery executive called before arrival to confirm availability. Five stars without any hesitation.",2025-12-18 23:00:00
FB-10046,Smart Home,Delivery & Packaging,1,Negative,The delivery was very late and box arrived broken with damaged items inside.,2025-06-19 19:00:00
FB-10047,PC Accessories,Delivery & Packaging,4,Positive,"Eco-friendly yet sturdy packaging, product was fully secured from shocks. Also, regarding pricing & value, priced appropriately, though competitor brands offer similar features slightly cheaper.",2025-10-11 04:00:00
FB-10048,PC Accessories,Customer Support,5,Positive,Support executive followed up the next day to confirm everything was functioning smoothly. Five stars without any hesitation.,2025-01-01 09:00:00
FB-10049,PC Accessories,Usability & Interface,5,Positive,"Clean software with zero bloatware and smooth navigation animations. Also, regarding pricing & value, regret buying this, zero value for money and totally unjustified pricing.",2025-09-19 15:00:00
FB-10050,Wearables,Product Quality,1,Negative,"Microphone sound is muffled and distorted, completely ruined phone calls. Also, regarding pricing & value, high-end premium features offered at an accessible and reasonable price point.",2025-12-11 09:00:00
FB-10051,Electronics,Customer Support,4,Positive,"Customer service was incredibly helpful, polite, and resolved my issue within minutes. Will definitely buy from this brand again.",2025-11-09 02:00:00
FB-10052,Smart Home,Pricing & Value,3,Neutral,"Cost matches the output quality, straightforward transaction. However, there is definitely room for minor improvements.",2025-02-24 13:00:00
FB-10053,PC Accessories,Product Quality,5,Positive,Superb hardware performance and the finish looks very premium.,2025-03-04 14:00:00
FB-10054,PC Accessories,Usability & Interface,5,Positive,"Pleasant ergonomic design, comfortable to hold and interact with for prolonged hours. Will definitely buy from this brand again.",2025-11-10 23:00:00
FB-10055,Smart Home,Usability & Interface,2,Negative,"Awful user interface design, cluttered screens and counter-intuitive navigation.",2025-09-01 14:00:00
FB-10056,PC Accessories,Delivery & Packaging,4,Positive,"Flawless unboxing experience, clean premium box design and intact seal. Also, regarding pricing & value, fairly priced compared to existing market alternatives with similar specs.",2026-01-01 09:00:00
FB-10057,PC Accessories,Delivery & Packaging,5,Positive,Immaculate packaging with heavy protective bubble wrap and tamper-proof seal. Highly recommended to anyone looking for a dependable option.,2025-07-16 22:00:00
FB-10058,Smart Home,Product Quality,4,Positive,"Solid build, great tactile feedback on buttons, feels like an expensive flagship. Will definitely buy from this brand again.",2025-08-01 01:00:00
FB-10059,PC Accessories,Pricing & Value,5,Positive,"Incredible value for money, outperforms products that cost twice as much.",2025-10-22 12:00:00
FB-10060,Smart Home,Delivery & Packaging,3,Neutral,"Average shipping speed, nothing exceptional to complain or praise about. Also, regarding customer support, representative gave scripted answers initially, but later clarified my doubt.",2025-05-20 13:00:00
FB-10061,Smart Home,Delivery & Packaging,3,Neutral,"Took five days to arrive, which is standard transit time for my location.",2025-03-07 19:00:00
FB-10062,PC Accessories,Usability & Interface,3,Neutral,"Interface is simple enough, though some menu settings are buried deep. It works for basic needs but don't expect miracles.",2025-03-11 14:00:00
FB-10063,Wearables,Pricing & Value,5,Positive,"High-end premium features offered at an accessible and reasonable price point. Also, regarding delivery & packaging, outer box had slight wrinkles, but internal cushion protected the merchandise.",2025-08-04 08:00:00
FB-10064,PC Accessories,Product Quality,2,Negative,"Defective unit received, stopped powering on after only three days.",2025-06-29 07:00:00
FB-10065,Audio,Product Quality,1,Negative,"Screen has dead pixels right in the center, completely unacceptable QA.",2025-11-15 04:00:00
FB-10066,PC Accessories,Product Quality,5,Positive,"Superb hardware performance and the finish looks very premium. Also, regarding pricing & value, value for money is average, you get what you pay for.",2025-11-07 19:00:00
FB-10067,Wearables,Customer Support,1,Negative,"Ignored my warranty claim emails for two weeks, absolute lack of accountability. Also, regarding pricing & value, overhyped and overpriced, thoroughly disappointed with the value proposition.",2025-07-23 22:00:00
FB-10068,Wearables,Product Quality,4,Positive,Genuinely surprised by how well built this unit is compared to competitors.,2025-10-17 01:00:00
FB-10069,Electronics,Delivery & Packaging,5,Positive,"Prompt shipping, tracking notifications kept me updated at every checkpoint. Also, regarding product quality, battery life is around 5 hours, which is just about manageable for a workday.",2025-02-24 13:00:00
FB-10070,Smart Home,Customer Support,2,Negative,Help desk refused to honor the return policy despite clear photographic evidence.,2025-11-30 08:00:00
FB-10071,Smart Home,Pricing & Value,3,Neutral,"Pricing is acceptable, though replacement accessories are somewhat expensive. On the whole, it is an okay balance between pros and cons.",2025-02-14 08:00:00
FB-10072,PC Accessories,Pricing & Value,1,Negative,"Price gouging at its finest, nowhere near worth the steep asking price. Also, regarding delivery & packaging, flawless unboxing experience, clean premium box design and intact seal.",2025-06-16 05:00:00
FB-10073,Wearables,Delivery & Packaging,3,Neutral,"Outer box had slight wrinkles, but internal cushion protected the merchandise.",2025-12-26 08:00:00
FB-10074,Audio,Product Quality,3,Neutral,"Hardware is average, nothing to write home about but does the job. Also, regarding delivery & packaging, delivery driver was extremely unprofessional and threw the parcel over the gate.",2025-11-27 22:00:00
FB-10075,Wearables,Product Quality,3,Neutral,"Product quality is okay for casual use, but don't expect industrial durability. Also, regarding delivery & packaging, delivery person asked for otp promptly, delivery took the usual standard timeframe.",2025-07-08 15:00:00
FB-10076,PC Accessories,Pricing & Value,3,Neutral,"It is decently priced, wait for a sale discount if you want better value. It works for basic needs but don't expect miracles.",2025-05-19 09:00:00
FB-10077,Wearables,Customer Support,4,Positive,Support team went above and beyond to arrange an immediate replacement.,2025-12-20 05:00:00
FB-10078,PC Accessories,Delivery & Packaging,5,Positive,"Prompt shipping, tracking notifications kept me updated at every checkpoint. Also, regarding product quality, outstanding craftsmanship and reliable performance under daily heavy usage.",2025-04-27 11:00:00
FB-10079,Audio,Usability & Interface,4,Positive,"Effortless ergonomics and controls are laid out very sensibly for one-handed operation. Furthermore, overall performance has been rock solid.",2025-10-11 09:00:00
FB-10080,Electronics,Pricing & Value,1,Negative,"Absurdly overpriced for such poor functionality and cheap construction. Also, regarding usability & interface, controls are responsive, although button labeling could be clearer.",2025-06-24 05:00:00
FB-10081,Electronics,Pricing & Value,2,Negative,"Complete rip-off, you can get far better alternatives at half the cost. Also, regarding product quality, defective unit received, stopped powering on after only three days.",2025-03-19 04:00:00
FB-10082,Audio,Product Quality,2,Negative,"Terrible build quality, cheap creaking plastic that feels very flimsy. Also, regarding usability & interface, clunky ui lag makes standard navigation feel painfully slow and unresponsive.",2025-11-13 07:00:00
FB-10083,Smart Home,Pricing & Value,2,Negative,"Hidden subscription fees not mentioned on product page, feels predatory and deceptive.",2025-08-08 09:00:00
FB-10084,Electronics,Usability & Interface,3,Neutral,"Ergonomics are fine for average hand sizes, might feel bulky for smaller grips. Also, regarding delivery & packaging, the delivery was very late and box arrived broken with damaged items inside.",2025-03-22 07:00:00
FB-10085,Electronics,Customer Support,4,Positive,"Prompt email support with clear screenshots and instructions, highly impressed. Also, regarding usability & interface, interface is simple enough, though some menu settings are buried deep.",2025-04-29 09:00:00
FB-10086,Audio,Product Quality,2,Negative,"Severe hardware lag and constant crashes, utterly unusable for work.",2025-11-17 18:00:00
FB-10087,Electronics,Pricing & Value,1,Negative,Way too expensive for something that lacks standard modern basic features. Will be returning this immediately for a full refund.,2025-05-17 04:00:00
FB-10088,PC Accessories,Delivery & Packaging,4,Positive,Very impressed with how quickly and securely the package was delivered.,2025-08-13 03:00:00
FB-10089,Wearables,Pricing & Value,3,Neutral,"Just about justifies its price tag, don't expect premium flagship luxury. Also, regarding usability & interface, pleasant ergonomic design, comfortable to hold and interact with for prolonged hours.",2025-01-21 13:00:00
FB-10090,Electronics,Product Quality,2,Negative,"Screen has dead pixels right in the center, completely unacceptable QA.",2025-10-22 18:00:00
FB-10091,Electronics,Usability & Interface,2,Negative,"Awful user interface design, cluttered screens and counter-intuitive navigation. Also, regarding pricing & value, value for money is average, you get what you pay for.",2025-10-27 13:00:00
FB-10092,Smart Home,Product Quality,3,Neutral,"Standard plastic casing, seems fine so far after two weeks of normal use. Also, regarding pricing & value, complete rip-off, you can get far better alternatives at half the cost.",2025-03-24 10:00:00
FB-10093,Smart Home,Delivery & Packaging,5,Positive,"Prompt shipping, tracking notifications kept me updated at every checkpoint. Furthermore, overall performance has been rock solid.",2025-06-11 08:00:00
FB-10094,Electronics,Usability & Interface,5,Positive,"Software update was seamless and added really neat personalization widgets. Also, regarding product quality, impressive battery endurance and the internal hardware runs surprisingly cool.",2025-07-05 19:00:00
FB-10095,Audio,Product Quality,2,Negative,"Severe hardware lag and constant crashes, utterly unusable for work. Also, regarding pricing & value, affordable enough for students, though budget compromises are visible.",2025-03-04 00:00:00
FB-10096,Wearables,Customer Support,1,Negative,Misleading promises by support executives regarding repair turnaround time. Deeply disappointed with this purchase.,2025-02-17 07:00:00
FB-10097,Electronics,Pricing & Value,1,Negative,"Grossly overpriced, feels like a cheap ten dollar gadget sold at premium rates. Also, regarding delivery & packaging, courier marked package as delivered when no one actually came, had to chase them for days.",2025-08-01 15:00:00
FB-10098,PC Accessories,Pricing & Value,1,Negative,"Grossly overpriced, feels like a cheap ten dollar gadget sold at premium rates. Do not waste your time and money on this.",2025-09-18 23:00:00
FB-10099,Smart Home,Delivery & Packaging,1,Negative,"Flimsy packaging with zero protective padding, product arrived with visible dents and broken parts.",2025-09-17 08:00:00
FB-10100,PC Accessories,Delivery & Packaging,2,Negative,"Disastrous delivery, product casing was cracked and broken due to rough transit impact.",2025-09-08 04:00:00
FB-10101,Wearables,Delivery & Packaging,5,Positive,"Prompt shipping, tracking notifications kept me updated at every checkpoint.",2025-07-13 14:00:00
FB-10102,PC Accessories,Customer Support,1,Negative,"Terrible customer care, treated me like a nuisance when asking for replacement. Deeply disappointed with this purchase.",2025-01-23 10:00:00
FB-10103,Audio,Pricing & Value,2,Negative,"Total waste of budget, inferior hardware marked up by aggressive marketing.",2025-03-06 16:00:00
FB-10104,Smart Home,Product Quality,2,Negative,"Terrible build quality, cheap creaking plastic that feels very flimsy. Also, regarding usability & interface, user interface is clean, responsive, and packed with customizable shortcut options.",2025-07-29 20:00:00
FB-10105,Wearables,Pricing & Value,1,Negative,"Extremely expensive maintenance and replacement parts cost more than the device itself. Also, regarding usability & interface, complicated and frustrating setup process, confusing error codes with no explanation.",2025-06-18 21:00:00
FB-10106,Smart Home,Delivery & Packaging,2,Negative,Package was lost in transit for a week and arrived late with torn packaging. I strongly urge buyers to stay away from this product.,2025-05-01 20:00:00
FB-10107,Electronics,Customer Support,2,Negative,"Terrible customer care, treated me like a nuisance when asking for replacement.",2025-11-21 22:00:00
FB-10108,Wearables,Customer Support,2,Negative,"Worst customer support imaginable, agent was rude and abruptly disconnected the call. I strongly urge buyers to stay away from this product.",2025-05-31 11:00:00
FB-10109,PC Accessories,Customer Support,4,Positive,"Prompt email support with clear screenshots and instructions, highly impressed. Also, regarding delivery & packaging, package arrived in pristine condition, delivery courier was very professional.",2025-02-10 19:00:00
FB-10110,PC Accessories,Pricing & Value,1,Negative,"Grossly overpriced, feels like a cheap ten dollar gadget sold at premium rates. Very frustrating experience overall.",2025-08-24 08:00:00
FB-10111,PC Accessories,Delivery & Packaging,2,Negative,"Extremely delayed delivery, took more than two weeks past the scheduled arrival date. Very frustrating experience overall.",2025-10-28 09:00:00
FB-10112,Smart Home,Delivery & Packaging,3,Neutral,"Outer box had slight wrinkles, but internal cushion protected the merchandise. It works for basic needs but don't expect miracles.",2025-09-05 03:00:00
FB-10113,Wearables,Usability & Interface,5,Positive,Effortless ergonomics and controls are laid out very sensibly for one-handed operation. Will definitely buy from this brand again.,2025-05-21 00:00:00
FB-10114,Smart Home,Usability & Interface,3,Neutral,Software is functional but aesthetics feel somewhat dated and utilitarian.,2025-04-28 19:00:00
FB-10115,PC Accessories,Customer Support,1,Negative,"Representative gave completely incorrect troubleshooting steps and refused a refund. Also, regarding delivery & packaging, the delivery was very late and box arrived broken with damaged items inside.",2025-11-18 20:00:00
FB-10116,PC Accessories,Product Quality,5,Positive,The screen clarity and speaker output quality are phenomenal.,2025-02-16 09:00:00
FB-10117,Audio,Customer Support,5,Positive,"Agent was very knowledgeable, friendly, and guided me step-by-step through setup.",2025-07-07 16:00:00
FB-10118,Wearables,Customer Support,3,Neutral,"Got my query resolved, although the transfer between departments was cumbersome.",2025-06-01 23:00:00
FB-10119,Electronics,Pricing & Value,1,Negative,"Grossly overpriced, feels like a cheap ten dollar gadget sold at premium rates.",2025-04-26 21:00:00
FB-10120,Wearables,Usability & Interface,2,Negative,"Complicated and frustrating setup process, confusing error codes with no explanation.",2025-01-08 08:00:00
FB-10121,Wearables,Delivery & Packaging,3,Neutral,"Delivery person asked for OTP promptly, delivery took the usual standard timeframe. Still deciding whether to keep it or exchange it.",2025-02-25 21:00:00
FB-10122,PC Accessories,Usability & Interface,4,Positive,Clean software with zero bloatware and smooth navigation animations.,2025-04-24 20:00:00
FB-10123,Smart Home,Delivery & Packaging,5,Positive,"Immaculate packaging with heavy protective bubble wrap and tamper-proof seal. Furthermore, overall performance has been rock solid.",2025-06-05 15:00:00
FB-10124,Audio,Usability & Interface,4,Positive,"Setup guide was crystal clear with diagrams, painless initial configuration. Also, regarding pricing & value, grossly overpriced, feels like a cheap ten dollar gadget sold at premium rates.",2025-08-01 20:00:00
FB-10125,Smart Home,Usability & Interface,5,Positive,Effortless ergonomics and controls are laid out very sensibly for one-handed operation. Truly pleased with this purchase!,2025-04-22 14:00:00
FB-10126,Electronics,Delivery & Packaging,4,Positive,"Arrived ahead of scheduled delivery window, safe doorstep drop-off. Also, regarding pricing & value, competitive price tag, easily the best option available under this budget range.",2025-05-22 06:00:00
FB-10127,Audio,Product Quality,2,Negative,"Buttons became unresponsive after one week, waste of my hard-earned money.",2025-01-26 10:00:00
FB-10128,Audio,Usability & Interface,4,Positive,"Seamless pairing process, took literally 30 seconds to connect and start using.",2025-10-11 06:00:00
FB-10129,Audio,Delivery & Packaging,3,Neutral,"Delivery person asked for OTP promptly, delivery took the usual standard timeframe. On the whole, it is an okay balance between pros and cons.",2025-03-08 17:00:00
FB-10130,Electronics,Product Quality,4,Positive,Durability is top notch. Dropped it twice accidentally and no damage at all. Highly recommended to anyone looking for a dependable option.,2025-10-29 10:00:00
FB-10131,Audio,Product Quality,5,Positive,"Solid build, great tactile feedback on buttons, feels like an expensive flagship. Also, regarding customer support, got my query resolved, although the transfer between departments was cumbersome.",2025-07-05 16:00:00
FB-10132,Audio,Usability & Interface,3,Neutral,Basic interface that gets the job done without bells and whistles. Still deciding whether to keep it or exchange it.,2025-08-23 20:00:00
FB-10133,Smart Home,Pricing & Value,1,Negative,"Overhyped and overpriced, thoroughly disappointed with the value proposition. Also, regarding usability & interface, horrible ergonomics, uncomfortable to wear or hold after just 10 minutes.",2025-02-07 02:00:00
FB-10134,Audio,Product Quality,4,Positive,"Outstanding craftsmanship and reliable performance under daily heavy usage. Also, regarding pricing & value, pricing is acceptable, though replacement accessories are somewhat expensive.",2025-09-29 09:00:00
FB-10135,Electronics,Product Quality,3,Neutral,"Looks fine aesthetically, though structural rigidity could be improved.",2025-04-21 13:00:00
FB-10136,Wearables,Pricing & Value,3,Neutral,"Affordable enough for students, though budget compromises are visible. However, there is definitely room for minor improvements.",2025-06-10 13:00:00
FB-10137,Audio,Delivery & Packaging,5,Positive,"Flawless unboxing experience, clean premium box design and intact seal. Furthermore, overall performance has been rock solid.",2025-02-17 13:00:00
FB-10138,PC Accessories,Customer Support,5,Positive,"Customer service was incredibly helpful, polite, and resolved my issue within minutes. Also, regarding pricing & value, complete rip-off, you can get far better alternatives at half the cost.",2025-07-30 11:00:00
FB-10139,Wearables,Product Quality,2,Negative,"Buttons became unresponsive after one week, waste of my hard-earned money. I strongly urge buyers to stay away from this product.",2025-10-23 16:00:00
FB-10140,Electronics,Customer Support,5,Positive,"The representative was courteous, listened patiently, and solved the configuration error.",2025-07-08 03:00:00
FB-10141,PC Accessories,Pricing & Value,1,Negative,"Price gouging at its finest, nowhere near worth the steep asking price. Also, regarding product quality, severe hardware lag and constant crashes, utterly unusable for work.",2025-01-15 05:00:00
FB-10142,Wearables,Delivery & Packaging,5,Positive,"Lightning fast delivery, arrived a full day before the estimated date. Highly recommended to anyone looking for a dependable option.",2025-10-17 21:00:00
FB-10143,Electronics,Product Quality,4,Positive,Impressive battery endurance and the internal hardware runs surprisingly cool. Will definitely buy from this brand again.,2025-08-21 10:00:00
FB-10144,PC Accessories,Delivery & Packaging,5,Positive,"Very impressed with how quickly and securely the package was delivered. Furthermore, overall performance has been rock solid.",2025-03-21 05:00:00
FB-10145,Wearables,Product Quality,1,Negative,"Inferior product quality, nowhere close to the advertised technical specs. Also, regarding usability & interface, horrible ergonomics, uncomfortable to wear or hold after just 10 minutes.",2025-08-01 08:00:00
FB-10146,Smart Home,Delivery & Packaging,4,Positive,Immaculate packaging with heavy protective bubble wrap and tamper-proof seal. Five stars without any hesitation.,2025-09-07 16:00:00
FB-10147,Smart Home,Customer Support,1,Negative,"Awful post-purchase service, once they have your money they stop caring completely. Will be returning this immediately for a full refund.",2025-06-04 06:00:00
FB-10148,Wearables,Delivery & Packaging,2,Negative,The delivery was very late and box arrived broken with damaged items inside. Deeply disappointed with this purchase.,2025-03-31 04:00:00
FB-10149,PC Accessories,Usability & Interface,4,Positive,"Clean software with zero bloatware and smooth navigation animations. Furthermore, overall performance has been rock solid.",2025-08-12 00:00:00
FB-10150,PC Accessories,Delivery & Packaging,3,Neutral,"Average shipping speed, nothing exceptional to complain or praise about. Also, regarding usability & interface, companion mobile app works fine, occasionally takes a few seconds to sync data.",2025-07-27 00:00:00
FB-10151,Smart Home,Usability & Interface,1,Negative,Companion app demands unnecessary location and contact permissions just to operate. I strongly urge buyers to stay away from this product.,2025-05-05 13:00:00
FB-10152,Wearables,Pricing & Value,3,Neutral,"It is decently priced, wait for a sale discount if you want better value. On the whole, it is an okay balance between pros and cons.",2025-02-09 16:00:00
FB-10153,Wearables,Delivery & Packaging,3,Neutral,"Took five days to arrive, which is standard transit time for my location. On the whole, it is an okay balance between pros and cons.",2025-05-12 06:00:00
FB-10154,Audio,Product Quality,4,Positive,"Works flawlessly straight out of the box, zero hardware defects found. Also, regarding usability & interface, clunky ui lag makes standard navigation feel painfully slow and unresponsive.",2025-11-26 20:00:00
FB-10155,Audio,Delivery & Packaging,2,Negative,Delivery driver was extremely unprofessional and threw the parcel over the gate. Deeply disappointed with this purchase.,2025-11-20 09:00:00
FB-10156,PC Accessories,Delivery & Packaging,1,Negative,The delivery was very late and box arrived broken with damaged items inside. Deeply disappointed with this purchase.,2025-01-20 01:00:00
FB-10157,Electronics,Product Quality,5,Positive,"Genuinely surprised by how well built this unit is compared to competitors. Also, regarding usability & interface, basic interface that gets the job done without bells and whistles.",2025-10-11 23:00:00
FB-10158,Audio,Usability & Interface,2,Negative,"Companion app demands unnecessary location and contact permissions just to operate. Also, regarding customer support, technical support team was empathetic and provided a swift warranty claim approval.",2025-02-22 10:00:00
FB-10159,Audio,Usability & Interface,1,Negative,"Companion app is full of bugs, crashes continuously on opening. Deeply disappointed with this purchase.",2025-08-13 16:00:00
FB-10160,Wearables,Delivery & Packaging,3,Neutral,"Outer box had slight wrinkles, but internal cushion protected the merchandise. Still deciding whether to keep it or exchange it.",2025-12-14 19:00:00
FB-10161,Wearables,Product Quality,5,Positive,"High quality materials used, exceeded my expectations completely. Also, regarding usability & interface, software is functional but aesthetics feel somewhat dated and utilitarian.",2025-12-03 19:00:00
FB-10162,PC Accessories,Product Quality,2,Negative,Overheats dangerously within twenty minutes of moderate usage.,2025-06-08 20:00:00
FB-10163,PC Accessories,Customer Support,2,Negative,"Ignored my warranty claim emails for two weeks, absolute lack of accountability. Deeply disappointed with this purchase.",2025-11-26 10:00:00
FB-10164,PC Accessories,Pricing & Value,1,Negative,Extremely expensive maintenance and replacement parts cost more than the device itself. Very frustrating experience overall.,2025-04-03 06:00:00
FB-10165,Audio,Customer Support,5,Positive,"Agent was very knowledgeable, friendly, and guided me step-by-step through setup. Truly pleased with this purchase!",2025-02-21 16:00:00
FB-10166,PC Accessories,Delivery & Packaging,1,Negative,"Extremely delayed delivery, took more than two weeks past the scheduled arrival date. Also, regarding customer support, agent was very knowledgeable, friendly, and guided me step-by-step through setup.",2025-12-21 19:00:00
FB-10167,Electronics,Pricing & Value,1,Negative,"Overhyped and overpriced, thoroughly disappointed with the value proposition. Will be returning this immediately for a full refund.",2025-08-16 19:00:00
FB-10168,PC Accessories,Customer Support,5,Positive,"Quick response time via live chat, query was sorted out professionally without delays. Will definitely buy from this brand again.",2025-04-10 11:00:00
FB-10169,Wearables,Pricing & Value,2,Negative,"Overhyped and overpriced, thoroughly disappointed with the value proposition. Also, regarding usability & interface, extremely user-friendly interface, even my elderly parents found it easy to operate.",2025-11-06 04:00:00
FB-10170,Wearables,Pricing & Value,1,Negative,Way too expensive for something that lacks standard modern basic features.,2025-12-31 16:00:00
FB-10171,Audio,Product Quality,2,Negative,"Severe hardware lag and constant crashes, utterly unusable for work. Also, regarding delivery & packaging, packaging was somewhat plain cardboard, but the inner device was safe.",2025-04-24 14:00:00
FB-10172,Electronics,Pricing & Value,1,Negative,"Overhyped and overpriced, thoroughly disappointed with the value proposition. Also, regarding customer support, the agent answered my question eventually, though they seemed quite rushed.",2025-07-11 07:00:00
FB-10173,Audio,Delivery & Packaging,4,Positive,"Package arrived in pristine condition, delivery courier was very professional. Will definitely buy from this brand again.",2025-12-23 04:00:00
FB-10174,PC Accessories,Pricing & Value,2,Negative,Absurdly overpriced for such poor functionality and cheap construction.,2025-01-10 08:00:00
FB-10175,PC Accessories,Usability & Interface,4,Positive,"Software update was seamless and added really neat personalization widgets. Also, regarding delivery & packaging, eco-friendly yet sturdy packaging, product was fully secured from shocks.",2025-03-04 01:00:00
FB-10176,Electronics,Product Quality,5,Positive,"Works flawlessly straight out of the box, zero hardware defects found. Also, regarding customer support, misleading promises by support executives regarding repair turnaround time.",2025-10-22 07:00:00
FB-10177,Electronics,Pricing & Value,2,Negative,"Price gouging at its finest, nowhere near worth the steep asking price. Do not waste your time and money on this.",2025-08-02 05:00:00
FB-10178,Wearables,Usability & Interface,1,Negative,"Complicated and frustrating setup process, confusing error codes with no explanation.",2025-10-06 16:00:00
FB-10179,Smart Home,Pricing & Value,1,Negative,"Absurdly overpriced for such poor functionality and cheap construction. Also, regarding delivery & packaging, delivery arrived on the promised date, standard courier service.",2025-07-02 02:00:00
FB-10180,Wearables,Usability & Interface,4,Positive,"User interface is clean, responsive, and packed with customizable shortcut options. Five stars without any hesitation.",2025-06-23 20:00:00
FB-10181,Audio,Pricing & Value,5,Positive,Unbeatable price-to-performance ratio in this budget category. Will definitely buy from this brand again.,2025-01-19 09:00:00
FB-10182,Wearables,Product Quality,4,Positive,"Outstanding craftsmanship and reliable performance under daily heavy usage. Also, regarding usability & interface, interface is simple enough, though some menu settings are buried deep.",2025-11-28 06:00:00
FB-10183,Wearables,Delivery & Packaging,4,Positive,Immaculate packaging with heavy protective bubble wrap and tamper-proof seal.,2025-08-12 12:00:00
FB-10184,Audio,Delivery & Packaging,2,Negative,"Delivery driver was extremely unprofessional and threw the parcel over the gate. Also, regarding pricing & value, hidden subscription fees not mentioned on product page, feels predatory and deceptive.",2025-02-12 23:00:00
FB-10185,Audio,Usability & Interface,5,Positive,"Software update was seamless and added really neat personalization widgets. Furthermore, overall performance has been rock solid.",2025-02-10 10:00:00
FB-10186,PC Accessories,Pricing & Value,2,Negative,"Overhyped and overpriced, thoroughly disappointed with the value proposition. Deeply disappointed with this purchase.",2025-06-29 14:00:00
FB-10187,Smart Home,Usability & Interface,5,Positive,"Effortless ergonomics and controls are laid out very sensibly for one-handed operation. Also, regarding product quality, solid build, great tactile feedback on buttons, feels like an expensive flagship.",2025-07-06 16:00:00
FB-10188,Audio,Product Quality,1,Negative,"Buttons became unresponsive after one week, waste of my hard-earned money. Also, regarding usability & interface, user interface is clean, responsive, and packed with customizable shortcut options.",2025-02-04 07:00:00
FB-10189,Smart Home,Delivery & Packaging,2,Negative,"Disastrous delivery, product casing was cracked and broken due to rough transit impact. Will be returning this immediately for a full refund.",2025-12-14 14:00:00
FB-10190,Electronics,Pricing & Value,2,Negative,"Price gouging at its finest, nowhere near worth the steep asking price. Very frustrating experience overall.",2025-07-23 10:00:00
FB-10191,Electronics,Product Quality,3,Neutral,"It works as advertised, neither great nor bad, average hardware. Also, regarding usability & interface, complicated and frustrating setup process, confusing error codes with no explanation.",2025-05-15 08:00:00
FB-10192,Wearables,Usability & Interface,1,Negative,"Horrible ergonomics, uncomfortable to wear or hold after just 10 minutes. Will be returning this immediately for a full refund.",2025-02-07 14:00:00
FB-10193,Wearables,Product Quality,5,Positive,The screen clarity and speaker output quality are phenomenal.,2025-10-09 17:00:00
FB-10194,Audio,Customer Support,5,Positive,"The representative was courteous, listened patiently, and solved the configuration error. Also, regarding product quality, durability is top notch. dropped it twice accidentally and no damage at all.",2025-05-02 15:00:00
FB-10195,PC Accessories,Pricing & Value,5,Positive,"Unbeatable price-to-performance ratio in this budget category. Also, regarding product quality, outstanding craftsmanship and reliable performance under daily heavy usage.",2025-07-23 22:00:00
FB-10196,PC Accessories,Pricing & Value,2,Negative,"Complete rip-off, you can get far better alternatives at half the cost. Very frustrating experience overall.",2025-11-25 02:00:00
FB-10197,PC Accessories,Customer Support,5,Positive,Support executive followed up the next day to confirm everything was functioning smoothly. Highly recommended to anyone looking for a dependable option.,2025-08-10 16:00:00
FB-10198,PC Accessories,Product Quality,1,Negative,Overheats dangerously within twenty minutes of moderate usage. Will be returning this immediately for a full refund.,2025-06-15 22:00:00
FB-10199,Wearables,Product Quality,5,Positive,"Superb hardware performance and the finish looks very premium. Also, regarding pricing & value, best investment i made this month, total bang for your buck.",2025-11-11 17:00:00
FB-10200,PC Accessories,Usability & Interface,4,Positive,"User interface is clean, responsive, and packed with customizable shortcut options. Five stars without any hesitation.",2025-11-06 10:00:00
FB-10201,Electronics,Product Quality,1,Negative,"Defective unit received, stopped powering on after only three days.",2025-10-23 08:00:00
FB-10202,Electronics,Usability & Interface,2,Negative,"Horrible ergonomics, uncomfortable to wear or hold after just 10 minutes.",2025-10-07 09:00:00
FB-10203,Audio,Pricing & Value,3,Neutral,"Cost matches the output quality, straightforward transaction. However, there is definitely room for minor improvements.",2025-12-19 01:00:00
FB-10204,Smart Home,Pricing & Value,5,Positive,High-end premium features offered at an accessible and reasonable price point. Highly recommended to anyone looking for a dependable option.,2025-06-10 22:00:00
FB-10205,Audio,Pricing & Value,5,Positive,"Very economical pricing without cutting corners on essential functionality. Also, regarding product quality, product quality is okay for casual use, but don't expect industrial durability.",2025-08-27 03:00:00
FB-10206,Electronics,Customer Support,4,Positive,"Customer service was incredibly helpful, polite, and resolved my issue within minutes. Will definitely buy from this brand again.",2025-11-12 13:00:00
FB-10207,PC Accessories,Delivery & Packaging,4,Positive,"Arrived ahead of scheduled delivery window, safe doorstep drop-off. Highly recommended to anyone looking for a dependable option.",2025-09-13 16:00:00
FB-10208,Electronics,Pricing & Value,3,Neutral,Fairly priced compared to existing market alternatives with similar specs.,2025-09-16 14:00:00
FB-10209,Wearables,Usability & Interface,1,Negative,"Companion app is full of bugs, crashes continuously on opening. Deeply disappointed with this purchase.",2025-11-02 20:00:00
FB-10210,Electronics,Usability & Interface,2,Negative,"Complicated and frustrating setup process, confusing error codes with no explanation. Also, regarding delivery & packaging, flimsy packaging with zero protective padding, product arrived with visible dents and broken parts.",2025-07-26 11:00:00
FB-10211,PC Accessories,Usability & Interface,4,Positive,"Extremely user-friendly interface, even my elderly parents found it easy to operate. Truly pleased with this purchase!",2025-02-07 12:00:00
FB-10212,PC Accessories,Usability & Interface,3,Neutral,"Companion mobile app works fine, occasionally takes a few seconds to sync data. However, there is definitely room for minor improvements.",2025-07-21 11:00:00
FB-10213,Wearables,Usability & Interface,2,Negative,"Awful user interface design, cluttered screens and counter-intuitive navigation. Do not waste your time and money on this.",2025-07-25 16:00:00
FB-10214,Wearables,Customer Support,4,Positive,"Technical support team was empathetic and provided a swift warranty claim approval. Also, regarding delivery & packaging, package was lost in transit for a week and arrived late with torn packaging.",2025-03-13 10:00:00
FB-10215,Smart Home,Customer Support,2,Negative,"Awful post-purchase service, once they have your money they stop caring completely.",2025-06-03 18:00:00
FB-10216,Wearables,Usability & Interface,5,Positive,Voice commands and gesture shortcuts work reliably every single time.,2025-07-08 10:00:00
FB-10217,Wearables,Usability & Interface,2,Negative,"Companion app is full of bugs, crashes continuously on opening. Also, regarding delivery & packaging, disastrous delivery, product casing was cracked and broken due to rough transit impact.",2025-10-23 07:00:00
FB-10218,PC Accessories,Customer Support,2,Negative,"Awful post-purchase service, once they have your money they stop caring completely.",2025-07-14 04:00:00
FB-10219,PC Accessories,Product Quality,1,Negative,"Terrible build quality, cheap creaking plastic that feels very flimsy. Deeply disappointed with this purchase.",2025-06-10 13:00:00
FB-10220,PC Accessories,Pricing & Value,4,Positive,"Offers tremendous cost efficiency, definitely superior to pricier brand alternatives.",2025-02-01 22:00:00
FB-10221,Wearables,Usability & Interface,4,Positive,"Voice commands and gesture shortcuts work reliably every single time. Also, regarding delivery & packaging, flawless unboxing experience, clean premium box design and intact seal.",2025-09-30 10:00:00
FB-10222,Smart Home,Usability & Interface,3,Neutral,"Ergonomics are fine for average hand sizes, might feel bulky for smaller grips.",2025-05-23 17:00:00
FB-10223,Audio,Delivery & Packaging,5,Positive,"Flawless unboxing experience, clean premium box design and intact seal. Truly pleased with this purchase!",2025-10-14 23:00:00
FB-10224,PC Accessories,Usability & Interface,4,Positive,"Setup guide was crystal clear with diagrams, painless initial configuration.",2025-07-22 11:00:00
FB-10225,Electronics,Delivery & Packaging,1,Negative,"Courier marked package as delivered when no one actually came, had to chase them for days.",2025-02-10 11:00:00
FB-10226,Audio,Pricing & Value,2,Negative,"Regret buying this, zero value for money and totally unjustified pricing.",2025-05-19 17:00:00
FB-10227,PC Accessories,Product Quality,1,Negative,"Buttons became unresponsive after one week, waste of my hard-earned money. I strongly urge buyers to stay away from this product.",2025-12-09 16:00:00
FB-10228,Electronics,Product Quality,4,Positive,"Solid build, great tactile feedback on buttons, feels like an expensive flagship. Will definitely buy from this brand again.",2025-02-21 21:00:00
FB-10229,Audio,Usability & Interface,1,Negative,"Firmware update bricked the settings menu, requiring complete factory reset. Also, regarding pricing & value, a bit on the higher side, but acceptable given the current market inflation.",2025-05-28 10:00:00
FB-10230,PC Accessories,Product Quality,4,Positive,"Superb hardware performance and the finish looks very premium. Also, regarding customer support, prompt email support with clear screenshots and instructions, highly impressed.",2025-04-01 01:00:00
FB-10231,Audio,Pricing & Value,2,Negative,"Hidden subscription fees not mentioned on product page, feels predatory and deceptive.",2025-01-05 09:00:00
FB-10232,Wearables,Delivery & Packaging,3,Neutral,"Tracking status didn't update for two days, though parcel arrived on schedule.",2025-10-06 16:00:00
FB-10233,Smart Home,Usability & Interface,3,Neutral,"Software is functional but aesthetics feel somewhat dated and utilitarian. However, there is definitely room for minor improvements.",2025-06-19 05:00:00
FB-10234,Electronics,Customer Support,2,Negative,"Zero customer support response, automated bot keeps looping without human takeover.",2025-10-18 21:00:00
FB-10235,Smart Home,Usability & Interface,1,Negative,"Firmware update bricked the settings menu, requiring complete factory reset. Also, regarding product quality, decent materials used, but some plastic parts feel slightly cheap.",2025-04-05 04:00:00
FB-10236,Wearables,Product Quality,3,Neutral,"Hardware is average, nothing to write home about but does the job. Still deciding whether to keep it or exchange it.",2025-06-18 09:00:00
FB-10237,Wearables,Delivery & Packaging,3,Neutral,"Courier left package with neighbor without informing beforehand, but received safely. However, there is definitely room for minor improvements.",2025-08-27 09:00:00
FB-10238,Wearables,Product Quality,5,Positive,"The screen clarity and speaker output quality are phenomenal. Also, regarding delivery & packaging, flawless unboxing experience, clean premium box design and intact seal.",2025-03-20 14:00:00
FB-10239,PC Accessories,Pricing & Value,2,Negative,"Total waste of budget, inferior hardware marked up by aggressive marketing.",2025-12-07 06:00:00
FB-10240,Smart Home,Usability & Interface,1,Negative,Font size on display is tiny and unreadable under outdoor sunlight.,2025-02-09 18:00:00
FB-10241,PC Accessories,Usability & Interface,4,Positive,"User interface is clean, responsive, and packed with customizable shortcut options. Five stars without any hesitation.",2025-08-15 03:00:00
FB-10242,PC Accessories,Product Quality,2,Negative,"Inferior product quality, nowhere close to the advertised technical specs.",2025-08-21 04:00:00
FB-10243,Electronics,Usability & Interface,3,Neutral,"Usability is acceptable, takes a day or two of learning curve to get accustomed. Also, regarding delivery & packaging, package arrived completely crushed and soaked in moisture, awful courier handling.",2025-07-22 08:00:00
FB-10244,Electronics,Usability & Interface,1,Negative,"Companion app is full of bugs, crashes continuously on opening. Also, regarding product quality, defective unit received, stopped powering on after only three days.",2025-02-05 15:00:00
FB-10245,Audio,Customer Support,5,Positive,"Prompt email support with clear screenshots and instructions, highly impressed. Will definitely buy from this brand again.",2025-08-18 12:00:00
FB-10246,Electronics,Delivery & Packaging,4,Positive,"Package arrived in pristine condition, delivery courier was very professional.",2025-07-21 16:00:00
FB-10247,Electronics,Product Quality,4,Positive,"Outstanding craftsmanship and reliable performance under daily heavy usage. Also, regarding usability & interface, firmware update bricked the settings menu, requiring complete factory reset.",2025-04-28 07:00:00
FB-10248,Audio,Delivery & Packaging,3,Neutral,"Packaging was somewhat plain cardboard, but the inner device was safe. It works for basic needs but don't expect miracles.",2025-11-11 00:00:00
FB-10249,PC Accessories,Product Quality,4,Positive,"The build quality is exceptional, feels sturdy and well-engineered. Also, regarding customer support, customer service was incredibly helpful, polite, and resolved my issue within minutes.",2025-07-25 14:00:00
FB-10250,Audio,Product Quality,4,Positive,Impressive battery endurance and the internal hardware runs surprisingly cool.,2025-04-30 23:00:00
FB-10251,Wearables,Customer Support,3,Neutral,Support was standard. Took two rounds of emails to get my invoice updated.,2025-09-24 07:00:00
FB-10252,PC Accessories,Product Quality,5,Positive,Genuinely surprised by how well built this unit is compared to competitors.,2025-03-31 20:00:00
FB-10253,Wearables,Product Quality,2,Negative,"The hinge broke on normal opening, fragile construction and shoddy materials.",2025-06-13 22:00:00
FB-10254,Smart Home,Delivery & Packaging,4,Positive,"Package arrived in pristine condition, delivery courier was very professional.",2025-08-31 07:00:00
FB-10255,Smart Home,Customer Support,2,Negative,"Worst customer support imaginable, agent was rude and abruptly disconnected the call. Also, regarding usability & interface, font size on display is tiny and unreadable under outdoor sunlight.",2025-03-10 12:00:00
FB-10256,Electronics,Delivery & Packaging,4,Positive,"Flawless unboxing experience, clean premium box design and intact seal.",2025-02-17 17:00:00
FB-10257,Wearables,Product Quality,1,Negative,"The hinge broke on normal opening, fragile construction and shoddy materials. Also, regarding customer support, quick response time via live chat, query was sorted out professionally without delays.",2025-10-28 23:00:00
FB-10258,Audio,Pricing & Value,1,Negative,Extremely expensive maintenance and replacement parts cost more than the device itself. I strongly urge buyers to stay away from this product.,2025-04-19 06:00:00
FB-10259,Audio,Pricing & Value,1,Negative,"Price gouging at its finest, nowhere near worth the steep asking price.",2025-07-23 07:00:00
FB-10260,Smart Home,Pricing & Value,3,Neutral,"Just about justifies its price tag, don't expect premium flagship luxury. Also, regarding delivery & packaging, delivery was delayed by half a day due to weather, but tracking was updated.",2025-09-20 15:00:00
FB-10261,Audio,Delivery & Packaging,3,Neutral,"Delivery was delayed by half a day due to weather, but tracking was updated. However, there is definitely room for minor improvements.",2025-10-16 07:00:00
FB-10262,PC Accessories,Delivery & Packaging,1,Negative,"Disastrous delivery, product casing was cracked and broken due to rough transit impact. Also, regarding usability & interface, setup is straightforward if you follow the manual, slightly confusing otherwise.",2025-04-11 10:00:00
FB-10263,PC Accessories,Pricing & Value,4,Positive,Very economical pricing without cutting corners on essential functionality. Will definitely buy from this brand again.,2025-11-25 23:00:00
FB-10264,Audio,Delivery & Packaging,3,Neutral,"Took five days to arrive, which is standard transit time for my location.",2025-09-08 05:00:00
FB-10265,Electronics,Usability & Interface,1,Negative,"Complicated and frustrating setup process, confusing error codes with no explanation.",2025-12-09 01:00:00
FB-10266,Audio,Customer Support,2,Negative,"Ignored my warranty claim emails for two weeks, absolute lack of accountability.",2025-01-05 06:00:00
FB-10267,PC Accessories,Product Quality,3,Neutral,"Meets the minimum baseline expectation, but lacks premium refinement.",2025-12-04 15:00:00
FB-10268,Electronics,Product Quality,5,Positive,Impressive battery endurance and the internal hardware runs surprisingly cool.,2025-10-02 09:00:00
FB-10269,Electronics,Customer Support,5,Positive,"Support team went above and beyond to arrange an immediate replacement. Also, regarding delivery & packaging, very impressed with how quickly and securely the package was delivered.",2025-09-27 08:00:00
FB-10270,Electronics,Pricing & Value,2,Negative,Extremely expensive maintenance and replacement parts cost more than the device itself.,2025-08-24 18:00:00
FB-10271,Electronics,Delivery & Packaging,4,Positive,"Lightning fast delivery, arrived a full day before the estimated date. Will definitely buy from this brand again.",2025-07-13 17:00:00
FB-10272,Electronics,Customer Support,3,Neutral,"Got my query resolved, although the transfer between departments was cumbersome.",2025-11-27 10:00:00
FB-10273,Electronics,Usability & Interface,3,Neutral,"Ergonomics are fine for average hand sizes, might feel bulky for smaller grips. It works for basic needs but don't expect miracles.",2025-05-19 01:00:00
FB-10274,PC Accessories,Usability & Interface,2,Negative,"Companion app is full of bugs, crashes continuously on opening. Very frustrating experience overall.",2025-01-09 06:00:00
FB-10275,Wearables,Product Quality,3,Neutral,"It works as advertised, neither great nor bad, average hardware. Also, regarding usability & interface, font size on display is tiny and unreadable under outdoor sunlight.",2025-06-19 12:00:00
FB-10276,PC Accessories,Product Quality,1,Negative,"Battery drains completely in less than an hour, horrible battery life. Deeply disappointed with this purchase.",2025-04-29 02:00:00
FB-10277,Electronics,Delivery & Packaging,5,Positive,"Eco-friendly yet sturdy packaging, product was fully secured from shocks.",2025-08-19 15:00:00
FB-10278,Audio,Pricing & Value,5,Positive,"Offers tremendous cost efficiency, definitely superior to pricier brand alternatives. Also, regarding product quality, severe hardware lag and constant crashes, utterly unusable for work.",2025-05-07 22:00:00
FB-10279,Smart Home,Customer Support,5,Positive,"Agent was very knowledgeable, friendly, and guided me step-by-step through setup.",2025-06-12 11:00:00
FB-10280,Smart Home,Delivery & Packaging,4,Positive,"Arrived ahead of scheduled delivery window, safe doorstep drop-off.",2025-02-22 04:00:00
FB-10281,PC Accessories,Pricing & Value,5,Positive,"Exceptional deal during the sale, thoroughly satisfied with this purchase value. Also, regarding product quality, high quality materials used, exceeded my expectations completely.",2025-07-01 17:00:00
FB-10282,Electronics,Pricing & Value,5,Positive,"Best investment I made this month, total bang for your buck. Also, regarding product quality, microphone sound is muffled and distorted, completely ruined phone calls.",2025-05-05 18:00:00
FB-10283,Audio,Customer Support,3,Neutral,"Average support interaction, problem was solved but took longer than anticipated. It works for basic needs but don't expect miracles.",2025-03-16 02:00:00
FB-10284,Wearables,Pricing & Value,5,Positive,Fair pricing for such rich features and solid build quality.,2025-07-04 08:00:00
FB-10285,PC Accessories,Usability & Interface,2,Negative,"Bluetooth connection drops randomly every 5 minutes, infuriating to use. Also, regarding customer support, customer support answered my call, but had to wait on hold for 15 minutes.",2025-07-22 10:00:00
FB-10286,Smart Home,Delivery & Packaging,2,Negative,"Flimsy packaging with zero protective padding, product arrived with visible dents and broken parts. Also, regarding customer support, help desk reached out after 36 hours, could be faster but resolved the ticket.",2025-11-05 22:00:00
FB-10287,Smart Home,Customer Support,5,Positive,"The representative was courteous, listened patiently, and solved the configuration error. Will definitely buy from this brand again.",2025-10-22 07:00:00
FB-10288,Wearables,Pricing & Value,5,Positive,"Got this at a great discount, absolutely worth every single penny spent.",2025-04-13 18:00:00
FB-10289,Electronics,Usability & Interface,1,Negative,"Horrible ergonomics, uncomfortable to wear or hold after just 10 minutes.",2025-04-18 14:00:00
FB-10290,Smart Home,Pricing & Value,1,Negative,"Grossly overpriced, feels like a cheap ten dollar gadget sold at premium rates. Also, regarding customer support, support was standard. took two rounds of emails to get my invoice updated.",2025-08-05 12:00:00
FB-10291,Smart Home,Usability & Interface,5,Positive,"Software update was seamless and added really neat personalization widgets. Also, regarding pricing & value, absurdly overpriced for such poor functionality and cheap construction.",2025-07-04 22:00:00
FB-10292,Audio,Product Quality,1,Negative,"Battery drains completely in less than an hour, horrible battery life. Do not waste your time and money on this.",2025-01-23 18:00:00
FB-10293,Smart Home,Delivery & Packaging,2,Negative,The delivery was very late and box arrived broken with damaged items inside. Very frustrating experience overall.,2025-04-24 16:00:00
FB-10294,Wearables,Pricing & Value,1,Negative,"Overhyped and overpriced, thoroughly disappointed with the value proposition. Also, regarding customer support, customer support answered my call, but had to wait on hold for 15 minutes.",2025-09-05 03:00:00
FB-10295,Audio,Product Quality,4,Positive,The screen clarity and speaker output quality are phenomenal. Will definitely buy from this brand again.,2025-04-16 16:00:00
FB-10296,Smart Home,Product Quality,3,Neutral,"Battery life is around 5 hours, which is just about manageable for a workday. Still deciding whether to keep it or exchange it.",2025-01-23 22:00:00
FB-10297,Audio,Product Quality,5,Positive,"Superb hardware performance and the finish looks very premium. Also, regarding delivery & packaging, packaging was adequate, minimal cushioning but fortunately no damage.",2025-08-07 14:00:00
FB-10298,Audio,Customer Support,5,Positive,"Prompt email support with clear screenshots and instructions, highly impressed. Five stars without any hesitation.",2025-04-12 14:00:00
FB-10299,Audio,Product Quality,3,Neutral,"Product quality is okay for casual use, but don't expect industrial durability. However, there is definitely room for minor improvements.",2025-10-23 03:00:00
FB-10300,Wearables,Delivery & Packaging,1,Negative,"The outer box was opened and the product inside was broken and defective. Also, regarding pricing & value, total waste of budget, inferior hardware marked up by aggressive marketing.",2025-09-28 20:00:00
FB-10301,Smart Home,Usability & Interface,5,Positive,"Pleasant ergonomic design, comfortable to hold and interact with for prolonged hours. Truly pleased with this purchase!",2025-08-23 19:00:00
FB-10302,PC Accessories,Usability & Interface,5,Positive,"Seamless pairing process, took literally 30 seconds to connect and start using. Also, regarding delivery & packaging, super quick dispatch and real-time live gps tracking was very accurate.",2025-06-06 03:00:00
FB-10303,Smart Home,Usability & Interface,4,Positive,"Setup guide was crystal clear with diagrams, painless initial configuration. Also, regarding pricing & value, value for money is average, you get what you pay for.",2025-09-07 20:00:00
FB-10304,Audio,Usability & Interface,3,Neutral,"Controls are responsive, although button labeling could be clearer. On the whole, it is an okay balance between pros and cons.",2025-06-11 14:00:00
FB-10305,Smart Home,Product Quality,3,Neutral,"It works as advertised, neither great nor bad, average hardware. It works for basic needs but don't expect miracles.",2025-10-15 16:00:00
FB-10306,Smart Home,Pricing & Value,2,Negative,"Total waste of budget, inferior hardware marked up by aggressive marketing. Also, regarding product quality, defective unit received, stopped powering on after only three days.",2025-04-23 09:00:00
FB-10307,Wearables,Usability & Interface,4,Positive,"User interface is clean, responsive, and packed with customizable shortcut options.",2025-10-17 23:00:00
FB-10308,PC Accessories,Usability & Interface,2,Negative,"Complicated and frustrating setup process, confusing error codes with no explanation. Also, regarding delivery & packaging, flimsy packaging with zero protective padding, product arrived with visible dents and broken parts.",2025-10-05 01:00:00
FB-10309,Audio,Usability & Interface,2,Negative,"Firmware update bricked the settings menu, requiring complete factory reset. Will be returning this immediately for a full refund.",2025-06-02 01:00:00
FB-10310,Smart Home,Product Quality,5,Positive,"High quality materials used, exceeded my expectations completely.",2025-05-02 06:00:00
FB-10311,Smart Home,Usability & Interface,2,Negative,"Awful user interface design, cluttered screens and counter-intuitive navigation. Also, regarding customer support, customer service was incredibly helpful, polite, and resolved my issue within minutes.",2025-10-19 11:00:00
FB-10312,Wearables,Delivery & Packaging,3,Neutral,"Outer box had slight wrinkles, but internal cushion protected the merchandise. Also, regarding product quality, solid build, great tactile feedback on buttons, feels like an expensive flagship.",2025-01-31 08:00:00
FB-10313,Audio,Customer Support,1,Negative,Help desk refused to honor the return policy despite clear photographic evidence.,2025-05-07 21:00:00
FB-10314,Wearables,Usability & Interface,4,Positive,"Setup guide was crystal clear with diagrams, painless initial configuration. Furthermore, overall performance has been rock solid.",2025-11-21 02:00:00
FB-10315,Smart Home,Delivery & Packaging,5,Positive,"Flawless unboxing experience, clean premium box design and intact seal. Furthermore, overall performance has been rock solid.",2025-02-17 23:00:00
FB-10316,PC Accessories,Product Quality,2,Negative,"The hinge broke on normal opening, fragile construction and shoddy materials. Deeply disappointed with this purchase.",2025-04-19 15:00:00
FB-10317,PC Accessories,Delivery & Packaging,5,Positive,Very impressed with how quickly and securely the package was delivered. Will definitely buy from this brand again.,2025-06-25 21:00:00
FB-10318,Smart Home,Product Quality,1,Negative,"Defective unit received, stopped powering on after only three days. Will be returning this immediately for a full refund.",2025-08-14 14:00:00
FB-10319,Audio,Customer Support,5,Positive,"Outstanding warranty assistance, hassle-free exchange processed in 24 hours. Truly pleased with this purchase!",2025-02-17 20:00:00
FB-10320,Audio,Delivery & Packaging,4,Positive,"Lightning fast delivery, arrived a full day before the estimated date. Truly pleased with this purchase!",2025-12-25 07:00:00
FB-10321,Electronics,Product Quality,4,Positive,"Superb hardware performance and the finish looks very premium. Also, regarding delivery & packaging, the outer box was opened and the product inside was broken and defective.",2025-09-23 21:00:00
FB-10322,Electronics,Delivery & Packaging,4,Positive,"Excellent logistics, delivery executive called before arrival to confirm availability. Also, regarding usability & interface, extremely user-friendly interface, even my elderly parents found it easy to operate.",2025-07-16 02:00:00
FB-10323,Wearables,Product Quality,1,Negative,"Battery drains completely in less than an hour, horrible battery life.",2025-03-12 12:00:00
FB-10324,Electronics,Customer Support,1,Negative,"Misleading promises by support executives regarding repair turnaround time. Also, regarding delivery & packaging, delivery was delayed by half a day due to weather, but tracking was updated.",2025-04-20 20:00:00
FB-10325,Smart Home,Usability & Interface,2,Negative,"Bluetooth connection drops randomly every 5 minutes, infuriating to use. I strongly urge buyers to stay away from this product.",2025-03-13 03:00:00
FB-10326,Smart Home,Delivery & Packaging,3,Neutral,"Delivery was delayed by half a day due to weather, but tracking was updated.",2025-05-07 08:00:00
FB-10327,PC Accessories,Usability & Interface,3,Neutral,Basic interface that gets the job done without bells and whistles.,2025-05-26 22:00:00
FB-10328,PC Accessories,Customer Support,5,Positive,"Support executive followed up the next day to confirm everything was functioning smoothly. Also, regarding usability & interface, interface is simple enough, though some menu settings are buried deep.",2025-05-03 15:00:00
FB-10329,PC Accessories,Pricing & Value,4,Positive,"Got this at a great discount, absolutely worth every single penny spent. Also, regarding product quality, standard plastic casing, seems fine so far after two weeks of normal use.",2025-03-09 12:00:00
FB-10330,PC Accessories,Delivery & Packaging,2,Negative,"Late delivery ruined a birthday gift surprise, completely unreliable logistics service. Deeply disappointed with this purchase.",2025-02-07 00:00:00
FB-10331,Audio,Delivery & Packaging,3,Neutral,"Delivery arrived on the promised date, standard courier service.",2025-07-23 16:00:00
FB-10332,Smart Home,Pricing & Value,5,Positive,"Got this at a great discount, absolutely worth every single penny spent. Also, regarding customer support, the agent answered my question eventually, though they seemed quite rushed.",2025-06-08 02:00:00
FB-10333,PC Accessories,Customer Support,3,Neutral,"Help desk reached out after 36 hours, could be faster but resolved the ticket. However, there is definitely room for minor improvements.",2025-06-08 22:00:00
FB-10334,Audio,Product Quality,4,Positive,"High quality materials used, exceeded my expectations completely.",2025-03-01 14:00:00
FB-10335,Audio,Delivery & Packaging,3,Neutral,"Packaging was somewhat plain cardboard, but the inner device was safe. On the whole, it is an okay balance between pros and cons.",2025-12-26 00:00:00
FB-10336,PC Accessories,Usability & Interface,5,Positive,Effortless ergonomics and controls are laid out very sensibly for one-handed operation. Highly recommended to anyone looking for a dependable option.,2025-05-18 23:00:00
FB-10337,Smart Home,Delivery & Packaging,1,Negative,"Courier marked package as delivered when no one actually came, had to chase them for days. Also, regarding pricing & value, price gouging at its finest, nowhere near worth the steep asking price.",2025-11-18 02:00:00
FB-10338,Smart Home,Product Quality,3,Neutral,"Meets the minimum baseline expectation, but lacks premium refinement. On the whole, it is an okay balance between pros and cons.",2025-05-11 03:00:00
FB-10339,PC Accessories,Customer Support,1,Negative,"Worst customer support imaginable, agent was rude and abruptly disconnected the call. I strongly urge buyers to stay away from this product.",2025-05-06 01:00:00
FB-10340,Audio,Customer Support,3,Neutral,"Customer support answered my call, but had to wait on hold for 15 minutes. Also, regarding usability & interface, clean software with zero bloatware and smooth navigation animations.",2025-05-08 13:00:00
FB-10341,Electronics,Delivery & Packaging,2,Negative,"Disastrous delivery, product casing was cracked and broken due to rough transit impact. Do not waste your time and money on this.",2025-12-11 01:00:00
FB-10342,Electronics,Pricing & Value,4,Positive,Fair pricing for such rich features and solid build quality.,2025-06-09 10:00:00
FB-10343,Wearables,Product Quality,5,Positive,Superb hardware performance and the finish looks very premium. Truly pleased with this purchase!,2025-11-15 07:00:00
FB-10344,PC Accessories,Customer Support,3,Neutral,"Representative gave scripted answers initially, but later clarified my doubt. It works for basic needs but don't expect miracles.",2025-01-13 07:00:00
FB-10345,Electronics,Delivery & Packaging,3,Neutral,"Average shipping speed, nothing exceptional to complain or praise about.",2025-06-07 03:00:00
FB-10346,Smart Home,Pricing & Value,4,Positive,"Incredible value for money, outperforms products that cost twice as much.",2025-03-14 22:00:00
FB-10347,PC Accessories,Customer Support,4,Positive,"Prompt email support with clear screenshots and instructions, highly impressed.",2025-07-10 14:00:00
FB-10348,Electronics,Usability & Interface,1,Negative,Font size on display is tiny and unreadable under outdoor sunlight. Deeply disappointed with this purchase.,2025-02-08 18:00:00
FB-10349,Audio,Customer Support,3,Neutral,"Average support interaction, problem was solved but took longer than anticipated. Still deciding whether to keep it or exchange it.",2025-07-21 22:00:00
FB-10350,Smart Home,Delivery & Packaging,2,Negative,"Courier marked package as delivered when no one actually came, had to chase them for days. Will be returning this immediately for a full refund.",2025-03-11 18:00:00
FB-10351,Smart Home,Customer Support,4,Positive,"Technical support team was empathetic and provided a swift warranty claim approval. Furthermore, overall performance has been rock solid.",2025-10-02 11:00:00
FB-10352,Wearables,Pricing & Value,1,Negative,"Total waste of budget, inferior hardware marked up by aggressive marketing. I strongly urge buyers to stay away from this product.",2025-02-16 05:00:00
FB-10353,Electronics,Usability & Interface,2,Negative,"Bluetooth connection drops randomly every 5 minutes, infuriating to use.",2025-06-17 04:00:00
FB-10354,Smart Home,Delivery & Packaging,4,Positive,"Prompt shipping, tracking notifications kept me updated at every checkpoint. Truly pleased with this purchase!",2025-05-14 05:00:00
FB-10355,PC Accessories,Pricing & Value,5,Positive,"Exceptional deal during the sale, thoroughly satisfied with this purchase value. Will definitely buy from this brand again.",2025-02-22 04:00:00
FB-10356,Audio,Customer Support,4,Positive,"Quick response time via live chat, query was sorted out professionally without delays.",2025-07-10 21:00:00
FB-10357,PC Accessories,Usability & Interface,3,Neutral,Software is functional but aesthetics feel somewhat dated and utilitarian.,2025-02-08 00:00:00
FB-10358,Audio,Pricing & Value,1,Negative,"Complete rip-off, you can get far better alternatives at half the cost.",2025-06-19 03:00:00
FB-10359,Audio,Product Quality,5,Positive,"Genuinely surprised by how well built this unit is compared to competitors. Also, regarding usability & interface, interface is simple enough, though some menu settings are buried deep.",2025-07-15 21:00:00
FB-10360,Audio,Customer Support,5,Positive,"Outstanding warranty assistance, hassle-free exchange processed in 24 hours. Highly recommended to anyone looking for a dependable option.",2025-01-18 19:00:00
FB-10361,Smart Home,Delivery & Packaging,3,Neutral,"Average shipping speed, nothing exceptional to complain or praise about.",2025-09-03 01:00:00
FB-10362,Smart Home,Customer Support,5,Positive,"Quick response time via live chat, query was sorted out professionally without delays. Also, regarding delivery & packaging, package was lost in transit for a week and arrived late with torn packaging.",2025-01-10 12:00:00
FB-10363,PC Accessories,Pricing & Value,2,Negative,"Total waste of budget, inferior hardware marked up by aggressive marketing. Do not waste your time and money on this.",2025-09-15 10:00:00
FB-10364,Wearables,Product Quality,4,Positive,Genuinely surprised by how well built this unit is compared to competitors. Truly pleased with this purchase!,2025-01-30 15:00:00
FB-10365,Electronics,Customer Support,3,Neutral,"Representative gave scripted answers initially, but later clarified my doubt. Also, regarding pricing & value, absurdly overpriced for such poor functionality and cheap construction.",2025-04-23 18:00:00
FB-10366,Audio,Delivery & Packaging,2,Negative,"Extremely delayed delivery, took more than two weeks past the scheduled arrival date. Very frustrating experience overall.",2025-12-24 11:00:00
FB-10367,PC Accessories,Delivery & Packaging,1,Negative,"Disastrous delivery, product casing was cracked and broken due to rough transit impact. Will be returning this immediately for a full refund.",2025-09-10 17:00:00
FB-10368,Electronics,Product Quality,5,Positive,"The build quality is exceptional, feels sturdy and well-engineered. Highly recommended to anyone looking for a dependable option.",2025-01-11 16:00:00
FB-10369,Audio,Usability & Interface,3,Neutral,"Setup is straightforward if you follow the manual, slightly confusing otherwise. On the whole, it is an okay balance between pros and cons.",2025-06-15 01:00:00
FB-10370,PC Accessories,Product Quality,4,Positive,The screen clarity and speaker output quality are phenomenal.,2025-07-11 22:00:00
FB-10371,Electronics,Usability & Interface,2,Negative,Companion app demands unnecessary location and contact permissions just to operate. Will be returning this immediately for a full refund.,2025-03-22 23:00:00
FB-10372,Audio,Delivery & Packaging,2,Negative,"Package was lost in transit for a week and arrived late with torn packaging. Also, regarding pricing & value, offers tremendous cost efficiency, definitely superior to pricier brand alternatives.",2025-03-31 12:00:00
FB-10373,Audio,Customer Support,5,Positive,"Customer service was incredibly helpful, polite, and resolved my issue within minutes.",2025-10-21 12:00:00
FB-10374,PC Accessories,Customer Support,1,Negative,"Zero customer support response, automated bot keeps looping without human takeover.",2025-11-10 07:00:00
FB-10375,Audio,Pricing & Value,3,Neutral,"It is decently priced, wait for a sale discount if you want better value.",2025-05-02 11:00:00
FB-10376,Wearables,Product Quality,1,Negative,"Inferior product quality, nowhere close to the advertised technical specs. Will be returning this immediately for a full refund.",2025-05-08 22:00:00
FB-10377,Electronics,Product Quality,5,Positive,"The build quality is exceptional, feels sturdy and well-engineered. Will definitely buy from this brand again.",2025-03-27 13:00:00
FB-10378,PC Accessories,Delivery & Packaging,3,Neutral,"Average shipping speed, nothing exceptional to complain or praise about. It works for basic needs but don't expect miracles.",2025-10-23 20:00:00
FB-10379,Smart Home,Customer Support,1,Negative,"Ignored my warranty claim emails for two weeks, absolute lack of accountability.",2025-01-18 09:00:00
FB-10380,Electronics,Product Quality,5,Positive,The screen clarity and speaker output quality are phenomenal. Will definitely buy from this brand again.,2025-03-24 23:00:00
FB-10381,PC Accessories,Delivery & Packaging,4,Positive,Very impressed with how quickly and securely the package was delivered.,2025-12-27 00:00:00
FB-10382,Smart Home,Usability & Interface,4,Positive,"User interface is clean, responsive, and packed with customizable shortcut options. Truly pleased with this purchase!",2025-04-16 06:00:00
FB-10383,Wearables,Delivery & Packaging,5,Positive,Super quick dispatch and real-time live GPS tracking was very accurate. Will definitely buy from this brand again.,2025-10-20 17:00:00
FB-10384,Wearables,Product Quality,1,Negative,"Defective unit received, stopped powering on after only three days. Also, regarding pricing & value, price gouging at its finest, nowhere near worth the steep asking price.",2025-09-03 06:00:00
FB-10385,Wearables,Customer Support,4,Positive,"Support team went above and beyond to arrange an immediate replacement. Also, regarding product quality, hardware is average, nothing to write home about but does the job.",2025-08-30 15:00:00
FB-10386,PC Accessories,Product Quality,2,Negative,"The hinge broke on normal opening, fragile construction and shoddy materials. Deeply disappointed with this purchase.",2025-07-09 05:00:00
FB-10387,Smart Home,Pricing & Value,5,Positive,"Best investment I made this month, total bang for your buck. Truly pleased with this purchase!",2025-10-16 01:00:00
FB-10388,Wearables,Product Quality,4,Positive,"Impressive battery endurance and the internal hardware runs surprisingly cool. Also, regarding delivery & packaging, package arrived completely crushed and soaked in moisture, awful courier handling.",2025-07-18 16:00:00
FB-10389,Audio,Usability & Interface,5,Positive,Voice commands and gesture shortcuts work reliably every single time. Will definitely buy from this brand again.,2026-01-01 01:00:00
FB-10390,Smart Home,Product Quality,3,Neutral,"It works as advertised, neither great nor bad, average hardware.",2025-03-27 06:00:00
FB-10391,Smart Home,Product Quality,1,Negative,"Terrible build quality, cheap creaking plastic that feels very flimsy.",2025-08-11 06:00:00
FB-10392,Wearables,Usability & Interface,1,Negative,Companion app demands unnecessary location and contact permissions just to operate.,2025-02-04 02:00:00
FB-10393,Wearables,Usability & Interface,5,Positive,"Effortless ergonomics and controls are laid out very sensibly for one-handed operation. Also, regarding product quality, buttons became unresponsive after one week, waste of my hard-earned money.",2025-10-28 16:00:00
FB-10394,Audio,Pricing & Value,1,Negative,"Grossly overpriced, feels like a cheap ten dollar gadget sold at premium rates. Also, regarding product quality, genuinely surprised by how well built this unit is compared to competitors.",2025-02-21 09:00:00
FB-10395,Wearables,Pricing & Value,2,Negative,"Overhyped and overpriced, thoroughly disappointed with the value proposition. Also, regarding usability & interface, user interface is clean, responsive, and packed with customizable shortcut options.",2025-05-22 12:00:00
FB-10396,Smart Home,Product Quality,5,Positive,"The screen clarity and speaker output quality are phenomenal. Also, regarding customer support, support staff was clueless, kept transferring me between four different departments.",2025-05-18 11:00:00
FB-10397,Wearables,Delivery & Packaging,5,Positive,"Flawless unboxing experience, clean premium box design and intact seal.",2025-12-17 03:00:00
FB-10398,Wearables,Customer Support,1,Negative,"Support staff was clueless, kept transferring me between four different departments.",2025-06-14 08:00:00
FB-10399,Smart Home,Customer Support,1,Negative,"Kept on hold for over 45 minutes and then call got dropped, hopeless service.",2025-07-28 23:00:00
FB-10400,PC Accessories,Product Quality,3,Neutral,"It works as advertised, neither great nor bad, average hardware. It works for basic needs but don't expect miracles.",2025-03-11 16:00:00
FB-10401,Audio,Customer Support,1,Negative,"Kept on hold for over 45 minutes and then call got dropped, hopeless service.",2025-05-08 01:00:00
FB-10402,Wearables,Customer Support,3,Neutral,"Help desk reached out after 36 hours, could be faster but resolved the ticket.",2025-09-16 12:00:00
FB-10403,Audio,Product Quality,3,Neutral,"Standard plastic casing, seems fine so far after two weeks of normal use. Also, regarding usability & interface, voice commands and gesture shortcuts work reliably every single time.",2025-10-28 17:00:00
FB-10404,Electronics,Delivery & Packaging,4,Positive,"Eco-friendly yet sturdy packaging, product was fully secured from shocks. Furthermore, overall performance has been rock solid.",2025-03-25 18:00:00
FB-10405,Audio,Customer Support,1,Negative,"Kept on hold for over 45 minutes and then call got dropped, hopeless service. Deeply disappointed with this purchase.",2025-09-20 00:00:00
FB-10406,Audio,Pricing & Value,1,Negative,"Grossly overpriced, feels like a cheap ten dollar gadget sold at premium rates. Also, regarding product quality, outstanding craftsmanship and reliable performance under daily heavy usage.",2025-11-08 09:00:00
FB-10407,Smart Home,Pricing & Value,2,Negative,"Extremely expensive maintenance and replacement parts cost more than the device itself. Also, regarding customer support, average support interaction, problem was solved but took longer than anticipated.",2025-12-13 16:00:00
FB-10408,Electronics,Usability & Interface,2,Negative,"Companion app is full of bugs, crashes continuously on opening. Also, regarding delivery & packaging, late delivery ruined a birthday gift surprise, completely unreliable logistics service.",2025-11-01 19:00:00
FB-10409,Electronics,Pricing & Value,4,Positive,Very economical pricing without cutting corners on essential functionality.,2025-11-24 10:00:00
FB-10410,Audio,Delivery & Packaging,2,Negative,"Extremely delayed delivery, took more than two weeks past the scheduled arrival date. Also, regarding customer support, support executive followed up the next day to confirm everything was functioning smoothly.",2025-07-26 21:00:00
FB-10411,Smart Home,Product Quality,4,Positive,Outstanding craftsmanship and reliable performance under daily heavy usage. Will definitely buy from this brand again.,2025-07-27 12:00:00
FB-10412,Audio,Delivery & Packaging,1,Negative,"Late delivery ruined a birthday gift surprise, completely unreliable logistics service. Also, regarding usability & interface, companion app demands unnecessary location and contact permissions just to operate.",2025-09-17 09:00:00
FB-10413,Electronics,Delivery & Packaging,1,Negative,Delivery driver was extremely unprofessional and threw the parcel over the gate. Very frustrating experience overall.,2025-10-14 05:00:00
FB-10414,Audio,Product Quality,2,Negative,"Battery drains completely in less than an hour, horrible battery life. Very frustrating experience overall.",2025-08-04 10:00:00
FB-10415,Electronics,Pricing & Value,5,Positive,Fair pricing for such rich features and solid build quality. Five stars without any hesitation.,2025-10-25 19:00:00
FB-10416,Electronics,Usability & Interface,4,Positive,"Setup guide was crystal clear with diagrams, painless initial configuration. Also, regarding pricing & value, unbeatable price-to-performance ratio in this budget category.",2025-03-12 06:00:00
FB-10417,Wearables,Customer Support,5,Positive,"Agent was very knowledgeable, friendly, and guided me step-by-step through setup.",2025-09-07 10:00:00
FB-10418,Electronics,Delivery & Packaging,3,Neutral,"Delivery arrived on the promised date, standard courier service. Also, regarding customer support, support executive followed up the next day to confirm everything was functioning smoothly.",2025-03-23 15:00:00
FB-10419,PC Accessories,Customer Support,1,Negative,"Terrible customer care, treated me like a nuisance when asking for replacement. Also, regarding usability & interface, controls are responsive, although button labeling could be clearer.",2025-07-16 00:00:00
FB-10420,Electronics,Delivery & Packaging,4,Positive,"Arrived ahead of scheduled delivery window, safe doorstep drop-off.",2025-09-29 06:00:00
FB-10421,Audio,Customer Support,4,Positive,"The representative was courteous, listened patiently, and solved the configuration error. Furthermore, overall performance has been rock solid.",2025-07-16 16:00:00
FB-10422,Electronics,Product Quality,3,Neutral,Performance is mediocre. Does basic tasks fine but stutters during multitasking.,2025-08-22 23:00:00
FB-10423,Audio,Pricing & Value,3,Neutral,"It is decently priced, wait for a sale discount if you want better value.",2025-09-08 11:00:00
FB-10424,Electronics,Pricing & Value,1,Negative,"Regret buying this, zero value for money and totally unjustified pricing. Will be returning this immediately for a full refund.",2025-04-19 23:00:00
FB-10425,Wearables,Product Quality,4,Positive,"The build quality is exceptional, feels sturdy and well-engineered. Truly pleased with this purchase!",2025-10-01 19:00:00
FB-10426,Electronics,Product Quality,4,Positive,"The build quality is exceptional, feels sturdy and well-engineered. Also, regarding usability & interface, app layout is adequate, would appreciate more customization options in future updates.",2025-03-05 17:00:00
FB-10427,Electronics,Customer Support,4,Positive,"Outstanding warranty assistance, hassle-free exchange processed in 24 hours. Also, regarding product quality, microphone sound is muffled and distorted, completely ruined phone calls.",2025-05-19 19:00:00
FB-10428,Electronics,Pricing & Value,3,Neutral,"Just about justifies its price tag, don't expect premium flagship luxury.",2025-03-02 09:00:00
FB-10429,Audio,Pricing & Value,4,Positive,"Offers tremendous cost efficiency, definitely superior to pricier brand alternatives. Truly pleased with this purchase!",2025-09-25 06:00:00
FB-10430,Audio,Delivery & Packaging,5,Positive,"Lightning fast delivery, arrived a full day before the estimated date. Also, regarding customer support, support staff was clueless, kept transferring me between four different departments.",2025-06-19 07:00:00
FB-10431,PC Accessories,Product Quality,4,Positive,"Works flawlessly straight out of the box, zero hardware defects found. Furthermore, overall performance has been rock solid.",2025-09-19 02:00:00
FB-10432,Audio,Delivery & Packaging,1,Negative,Delivery driver was extremely unprofessional and threw the parcel over the gate.,2025-06-01 08:00:00
FB-10433,Electronics,Customer Support,3,Neutral,"Average support interaction, problem was solved but took longer than anticipated. Still deciding whether to keep it or exchange it.",2025-08-07 23:00:00
FB-10434,Audio,Product Quality,4,Positive,Durability is top notch. Dropped it twice accidentally and no damage at all. Will definitely buy from this brand again.,2025-11-15 08:00:00
FB-10435,Wearables,Delivery & Packaging,1,Negative,"Extremely delayed delivery, took more than two weeks past the scheduled arrival date. Deeply disappointed with this purchase.",2025-08-22 08:00:00
FB-10436,Audio,Pricing & Value,2,Negative,"Complete rip-off, you can get far better alternatives at half the cost. I strongly urge buyers to stay away from this product.",2025-03-23 03:00:00
FB-10437,Smart Home,Usability & Interface,5,Positive,"User interface is clean, responsive, and packed with customizable shortcut options. Also, regarding delivery & packaging, package arrived completely crushed and soaked in moisture, awful courier handling.",2025-12-17 23:00:00
FB-10438,Smart Home,Pricing & Value,1,Negative,"Complete rip-off, you can get far better alternatives at half the cost.",2025-08-14 01:00:00
FB-10439,PC Accessories,Product Quality,5,Positive,Genuinely surprised by how well built this unit is compared to competitors.,2025-04-25 21:00:00
FB-10440,Audio,Pricing & Value,1,Negative,"Total waste of budget, inferior hardware marked up by aggressive marketing. Deeply disappointed with this purchase.",2025-03-18 17:00:00
FB-10441,Audio,Product Quality,1,Negative,"Microphone sound is muffled and distorted, completely ruined phone calls.",2025-09-11 05:00:00
FB-10442,Audio,Delivery & Packaging,5,Positive,"Arrived ahead of scheduled delivery window, safe doorstep drop-off.",2025-01-26 16:00:00
FB-10443,Audio,Pricing & Value,5,Positive,"Got this at a great discount, absolutely worth every single penny spent. Also, regarding usability & interface, voice commands and gesture shortcuts work reliably every single time.",2025-08-17 10:00:00
FB-10444,Electronics,Product Quality,5,Positive,"Solid build, great tactile feedback on buttons, feels like an expensive flagship. Also, regarding customer support, support executive followed up the next day to confirm everything was functioning smoothly.",2025-11-13 20:00:00
FB-10445,Wearables,Pricing & Value,4,Positive,Very economical pricing without cutting corners on essential functionality.,2025-04-25 14:00:00
FB-10446,Smart Home,Delivery & Packaging,5,Positive,Immaculate packaging with heavy protective bubble wrap and tamper-proof seal. Highly recommended to anyone looking for a dependable option.,2025-01-02 10:00:00
FB-10447,PC Accessories,Usability & Interface,5,Positive,Clean software with zero bloatware and smooth navigation animations.,2025-01-24 05:00:00
FB-10448,Wearables,Product Quality,3,Neutral,"Meets the minimum baseline expectation, but lacks premium refinement. However, there is definitely room for minor improvements.",2025-07-21 06:00:00
FB-10449,Electronics,Delivery & Packaging,3,Neutral,"Average shipping speed, nothing exceptional to complain or praise about. However, there is definitely room for minor improvements.",2025-08-19 14:00:00
FB-10450,Electronics,Pricing & Value,1,Negative,Way too expensive for something that lacks standard modern basic features.,2025-10-11 13:00:00
FB-10451,Audio,Usability & Interface,2,Negative,Clunky UI lag makes standard navigation feel painfully slow and unresponsive. Will be returning this immediately for a full refund.,2025-02-23 12:00:00
FB-10452,Smart Home,Usability & Interface,2,Negative,"Firmware update bricked the settings menu, requiring complete factory reset.",2025-12-21 07:00:00
FB-10453,Smart Home,Delivery & Packaging,5,Positive,"Package arrived in pristine condition, delivery courier was very professional. Five stars without any hesitation.",2025-12-25 23:00:00
FB-10454,Audio,Usability & Interface,3,Neutral,"Ergonomics are fine for average hand sizes, might feel bulky for smaller grips. Still deciding whether to keep it or exchange it.",2025-12-18 11:00:00
FB-10455,PC Accessories,Customer Support,1,Negative,"Misleading promises by support executives regarding repair turnaround time. Also, regarding pricing & value, complete rip-off, you can get far better alternatives at half the cost.",2025-06-30 17:00:00
FB-10456,Wearables,Usability & Interface,3,Neutral,"App layout is adequate, would appreciate more customization options in future updates.",2025-09-25 03:00:00
FB-10457,Electronics,Product Quality,4,Positive,Superb hardware performance and the finish looks very premium. Highly recommended to anyone looking for a dependable option.,2025-05-27 21:00:00
FB-10458,Audio,Delivery & Packaging,4,Positive,"Prompt shipping, tracking notifications kept me updated at every checkpoint. Will definitely buy from this brand again.",2025-02-22 19:00:00
FB-10459,Smart Home,Usability & Interface,1,Negative,"Bluetooth connection drops randomly every 5 minutes, infuriating to use. Also, regarding delivery & packaging, late delivery ruined a birthday gift surprise, completely unreliable logistics service.",2025-01-25 12:00:00
FB-10460,Electronics,Usability & Interface,5,Positive,"The companion app is intuitive, beautifully designed, and very easy to navigate.",2025-04-14 19:00:00
FB-10461,Wearables,Customer Support,2,Negative,"Awful post-purchase service, once they have your money they stop caring completely. Also, regarding delivery & packaging, the outer box was opened and the product inside was broken and defective.",2025-05-31 14:00:00
FB-10462,Audio,Customer Support,4,Positive,"Exceptional customer care experience, truly values their consumers. Furthermore, overall performance has been rock solid.",2025-08-08 08:00:00
FB-10463,PC Accessories,Customer Support,3,Neutral,"Average support interaction, problem was solved but took longer than anticipated. It works for basic needs but don't expect miracles.",2025-12-30 04:00:00
FB-10464,Electronics,Usability & Interface,5,Positive,"Pleasant ergonomic design, comfortable to hold and interact with for prolonged hours.",2025-06-04 15:00:00
FB-10465,Wearables,Product Quality,2,Negative,"Microphone sound is muffled and distorted, completely ruined phone calls. Will be returning this immediately for a full refund.",2025-09-24 02:00:00
FB-10466,PC Accessories,Pricing & Value,1,Negative,"Way too expensive for something that lacks standard modern basic features. Also, regarding delivery & packaging, super quick dispatch and real-time live gps tracking was very accurate.",2025-12-06 10:00:00
FB-10467,PC Accessories,Customer Support,5,Positive,"Exceptional customer care experience, truly values their consumers. Also, regarding product quality, the screen clarity and speaker output quality are phenomenal.",2025-08-17 07:00:00
FB-10468,Wearables,Product Quality,1,Negative,"The hinge broke on normal opening, fragile construction and shoddy materials.",2025-02-28 12:00:00
FB-10469,PC Accessories,Product Quality,5,Positive,"The screen clarity and speaker output quality are phenomenal. Also, regarding usability & interface, interface is simple enough, though some menu settings are buried deep.",2025-06-01 20:00:00
FB-10470,Audio,Product Quality,4,Positive,"Impressive battery endurance and the internal hardware runs surprisingly cool. Also, regarding customer support, quick response time via live chat, query was sorted out professionally without delays.",2025-12-17 13:00:00
FB-10471,Smart Home,Usability & Interface,1,Negative,"Complicated and frustrating setup process, confusing error codes with no explanation.",2025-03-20 00:00:00
FB-10472,Electronics,Product Quality,3,Neutral,"Decent materials used, but some plastic parts feel slightly cheap. Still deciding whether to keep it or exchange it.",2025-10-13 02:00:00
FB-10473,Smart Home,Delivery & Packaging,3,Neutral,"Average shipping speed, nothing exceptional to complain or praise about. Also, regarding usability & interface, initial bluetooth pairing required a retry, but worked stably afterwards.",2025-01-09 12:00:00
FB-10474,Electronics,Usability & Interface,1,Negative,Clunky UI lag makes standard navigation feel painfully slow and unresponsive. I strongly urge buyers to stay away from this product.,2025-07-03 16:00:00
FB-10475,Electronics,Usability & Interface,5,Positive,Effortless ergonomics and controls are laid out very sensibly for one-handed operation.,2025-08-13 12:00:00
FB-10476,Audio,Pricing & Value,4,Positive,"Exceptional deal during the sale, thoroughly satisfied with this purchase value. Will definitely buy from this brand again.",2025-10-07 09:00:00
FB-10477,Wearables,Delivery & Packaging,1,Negative,"Package arrived completely crushed and soaked in moisture, awful courier handling. Also, regarding customer support, customer service was incredibly helpful, polite, and resolved my issue within minutes.",2025-01-03 18:00:00
FB-10478,Audio,Delivery & Packaging,3,Neutral,"Delivery was delayed by half a day due to weather, but tracking was updated. On the whole, it is an okay balance between pros and cons.",2025-03-24 05:00:00
FB-10479,Electronics,Customer Support,5,Positive,"Agent was very knowledgeable, friendly, and guided me step-by-step through setup. Also, regarding product quality, inferior product quality, nowhere close to the advertised technical specs.",2025-11-27 17:00:00
FB-10480,Electronics,Delivery & Packaging,4,Positive,Super quick dispatch and real-time live GPS tracking was very accurate.,2025-09-07 10:00:00
FB-10481,Wearables,Product Quality,4,Positive,Genuinely surprised by how well built this unit is compared to competitors. Highly recommended to anyone looking for a dependable option.,2025-06-12 15:00:00
FB-10482,Audio,Usability & Interface,3,Neutral,"Basic interface that gets the job done without bells and whistles. Also, regarding delivery & packaging, took five days to arrive, which is standard transit time for my location.",2025-01-03 10:00:00
FB-10483,Wearables,Pricing & Value,4,Positive,Very economical pricing without cutting corners on essential functionality. Truly pleased with this purchase!,2025-09-03 14:00:00
FB-10484,PC Accessories,Pricing & Value,5,Positive,"Got this at a great discount, absolutely worth every single penny spent. Five stars without any hesitation.",2025-02-11 08:00:00
FB-10485,Audio,Usability & Interface,1,Negative,Touch controls are hyper-sensitive and register phantom touches constantly.,2025-11-17 02:00:00
FB-10486,Electronics,Usability & Interface,1,Negative,"Clunky UI lag makes standard navigation feel painfully slow and unresponsive. Also, regarding customer support, exceptional customer care experience, truly values their consumers.",2025-05-14 17:00:00
FB-10487,Wearables,Customer Support,2,Negative,"Terrible customer care, treated me like a nuisance when asking for replacement. Do not waste your time and money on this.",2025-05-29 04:00:00
FB-10488,Wearables,Pricing & Value,3,Neutral,"Just about justifies its price tag, don't expect premium flagship luxury. On the whole, it is an okay balance between pros and cons.",2025-11-11 21:00:00
FB-10489,Audio,Pricing & Value,4,Positive,"Unbeatable price-to-performance ratio in this budget category. Also, regarding customer support, support staff was clueless, kept transferring me between four different departments.",2025-07-03 01:00:00
FB-10490,Electronics,Customer Support,5,Positive,"Outstanding warranty assistance, hassle-free exchange processed in 24 hours. Furthermore, overall performance has been rock solid.",2025-12-09 06:00:00
FB-10491,Smart Home,Pricing & Value,3,Neutral,"Affordable enough for students, though budget compromises are visible.",2025-01-21 20:00:00
FB-10492,PC Accessories,Delivery & Packaging,5,Positive,"Prompt shipping, tracking notifications kept me updated at every checkpoint. Also, regarding usability & interface, firmware update bricked the settings menu, requiring complete factory reset.",2025-07-07 18:00:00
FB-10493,Wearables,Usability & Interface,1,Negative,"Firmware update bricked the settings menu, requiring complete factory reset.",2025-04-25 16:00:00
FB-10494,Smart Home,Pricing & Value,5,Positive,"Offers tremendous cost efficiency, definitely superior to pricier brand alternatives. Highly recommended to anyone looking for a dependable option.",2025-08-14 05:00:00
FB-10495,Audio,Customer Support,5,Positive,"Agent was very knowledgeable, friendly, and guided me step-by-step through setup. Five stars without any hesitation.",2025-03-02 21:00:00
FB-10496,Smart Home,Product Quality,5,Positive,"Works flawlessly straight out of the box, zero hardware defects found. Also, regarding delivery & packaging, horrible shipping experience, package was sent to the wrong city transit hub twice.",2025-01-12 07:00:00
FB-10497,PC Accessories,Customer Support,4,Positive,"Customer service was incredibly helpful, polite, and resolved my issue within minutes.",2025-03-17 01:00:00
FB-10498,Smart Home,Usability & Interface,4,Positive,"Pleasant ergonomic design, comfortable to hold and interact with for prolonged hours.",2025-11-23 00:00:00
FB-10499,Audio,Product Quality,2,Negative,"Inferior product quality, nowhere close to the advertised technical specs. Also, regarding usability & interface, setup is straightforward if you follow the manual, slightly confusing otherwise.",2025-04-23 13:00:00
FB-10500,PC Accessories,Usability & Interface,3,Neutral,Software is functional but aesthetics feel somewhat dated and utilitarian. Still deciding whether to keep it or exchange it.,2025-08-21 19:00:00
FB-10501,Smart Home,Pricing & Value,3,Neutral,"Value for money is average, you get what you pay for. On the whole, it is an okay balance between pros and cons.",2025-09-25 16:00:00
FB-10502,Electronics,Usability & Interface,1,Negative,"Awful user interface design, cluttered screens and counter-intuitive navigation. Also, regarding product quality, microphone sound is muffled and distorted, completely ruined phone calls.",2025-03-02 02:00:00
FB-10503,PC Accessories,Usability & Interface,3,Neutral,"Interface is simple enough, though some menu settings are buried deep.",2025-12-14 20:00:00
FB-10504,Electronics,Delivery & Packaging,5,Positive,"Prompt shipping, tracking notifications kept me updated at every checkpoint. Also, regarding usability & interface, initial bluetooth pairing required a retry, but worked stably afterwards.",2025-10-29 23:00:00
FB-10505,Audio,Pricing & Value,1,Negative,"Hidden subscription fees not mentioned on product page, feels predatory and deceptive. Also, regarding customer support, outstanding warranty assistance, hassle-free exchange processed in 24 hours.",2025-11-03 17:00:00
FB-10506,Electronics,Product Quality,4,Positive,"Genuinely surprised by how well built this unit is compared to competitors. Also, regarding customer support, representative gave scripted answers initially, but later clarified my doubt.",2025-12-19 10:00:00
FB-10507,Smart Home,Customer Support,4,Positive,Support executive followed up the next day to confirm everything was functioning smoothly. Five stars without any hesitation.,2025-08-05 18:00:00
FB-10508,Audio,Pricing & Value,5,Positive,"Competitive price tag, easily the best option available under this budget range. Also, regarding usability & interface, clean software with zero bloatware and smooth navigation animations.",2025-10-14 17:00:00
FB-10509,Wearables,Usability & Interface,3,Neutral,"App layout is adequate, would appreciate more customization options in future updates.",2025-12-04 03:00:00
FB-10510,Electronics,Customer Support,2,Negative,"Kept on hold for over 45 minutes and then call got dropped, hopeless service. Also, regarding pricing & value, price gouging at its finest, nowhere near worth the steep asking price.",2025-12-23 21:00:00
FB-10511,Electronics,Pricing & Value,1,Negative,"Complete rip-off, you can get far better alternatives at half the cost.",2025-08-30 19:00:00
FB-10512,Audio,Delivery & Packaging,4,Positive,"Arrived ahead of scheduled delivery window, safe doorstep drop-off. Furthermore, overall performance has been rock solid.",2025-07-16 12:00:00
FB-10513,Electronics,Usability & Interface,3,Neutral,"Setup is straightforward if you follow the manual, slightly confusing otherwise. Also, regarding pricing & value, high-end premium features offered at an accessible and reasonable price point.",2025-12-03 16:00:00
FB-10514,PC Accessories,Usability & Interface,4,Positive,"Software update was seamless and added really neat personalization widgets. Also, regarding customer support, worst customer support imaginable, agent was rude and abruptly disconnected the call.",2025-07-04 07:00:00
FB-10515,Wearables,Product Quality,1,Negative,"The hinge broke on normal opening, fragile construction and shoddy materials. Deeply disappointed with this purchase.",2025-07-27 18:00:00
FB-10516,Electronics,Product Quality,4,Positive,Impressive battery endurance and the internal hardware runs surprisingly cool. Five stars without any hesitation.,2025-10-26 11:00:00
FB-10517,PC Accessories,Customer Support,5,Positive,"Quick response time via live chat, query was sorted out professionally without delays. Also, regarding usability & interface, companion app is full of bugs, crashes continuously on opening.",2025-05-14 05:00:00
FB-10518,Electronics,Usability & Interface,4,Positive,"Software update was seamless and added really neat personalization widgets. Furthermore, overall performance has been rock solid.",2025-09-20 08:00:00
FB-10519,Smart Home,Pricing & Value,2,Negative,"Price gouging at its finest, nowhere near worth the steep asking price. Also, regarding customer support, got my query resolved, although the transfer between departments was cumbersome.",2025-12-15 14:00:00
FB-10520,Electronics,Pricing & Value,1,Negative,"Hidden subscription fees not mentioned on product page, feels predatory and deceptive. Will be returning this immediately for a full refund.",2025-12-13 22:00:00
FB-10521,Wearables,Pricing & Value,5,Positive,"Exceptional deal during the sale, thoroughly satisfied with this purchase value. Also, regarding delivery & packaging, eco-friendly yet sturdy packaging, product was fully secured from shocks.",2025-02-17 12:00:00
FB-10522,PC Accessories,Product Quality,2,Negative,"Overheats dangerously within twenty minutes of moderate usage. Also, regarding pricing & value, offers tremendous cost efficiency, definitely superior to pricier brand alternatives.",2025-05-18 05:00:00
FB-10523,Audio,Pricing & Value,1,Negative,"Regret buying this, zero value for money and totally unjustified pricing.",2025-05-16 06:00:00
FB-10524,Wearables,Usability & Interface,4,Positive,"User interface is clean, responsive, and packed with customizable shortcut options.",2025-03-03 02:00:00
FB-10525,Electronics,Usability & Interface,2,Negative,Font size on display is tiny and unreadable under outdoor sunlight.,2025-09-04 11:00:00
FB-10526,Wearables,Usability & Interface,3,Neutral,"Controls are responsive, although button labeling could be clearer. Still deciding whether to keep it or exchange it.",2025-07-23 07:00:00
FB-10527,PC Accessories,Product Quality,1,Negative,"The hinge broke on normal opening, fragile construction and shoddy materials. Also, regarding customer support, zero customer support response, automated bot keeps looping without human takeover.",2025-07-21 21:00:00
FB-10528,PC Accessories,Product Quality,2,Negative,"Inferior product quality, nowhere close to the advertised technical specs. I strongly urge buyers to stay away from this product.",2025-01-07 21:00:00
FB-10529,Wearables,Delivery & Packaging,4,Positive,Very impressed with how quickly and securely the package was delivered.,2025-04-06 17:00:00
FB-10530,PC Accessories,Pricing & Value,5,Positive,Very economical pricing without cutting corners on essential functionality. Will definitely buy from this brand again.,2025-08-06 06:00:00
FB-10531,Smart Home,Delivery & Packaging,5,Positive,"Eco-friendly yet sturdy packaging, product was fully secured from shocks. Also, regarding customer support, kept on hold for over 45 minutes and then call got dropped, hopeless service.",2025-02-21 23:00:00
FB-10532,Smart Home,Usability & Interface,4,Positive,"Setup guide was crystal clear with diagrams, painless initial configuration. Highly recommended to anyone looking for a dependable option.",2025-08-31 00:00:00
FB-10533,PC Accessories,Customer Support,5,Positive,"Exceptional customer care experience, truly values their consumers.",2025-09-07 09:00:00
FB-10534,Electronics,Pricing & Value,4,Positive,Unbeatable price-to-performance ratio in this budget category. Truly pleased with this purchase!,2025-09-01 20:00:00
FB-10535,Wearables,Delivery & Packaging,5,Positive,"Arrived ahead of scheduled delivery window, safe doorstep drop-off. Also, regarding pricing & value, price is reasonable for what you get, neither a steal nor overpriced.",2025-07-30 03:00:00
FB-10536,PC Accessories,Usability & Interface,4,Positive,Software update was seamless and added really neat personalization widgets. Truly pleased with this purchase!,2025-07-01 10:00:00
FB-10537,Electronics,Pricing & Value,2,Negative,"Overhyped and overpriced, thoroughly disappointed with the value proposition. Also, regarding usability & interface, awful user interface design, cluttered screens and counter-intuitive navigation.",2025-03-27 20:00:00
FB-10538,PC Accessories,Pricing & Value,2,Negative,"Price gouging at its finest, nowhere near worth the steep asking price. Also, regarding product quality, durability is top notch. dropped it twice accidentally and no damage at all.",2025-06-25 07:00:00
FB-10539,PC Accessories,Delivery & Packaging,5,Positive,"Excellent logistics, delivery executive called before arrival to confirm availability. Will definitely buy from this brand again.",2025-07-05 23:00:00
FB-10540,Audio,Pricing & Value,3,Neutral,"Value for money is average, you get what you pay for.",2025-03-06 23:00:00
FB-10541,Audio,Product Quality,5,Positive,"Durability is top notch. Dropped it twice accidentally and no damage at all. Furthermore, overall performance has been rock solid.",2025-02-02 15:00:00
FB-10542,PC Accessories,Pricing & Value,3,Neutral,"Fairly priced compared to existing market alternatives with similar specs. On the whole, it is an okay balance between pros and cons.",2025-02-13 20:00:00
FB-10543,Audio,Delivery & Packaging,2,Negative,The outer box was opened and the product inside was broken and defective.,2025-08-15 20:00:00
FB-10544,Electronics,Product Quality,4,Positive,The screen clarity and speaker output quality are phenomenal.,2025-06-16 15:00:00
FB-10545,Smart Home,Usability & Interface,3,Neutral,"Setup is straightforward if you follow the manual, slightly confusing otherwise.",2025-12-24 17:00:00
FB-10546,Smart Home,Usability & Interface,5,Positive,"Software update was seamless and added really neat personalization widgets. Also, regarding delivery & packaging, tracking status didn't update for two days, though parcel arrived on schedule.",2025-10-04 07:00:00
FB-10547,Wearables,Delivery & Packaging,2,Negative,"Horrible shipping experience, package was sent to the wrong city transit hub twice. Very frustrating experience overall.",2025-01-06 00:00:00
FB-10548,Wearables,Delivery & Packaging,3,Neutral,"Tracking status didn't update for two days, though parcel arrived on schedule. Also, regarding usability & interface, software is functional but aesthetics feel somewhat dated and utilitarian.",2025-01-05 13:00:00
FB-10549,PC Accessories,Product Quality,1,Negative,"Battery drains completely in less than an hour, horrible battery life. Do not waste your time and money on this.",2025-08-12 12:00:00
FB-10550,Audio,Pricing & Value,5,Positive,"Best investment I made this month, total bang for your buck. Highly recommended to anyone looking for a dependable option.",2025-09-22 19:00:00
FB-10551,PC Accessories,Delivery & Packaging,2,Negative,"Courier marked package as delivered when no one actually came, had to chase them for days. Also, regarding product quality, durability is top notch. dropped it twice accidentally and no damage at all.",2025-05-29 03:00:00
FB-10552,PC Accessories,Delivery & Packaging,3,Neutral,"Tracking status didn't update for two days, though parcel arrived on schedule. However, there is definitely room for minor improvements.",2025-03-19 01:00:00
FB-10553,Electronics,Customer Support,1,Negative,Representative gave completely incorrect troubleshooting steps and refused a refund. Deeply disappointed with this purchase.,2025-01-05 07:00:00
FB-10554,Audio,Pricing & Value,4,Positive,"Very economical pricing without cutting corners on essential functionality. Also, regarding usability & interface, controls are responsive, although button labeling could be clearer.",2025-12-23 01:00:00
FB-10555,Wearables,Product Quality,4,Positive,"Solid build, great tactile feedback on buttons, feels like an expensive flagship. Will definitely buy from this brand again.",2025-04-03 06:00:00
FB-10556,Electronics,Pricing & Value,2,Negative,"Complete rip-off, you can get far better alternatives at half the cost.",2026-01-01 07:00:00
FB-10557,Electronics,Customer Support,5,Positive,"Quick response time via live chat, query was sorted out professionally without delays. Also, regarding product quality, screen has dead pixels right in the center, completely unacceptable qa.",2025-08-31 12:00:00
FB-10558,Audio,Delivery & Packaging,2,Negative,"Late delivery ruined a birthday gift surprise, completely unreliable logistics service.",2025-10-09 16:00:00
FB-10559,Audio,Delivery & Packaging,5,Positive,"Arrived ahead of scheduled delivery window, safe doorstep drop-off.",2025-12-08 06:00:00
FB-10560,Wearables,Pricing & Value,1,Negative,Absurdly overpriced for such poor functionality and cheap construction. Very frustrating experience overall.,2025-10-27 03:00:00
FB-10561,Electronics,Product Quality,4,Positive,Genuinely surprised by how well built this unit is compared to competitors.,2025-09-01 22:00:00
FB-10562,Audio,Product Quality,3,Neutral,"It works as advertised, neither great nor bad, average hardware. Also, regarding pricing & value, absurdly overpriced for such poor functionality and cheap construction.",2025-01-31 11:00:00
FB-10563,Smart Home,Customer Support,3,Neutral,"Representative gave scripted answers initially, but later clarified my doubt. Still deciding whether to keep it or exchange it.",2025-08-13 23:00:00
FB-10564,Audio,Delivery & Packaging,5,Positive,"Eco-friendly yet sturdy packaging, product was fully secured from shocks.",2025-09-06 22:00:00
FB-10565,Smart Home,Usability & Interface,5,Positive,"Extremely user-friendly interface, even my elderly parents found it easy to operate. Also, regarding delivery & packaging, tracking status didn't update for two days, though parcel arrived on schedule.",2025-05-21 19:00:00
FB-10566,PC Accessories,Product Quality,1,Negative,"Overheats dangerously within twenty minutes of moderate usage. Also, regarding pricing & value, extremely expensive maintenance and replacement parts cost more than the device itself.",2025-08-21 00:00:00
FB-10567,Electronics,Customer Support,2,Negative,"Awful post-purchase service, once they have your money they stop caring completely.",2025-11-14 07:00:00
FB-10568,Smart Home,Usability & Interface,4,Positive,"Extremely user-friendly interface, even my elderly parents found it easy to operate. Also, regarding pricing & value, grossly overpriced, feels like a cheap ten dollar gadget sold at premium rates.",2025-11-10 09:00:00
FB-10569,Electronics,Product Quality,5,Positive,"Impressive battery endurance and the internal hardware runs surprisingly cool. Also, regarding customer support, agent was very knowledgeable, friendly, and guided me step-by-step through setup.",2025-01-17 06:00:00
FB-10570,Electronics,Product Quality,4,Positive,"Genuinely surprised by how well built this unit is compared to competitors. Also, regarding usability & interface, horrible ergonomics, uncomfortable to wear or hold after just 10 minutes.",2025-09-27 19:00:00
FB-10571,Wearables,Product Quality,2,Negative,"Screen has dead pixels right in the center, completely unacceptable QA. Also, regarding customer support, quick response time via live chat, query was sorted out professionally without delays.",2025-12-02 15:00:00
FB-10572,Electronics,Pricing & Value,1,Negative,"Extremely expensive maintenance and replacement parts cost more than the device itself. Also, regarding usability & interface, interface is simple enough, though some menu settings are buried deep.",2025-11-12 08:00:00
FB-10573,Electronics,Delivery & Packaging,3,Neutral,"Courier left package with neighbor without informing beforehand, but received safely.",2025-02-19 03:00:00
FB-10574,Audio,Customer Support,2,Negative,"Misleading promises by support executives regarding repair turnaround time. Also, regarding delivery & packaging, package was lost in transit for a week and arrived late with torn packaging.",2025-08-01 23:00:00
FB-10575,Smart Home,Pricing & Value,5,Positive,"Got this at a great discount, absolutely worth every single penny spent. Highly recommended to anyone looking for a dependable option.",2025-10-09 12:00:00
FB-10576,PC Accessories,Usability & Interface,3,Neutral,"Controls are responsive, although button labeling could be clearer.",2025-06-11 17:00:00
FB-10577,Smart Home,Delivery & Packaging,2,Negative,"Late delivery ruined a birthday gift surprise, completely unreliable logistics service. Also, regarding pricing & value, regret buying this, zero value for money and totally unjustified pricing.",2025-10-16 17:00:00
FB-10578,Smart Home,Delivery & Packaging,5,Positive,"Flawless unboxing experience, clean premium box design and intact seal.",2025-01-01 23:00:00
FB-10579,Electronics,Usability & Interface,5,Positive,Software update was seamless and added really neat personalization widgets. Truly pleased with this purchase!,2025-01-04 09:00:00
FB-10580,Electronics,Delivery & Packaging,1,Negative,"Courier marked package as delivered when no one actually came, had to chase them for days.",2025-09-19 17:00:00
FB-10581,Electronics,Product Quality,3,Neutral,"Battery life is around 5 hours, which is just about manageable for a workday. On the whole, it is an okay balance between pros and cons.",2025-05-16 11:00:00
FB-10582,Wearables,Customer Support,1,Negative,Representative gave completely incorrect troubleshooting steps and refused a refund. Deeply disappointed with this purchase.,2025-10-19 06:00:00
FB-10583,Audio,Pricing & Value,2,Negative,"Total waste of budget, inferior hardware marked up by aggressive marketing.",2025-12-20 22:00:00
FB-10584,Wearables,Usability & Interface,3,Neutral,"Interface is simple enough, though some menu settings are buried deep.",2025-10-23 12:00:00
FB-10585,Wearables,Delivery & Packaging,4,Positive,"Excellent logistics, delivery executive called before arrival to confirm availability. Also, regarding product quality, genuinely surprised by how well built this unit is compared to competitors.",2025-01-06 20:00:00
FB-10586,Wearables,Product Quality,2,Negative,"Microphone sound is muffled and distorted, completely ruined phone calls. Do not waste your time and money on this.",2025-10-17 04:00:00
FB-10587,Electronics,Customer Support,4,Positive,"Prompt email support with clear screenshots and instructions, highly impressed.",2025-11-01 18:00:00
FB-10588,Wearables,Pricing & Value,3,Neutral,"Cost matches the output quality, straightforward transaction. Still deciding whether to keep it or exchange it.",2025-02-12 15:00:00
FB-10589,Smart Home,Usability & Interface,3,Neutral,Software is functional but aesthetics feel somewhat dated and utilitarian. It works for basic needs but don't expect miracles.,2025-12-24 04:00:00
FB-10590,Audio,Usability & Interface,2,Negative,"Horrible ergonomics, uncomfortable to wear or hold after just 10 minutes. Do not waste your time and money on this.",2025-04-11 17:00:00
FB-10591,Electronics,Customer Support,3,Neutral,"Average support interaction, problem was solved but took longer than anticipated.",2025-06-15 21:00:00
FB-10592,Smart Home,Product Quality,1,Negative,"The hinge broke on normal opening, fragile construction and shoddy materials. Will be returning this immediately for a full refund.",2025-06-14 11:00:00
FB-10593,Audio,Delivery & Packaging,3,Neutral,"Delivery was delayed by half a day due to weather, but tracking was updated. Also, regarding usability & interface, awful user interface design, cluttered screens and counter-intuitive navigation.",2025-08-14 01:00:00
FB-10594,Wearables,Customer Support,1,Negative,Help desk refused to honor the return policy despite clear photographic evidence.,2025-02-13 03:00:00
FB-10595,Audio,Usability & Interface,1,Negative,Touch controls are hyper-sensitive and register phantom touches constantly. I strongly urge buyers to stay away from this product.,2025-06-06 14:00:00
FB-10596,PC Accessories,Customer Support,3,Neutral,"Representative gave scripted answers initially, but later clarified my doubt. Still deciding whether to keep it or exchange it.",2025-10-08 15:00:00
FB-10597,Smart Home,Product Quality,3,Neutral,"Meets the minimum baseline expectation, but lacks premium refinement.",2025-09-27 01:00:00
FB-10598,Audio,Delivery & Packaging,4,Positive,Very impressed with how quickly and securely the package was delivered. Will definitely buy from this brand again.,2025-12-02 00:00:00
FB-10599,Electronics,Delivery & Packaging,5,Positive,"Lightning fast delivery, arrived a full day before the estimated date. Will definitely buy from this brand again.",2025-04-29 12:00:00
FB-10600,Smart Home,Delivery & Packaging,3,Neutral,"Delivery person asked for OTP promptly, delivery took the usual standard timeframe. Also, regarding customer support, exceptional customer care experience, truly values their consumers.",2025-08-23 17:00:00
FB-10601,Audio,Product Quality,1,Negative,"Microphone sound is muffled and distorted, completely ruined phone calls. Deeply disappointed with this purchase.",2025-07-21 23:00:00
FB-10602,Wearables,Delivery & Packaging,5,Positive,"Eco-friendly yet sturdy packaging, product was fully secured from shocks. Five stars without any hesitation.",2025-05-22 01:00:00
FB-10603,PC Accessories,Product Quality,3,Neutral,Performance is mediocre. Does basic tasks fine but stutters during multitasking. Still deciding whether to keep it or exchange it.,2025-07-21 21:00:00
FB-10604,PC Accessories,Usability & Interface,5,Positive,"Extremely user-friendly interface, even my elderly parents found it easy to operate. Also, regarding customer support, average support interaction, problem was solved but took longer than anticipated.",2025-11-06 10:00:00
FB-10605,Audio,Customer Support,4,Positive,"Support executive followed up the next day to confirm everything was functioning smoothly. Also, regarding delivery & packaging, eco-friendly yet sturdy packaging, product was fully secured from shocks.",2025-12-19 22:00:00
FB-10606,Audio,Pricing & Value,1,Negative,"Price gouging at its finest, nowhere near worth the steep asking price.",2025-06-12 02:00:00
FB-10607,Wearables,Customer Support,3,Neutral,Support was standard. Took two rounds of emails to get my invoice updated.,2025-06-13 13:00:00
FB-10608,Wearables,Pricing & Value,2,Negative,"Grossly overpriced, feels like a cheap ten dollar gadget sold at premium rates.",2025-02-24 04:00:00
FB-10609,PC Accessories,Usability & Interface,5,Positive,"Pleasant ergonomic design, comfortable to hold and interact with for prolonged hours. Highly recommended to anyone looking for a dependable option.",2025-04-29 21:00:00
FB-10610,Audio,Pricing & Value,4,Positive,"Exceptional deal during the sale, thoroughly satisfied with this purchase value.",2025-08-29 22:00:00
FB-10611,Smart Home,Pricing & Value,3,Neutral,"Affordable enough for students, though budget compromises are visible. On the whole, it is an okay balance between pros and cons.",2025-04-26 01:00:00
FB-10612,Smart Home,Delivery & Packaging,4,Positive,Super quick dispatch and real-time live GPS tracking was very accurate.,2025-04-14 06:00:00
FB-10613,Smart Home,Usability & Interface,5,Positive,Clean software with zero bloatware and smooth navigation animations.,2025-05-07 13:00:00
FB-10614,Smart Home,Usability & Interface,4,Positive,Clean software with zero bloatware and smooth navigation animations. Five stars without any hesitation.,2025-11-01 17:00:00
FB-10615,Electronics,Usability & Interface,3,Neutral,"Controls are responsive, although button labeling could be clearer. Also, regarding product quality, impressive battery endurance and the internal hardware runs surprisingly cool.",2025-10-03 12:00:00
FB-10616,Smart Home,Usability & Interface,1,Negative,Font size on display is tiny and unreadable under outdoor sunlight.,2025-01-26 06:00:00
FB-10617,Wearables,Delivery & Packaging,5,Positive,"Flawless unboxing experience, clean premium box design and intact seal. Truly pleased with this purchase!",2025-11-10 01:00:00
FB-10618,Smart Home,Pricing & Value,1,Negative,"Complete rip-off, you can get far better alternatives at half the cost.",2025-02-27 05:00:00
FB-10619,Smart Home,Pricing & Value,1,Negative,"Extremely expensive maintenance and replacement parts cost more than the device itself. Also, regarding customer support, fair experience with help desk, nothing particularly impressive or terrible.",2025-12-31 06:00:00
FB-10620,Wearables,Delivery & Packaging,1,Negative,"Late delivery ruined a birthday gift surprise, completely unreliable logistics service.",2025-03-25 22:00:00
FB-10621,Smart Home,Product Quality,1,Negative,"Battery drains completely in less than an hour, horrible battery life. Deeply disappointed with this purchase.",2025-09-19 19:00:00
FB-10622,Smart Home,Usability & Interface,2,Negative,"Companion app is full of bugs, crashes continuously on opening.",2025-06-21 18:00:00
FB-10623,Audio,Customer Support,1,Negative,Help desk refused to honor the return policy despite clear photographic evidence.,2025-01-27 13:00:00
FB-10624,Audio,Delivery & Packaging,5,Positive,Immaculate packaging with heavy protective bubble wrap and tamper-proof seal.,2025-04-14 00:00:00
FB-10625,Smart Home,Product Quality,3,Neutral,"Battery life is around 5 hours, which is just about manageable for a workday.",2025-10-06 00:00:00
FB-10626,Audio,Customer Support,3,Neutral,"Fair experience with help desk, nothing particularly impressive or terrible. Also, regarding usability & interface, controls are responsive, although button labeling could be clearer.",2025-02-10 19:00:00
FB-10627,Wearables,Usability & Interface,3,Neutral,"Basic interface that gets the job done without bells and whistles. Also, regarding customer support, agent was very knowledgeable, friendly, and guided me step-by-step through setup.",2025-03-17 01:00:00
FB-10628,Electronics,Customer Support,1,Negative,"Awful post-purchase service, once they have your money they stop caring completely.",2025-06-02 10:00:00
FB-10629,Smart Home,Product Quality,1,Negative,Overheats dangerously within twenty minutes of moderate usage. Very frustrating experience overall.,2025-11-09 21:00:00
FB-10630,PC Accessories,Pricing & Value,1,Negative,Extremely expensive maintenance and replacement parts cost more than the device itself.,2025-02-17 09:00:00
FB-10631,Smart Home,Product Quality,5,Positive,Impressive battery endurance and the internal hardware runs surprisingly cool. Will definitely buy from this brand again.,2025-03-10 03:00:00
FB-10632,PC Accessories,Delivery & Packaging,2,Negative,"Horrible shipping experience, package was sent to the wrong city transit hub twice. Also, regarding customer support, worst customer support imaginable, agent was rude and abruptly disconnected the call.",2025-02-25 18:00:00
FB-10633,PC Accessories,Pricing & Value,1,Negative,"Hidden subscription fees not mentioned on product page, feels predatory and deceptive. Also, regarding delivery & packaging, packaging was adequate, minimal cushioning but fortunately no damage.",2025-10-22 19:00:00
FB-10634,PC Accessories,Usability & Interface,4,Positive,"Voice commands and gesture shortcuts work reliably every single time. Also, regarding pricing & value, value for money is average, you get what you pay for.",2025-11-09 07:00:00
FB-10635,Electronics,Product Quality,1,Negative,"Defective unit received, stopped powering on after only three days. Also, regarding customer support, kept on hold for over 45 minutes and then call got dropped, hopeless service.",2025-11-12 13:00:00
FB-10636,PC Accessories,Delivery & Packaging,5,Positive,Super quick dispatch and real-time live GPS tracking was very accurate. Highly recommended to anyone looking for a dependable option.,2025-12-20 09:00:00
FB-10637,Wearables,Delivery & Packaging,4,Positive,"Prompt shipping, tracking notifications kept me updated at every checkpoint. Also, regarding product quality, the screen clarity and speaker output quality are phenomenal.",2025-06-24 12:00:00
FB-10638,Audio,Customer Support,1,Negative,"Zero customer support response, automated bot keeps looping without human takeover.",2025-12-11 15:00:00
FB-10639,Smart Home,Customer Support,1,Negative,"Help desk refused to honor the return policy despite clear photographic evidence. Also, regarding pricing & value, cost matches the output quality, straightforward transaction.",2025-01-29 16:00:00
FB-10640,PC Accessories,Usability & Interface,5,Positive,"The companion app is intuitive, beautifully designed, and very easy to navigate. Truly pleased with this purchase!",2025-07-01 02:00:00
FB-10641,Wearables,Product Quality,2,Negative,"The hinge broke on normal opening, fragile construction and shoddy materials. Also, regarding delivery & packaging, disastrous delivery, product casing was cracked and broken due to rough transit impact.",2025-07-19 05:00:00
FB-10642,Electronics,Delivery & Packaging,3,Neutral,"Outer box had slight wrinkles, but internal cushion protected the merchandise. Also, regarding usability & interface, clean software with zero bloatware and smooth navigation animations.",2025-08-20 09:00:00
FB-10643,Electronics,Customer Support,5,Positive,"The representative was courteous, listened patiently, and solved the configuration error.",2025-04-14 02:00:00
FB-10644,PC Accessories,Pricing & Value,4,Positive,Unbeatable price-to-performance ratio in this budget category. Will definitely buy from this brand again.,2025-09-26 09:00:00
FB-10645,PC Accessories,Product Quality,1,Negative,Overheats dangerously within twenty minutes of moderate usage. I strongly urge buyers to stay away from this product.,2025-08-24 12:00:00
FB-10646,Wearables,Product Quality,1,Negative,"Defective unit received, stopped powering on after only three days. Also, regarding customer support, got my query resolved, although the transfer between departments was cumbersome.",2025-01-24 03:00:00
FB-10647,PC Accessories,Product Quality,3,Neutral,"Performance is mediocre. Does basic tasks fine but stutters during multitasking. Also, regarding delivery & packaging, courier left package with neighbor without informing beforehand, but received safely.",2025-04-09 09:00:00
FB-10648,Electronics,Pricing & Value,5,Positive,"Best investment I made this month, total bang for your buck. Truly pleased with this purchase!",2025-02-28 00:00:00
FB-10649,PC Accessories,Customer Support,1,Negative,"Zero customer support response, automated bot keeps looping without human takeover. Also, regarding pricing & value, best investment i made this month, total bang for your buck.",2025-10-21 07:00:00
FB-10650,Wearables,Usability & Interface,5,Positive,"Software update was seamless and added really neat personalization widgets. Also, regarding customer support, technical support team was empathetic and provided a swift warranty claim approval.",2025-12-12 01:00:00
FB-10651,Smart Home,Product Quality,4,Positive,"Solid build, great tactile feedback on buttons, feels like an expensive flagship. Five stars without any hesitation.",2025-10-31 20:00:00
FB-10652,Wearables,Usability & Interface,2,Negative,Touch controls are hyper-sensitive and register phantom touches constantly. Will be returning this immediately for a full refund.,2026-01-01 21:00:00
FB-10653,PC Accessories,Pricing & Value,1,Negative,"Grossly overpriced, feels like a cheap ten dollar gadget sold at premium rates. Deeply disappointed with this purchase.",2025-02-19 14:00:00
FB-10654,Audio,Pricing & Value,5,Positive,High-end premium features offered at an accessible and reasonable price point. Five stars without any hesitation.,2025-05-13 11:00:00
FB-10655,Smart Home,Delivery & Packaging,5,Positive,"Flawless unboxing experience, clean premium box design and intact seal. Will definitely buy from this brand again.",2025-02-27 11:00:00
FB-10656,Wearables,Delivery & Packaging,3,Neutral,"Delivery person asked for OTP promptly, delivery took the usual standard timeframe. Also, regarding product quality, decent materials used, but some plastic parts feel slightly cheap.",2025-06-16 17:00:00
FB-10657,Smart Home,Usability & Interface,3,Neutral,"App layout is adequate, would appreciate more customization options in future updates. Also, regarding customer support, kept on hold for over 45 minutes and then call got dropped, hopeless service.",2025-10-08 05:00:00
FB-10658,Wearables,Product Quality,2,Negative,"Screen has dead pixels right in the center, completely unacceptable QA.",2025-10-30 13:00:00
FB-10659,Wearables,Usability & Interface,2,Negative,"Font size on display is tiny and unreadable under outdoor sunlight. Also, regarding customer support, ignored my warranty claim emails for two weeks, absolute lack of accountability.",2025-12-31 18:00:00
FB-10660,PC Accessories,Usability & Interface,1,Negative,"Horrible ergonomics, uncomfortable to wear or hold after just 10 minutes. I strongly urge buyers to stay away from this product.",2025-08-16 05:00:00
FB-10661,PC Accessories,Product Quality,5,Positive,"High quality materials used, exceeded my expectations completely. Also, regarding usability & interface, controls are responsive, although button labeling could be clearer.",2025-11-27 21:00:00
FB-10662,PC Accessories,Customer Support,4,Positive,"Customer service was incredibly helpful, polite, and resolved my issue within minutes.",2025-12-05 04:00:00
FB-10663,PC Accessories,Pricing & Value,3,Neutral,"Pricing is acceptable, though replacement accessories are somewhat expensive. Also, regarding customer support, zero customer support response, automated bot keeps looping without human takeover.",2025-06-03 18:00:00
FB-10664,Wearables,Pricing & Value,2,Negative,"Complete rip-off, you can get far better alternatives at half the cost. Also, regarding usability & interface, effortless ergonomics and controls are laid out very sensibly for one-handed operation.",2025-02-01 11:00:00
FB-10665,PC Accessories,Product Quality,1,Negative,"Battery drains completely in less than an hour, horrible battery life. Very frustrating experience overall.",2025-01-16 07:00:00
FB-10666,Smart Home,Delivery & Packaging,5,Positive,"Excellent logistics, delivery executive called before arrival to confirm availability. Five stars without any hesitation.",2025-04-19 21:00:00
FB-10667,PC Accessories,Customer Support,4,Positive,"Prompt email support with clear screenshots and instructions, highly impressed.",2025-07-04 13:00:00
FB-10668,Electronics,Customer Support,4,Positive,"Support team went above and beyond to arrange an immediate replacement. Also, regarding delivery & packaging, delivery driver was extremely unprofessional and threw the parcel over the gate.",2025-12-03 13:00:00
FB-10669,Audio,Product Quality,1,Negative,"The hinge broke on normal opening, fragile construction and shoddy materials.",2025-12-23 19:00:00
FB-10670,PC Accessories,Pricing & Value,1,Negative,"Overhyped and overpriced, thoroughly disappointed with the value proposition. Also, regarding usability & interface, initial bluetooth pairing required a retry, but worked stably afterwards.",2025-04-26 05:00:00
FB-10671,Smart Home,Usability & Interface,4,Positive,"Extremely user-friendly interface, even my elderly parents found it easy to operate.",2025-05-18 13:00:00
FB-10672,Electronics,Product Quality,2,Negative,"Buttons became unresponsive after one week, waste of my hard-earned money. Also, regarding pricing & value, offers tremendous cost efficiency, definitely superior to pricier brand alternatives.",2025-09-04 22:00:00
FB-10673,PC Accessories,Pricing & Value,5,Positive,"Got this at a great discount, absolutely worth every single penny spent. Also, regarding product quality, works flawlessly straight out of the box, zero hardware defects found.",2025-11-19 23:00:00
FB-10674,PC Accessories,Usability & Interface,1,Negative,"Touch controls are hyper-sensitive and register phantom touches constantly. Also, regarding delivery & packaging, package arrived completely crushed and soaked in moisture, awful courier handling.",2025-08-29 14:00:00
FB-10675,Wearables,Usability & Interface,3,Neutral,"App layout is adequate, would appreciate more customization options in future updates. Still deciding whether to keep it or exchange it.",2025-05-29 05:00:00
FB-10676,Wearables,Usability & Interface,5,Positive,"The companion app is intuitive, beautifully designed, and very easy to navigate. Also, regarding customer support, worst customer support imaginable, agent was rude and abruptly disconnected the call.",2025-12-03 09:00:00
FB-10677,Smart Home,Delivery & Packaging,1,Negative,The delivery was very late and box arrived broken with damaged items inside. I strongly urge buyers to stay away from this product.,2025-05-23 08:00:00
FB-10678,Wearables,Delivery & Packaging,5,Positive,"Lightning fast delivery, arrived a full day before the estimated date.",2025-11-06 05:00:00
FB-10679,Wearables,Pricing & Value,1,Negative,"Grossly overpriced, feels like a cheap ten dollar gadget sold at premium rates. Will be returning this immediately for a full refund.",2025-09-06 05:00:00
FB-10680,Electronics,Delivery & Packaging,1,Negative,"Extremely delayed delivery, took more than two weeks past the scheduled arrival date. Also, regarding customer support, the chatbot wasn't helpful, but the human agent who took over was decent.",2025-07-16 07:00:00
FB-10681,PC Accessories,Customer Support,1,Negative,"Zero customer support response, automated bot keeps looping without human takeover. Very frustrating experience overall.",2025-03-01 01:00:00
FB-10682,Wearables,Pricing & Value,5,Positive,Fair pricing for such rich features and solid build quality.,2025-09-30 07:00:00
FB-10683,Wearables,Pricing & Value,5,Positive,"Unbeatable price-to-performance ratio in this budget category. Also, regarding usability & interface, effortless ergonomics and controls are laid out very sensibly for one-handed operation.",2025-08-18 12:00:00
FB-10684,PC Accessories,Product Quality,1,Negative,"Battery drains completely in less than an hour, horrible battery life.",2025-08-10 19:00:00
FB-10685,Wearables,Delivery & Packaging,2,Negative,"Courier marked package as delivered when no one actually came, had to chase them for days.",2025-05-11 20:00:00
FB-10686,PC Accessories,Customer Support,3,Neutral,"Representative gave scripted answers initially, but later clarified my doubt. Also, regarding delivery & packaging, packaging was adequate, minimal cushioning but fortunately no damage.",2025-01-06 21:00:00
FB-10687,Smart Home,Product Quality,4,Positive,"High quality materials used, exceeded my expectations completely. Also, regarding usability & interface, ergonomics are fine for average hand sizes, might feel bulky for smaller grips.",2025-05-26 08:00:00
FB-10688,Electronics,Usability & Interface,4,Positive,"The companion app is intuitive, beautifully designed, and very easy to navigate.",2025-12-03 06:00:00
FB-10689,Electronics,Product Quality,1,Negative,"Buttons became unresponsive after one week, waste of my hard-earned money. Do not waste your time and money on this.",2025-04-05 03:00:00
FB-10690,Smart Home,Delivery & Packaging,2,Negative,"Late delivery ruined a birthday gift surprise, completely unreliable logistics service.",2025-11-24 14:00:00
FB-10691,Wearables,Pricing & Value,2,Negative,"Hidden subscription fees not mentioned on product page, feels predatory and deceptive. I strongly urge buyers to stay away from this product.",2025-05-22 01:00:00
FB-10692,Wearables,Product Quality,5,Positive,"Outstanding craftsmanship and reliable performance under daily heavy usage. Furthermore, overall performance has been rock solid.",2025-09-09 06:00:00
FB-10693,Electronics,Pricing & Value,3,Neutral,"Value for money is average, you get what you pay for. Also, regarding usability & interface, pleasant ergonomic design, comfortable to hold and interact with for prolonged hours.",2025-11-26 03:00:00
FB-10694,Electronics,Product Quality,2,Negative,"Terrible build quality, cheap creaking plastic that feels very flimsy. Very frustrating experience overall.",2025-08-17 00:00:00
FB-10695,Electronics,Product Quality,1,Negative,"The hinge broke on normal opening, fragile construction and shoddy materials. Very frustrating experience overall.",2025-07-20 18:00:00
FB-10696,Smart Home,Pricing & Value,5,Positive,"Competitive price tag, easily the best option available under this budget range.",2025-02-05 17:00:00
FB-10697,Electronics,Pricing & Value,5,Positive,"Offers tremendous cost efficiency, definitely superior to pricier brand alternatives. Also, regarding delivery & packaging, outer box had slight wrinkles, but internal cushion protected the merchandise.",2025-07-25 01:00:00
FB-10698,PC Accessories,Delivery & Packaging,3,Neutral,"Delivery was delayed by half a day due to weather, but tracking was updated. It works for basic needs but don't expect miracles.",2025-05-29 20:00:00
FB-10699,Audio,Pricing & Value,4,Positive,"Best investment I made this month, total bang for your buck. Also, regarding product quality, battery drains completely in less than an hour, horrible battery life.",2025-09-07 02:00:00
FB-10700,Audio,Customer Support,2,Negative,"Worst customer support imaginable, agent was rude and abruptly disconnected the call. Do not waste your time and money on this.",2025-05-03 15:00:00
FB-10701,PC Accessories,Pricing & Value,5,Positive,Fair pricing for such rich features and solid build quality.,2025-01-09 01:00:00
FB-10702,Smart Home,Product Quality,5,Positive,"High quality materials used, exceeded my expectations completely. Five stars without any hesitation.",2025-08-23 21:00:00
FB-10703,Audio,Usability & Interface,1,Negative,"Complicated and frustrating setup process, confusing error codes with no explanation. Will be returning this immediately for a full refund.",2025-09-08 20:00:00
FB-10704,Audio,Customer Support,4,Positive,"Customer service was incredibly helpful, polite, and resolved my issue within minutes. Furthermore, overall performance has been rock solid.",2025-06-07 03:00:00
FB-10705,Electronics,Usability & Interface,3,Neutral,"Companion mobile app works fine, occasionally takes a few seconds to sync data. On the whole, it is an okay balance between pros and cons.",2025-02-02 06:00:00
FB-10706,Electronics,Delivery & Packaging,5,Positive,"Very impressed with how quickly and securely the package was delivered. Also, regarding pricing & value, incredible value for money, outperforms products that cost twice as much.",2025-10-31 05:00:00
FB-10707,Audio,Delivery & Packaging,4,Positive,"Excellent logistics, delivery executive called before arrival to confirm availability. Truly pleased with this purchase!",2025-10-11 05:00:00
FB-10708,Electronics,Customer Support,4,Positive,Support executive followed up the next day to confirm everything was functioning smoothly. Highly recommended to anyone looking for a dependable option.,2025-01-09 15:00:00
FB-10709,Electronics,Customer Support,4,Positive,Support executive followed up the next day to confirm everything was functioning smoothly.,2025-08-02 22:00:00
FB-10710,Audio,Customer Support,2,Negative,"Help desk refused to honor the return policy despite clear photographic evidence. Also, regarding usability & interface, ergonomics are fine for average hand sizes, might feel bulky for smaller grips.",2025-03-31 19:00:00
FB-10711,PC Accessories,Pricing & Value,1,Negative,"Complete rip-off, you can get far better alternatives at half the cost. Also, regarding delivery & packaging, average shipping speed, nothing exceptional to complain or praise about.",2025-01-03 17:00:00
FB-10712,Electronics,Usability & Interface,4,Positive,"Pleasant ergonomic design, comfortable to hold and interact with for prolonged hours. Five stars without any hesitation.",2025-09-17 07:00:00
FB-10713,Electronics,Delivery & Packaging,3,Neutral,"Courier left package with neighbor without informing beforehand, but received safely. On the whole, it is an okay balance between pros and cons.",2025-12-17 15:00:00
FB-10714,Electronics,Product Quality,3,Neutral,"Standard plastic casing, seems fine so far after two weeks of normal use. It works for basic needs but don't expect miracles.",2025-05-09 10:00:00
FB-10715,Electronics,Product Quality,3,Neutral,"Build quality is acceptable for the price, nothing extraordinary.",2025-04-01 05:00:00
FB-10716,Electronics,Usability & Interface,2,Negative,"Complicated and frustrating setup process, confusing error codes with no explanation.",2025-08-16 18:00:00
FB-10717,Wearables,Customer Support,3,Neutral,"Representative gave scripted answers initially, but later clarified my doubt.",2025-06-16 07:00:00
FB-10718,Smart Home,Customer Support,5,Positive,"Quick response time via live chat, query was sorted out professionally without delays. Five stars without any hesitation.",2025-09-06 01:00:00
FB-10719,PC Accessories,Customer Support,1,Negative,"Support staff was clueless, kept transferring me between four different departments. Very frustrating experience overall.",2025-03-11 14:00:00
FB-10720,Audio,Delivery & Packaging,2,Negative,"Flimsy packaging with zero protective padding, product arrived with visible dents and broken parts. Do not waste your time and money on this.",2025-01-31 08:00:00
FB-10721,Smart Home,Pricing & Value,5,Positive,Unbeatable price-to-performance ratio in this budget category.,2025-04-23 09:00:00
FB-10722,PC Accessories,Usability & Interface,3,Neutral,"Ergonomics are fine for average hand sizes, might feel bulky for smaller grips. It works for basic needs but don't expect miracles.",2025-04-21 18:00:00
FB-10723,Electronics,Delivery & Packaging,3,Neutral,"Average shipping speed, nothing exceptional to complain or praise about.",2025-05-07 07:00:00
FB-10724,Audio,Usability & Interface,4,Positive,"Pleasant ergonomic design, comfortable to hold and interact with for prolonged hours.",2025-08-02 01:00:00
FB-10725,Electronics,Usability & Interface,5,Positive,"Setup guide was crystal clear with diagrams, painless initial configuration. Also, regarding pricing & value, complete rip-off, you can get far better alternatives at half the cost.",2025-08-20 15:00:00
FB-10726,Audio,Pricing & Value,4,Positive,Unbeatable price-to-performance ratio in this budget category. Highly recommended to anyone looking for a dependable option.,2025-11-28 02:00:00
FB-10727,Smart Home,Customer Support,5,Positive,Support executive followed up the next day to confirm everything was functioning smoothly.,2025-01-13 14:00:00
FB-10728,Audio,Pricing & Value,3,Neutral,"It is decently priced, wait for a sale discount if you want better value. Also, regarding product quality, terrible build quality, cheap creaking plastic that feels very flimsy.",2025-07-17 22:00:00
FB-10729,Smart Home,Delivery & Packaging,4,Positive,"Eco-friendly yet sturdy packaging, product was fully secured from shocks. Also, regarding customer support, ignored my warranty claim emails for two weeks, absolute lack of accountability.",2025-11-14 10:00:00
FB-10730,Wearables,Usability & Interface,1,Negative,"Companion app is full of bugs, crashes continuously on opening. Very frustrating experience overall.",2025-08-27 19:00:00
FB-10731,PC Accessories,Customer Support,5,Positive,"Support team went above and beyond to arrange an immediate replacement. Also, regarding delivery & packaging, arrived ahead of scheduled delivery window, safe doorstep drop-off.",2025-05-03 17:00:00
FB-10732,Audio,Usability & Interface,5,Positive,"Extremely user-friendly interface, even my elderly parents found it easy to operate. Truly pleased with this purchase!",2025-09-15 21:00:00
FB-10733,Wearables,Product Quality,4,Positive,"The screen clarity and speaker output quality are phenomenal. Also, regarding customer support, support staff was polite, but lacked deep technical knowledge about the device firmware.",2025-12-14 17:00:00
FB-10734,Wearables,Usability & Interface,2,Negative,"Complicated and frustrating setup process, confusing error codes with no explanation. Deeply disappointed with this purchase.",2025-02-14 02:00:00
FB-10735,Electronics,Delivery & Packaging,4,Positive,"Immaculate packaging with heavy protective bubble wrap and tamper-proof seal. Furthermore, overall performance has been rock solid.",2025-12-23 04:00:00
FB-10736,Electronics,Usability & Interface,3,Neutral,"Software is functional but aesthetics feel somewhat dated and utilitarian. Also, regarding customer support, help desk reached out after 36 hours, could be faster but resolved the ticket.",2025-08-04 14:00:00
FB-10737,Audio,Delivery & Packaging,1,Negative,The delivery was very late and box arrived broken with damaged items inside. Will be returning this immediately for a full refund.,2025-09-24 20:00:00
FB-10738,Smart Home,Delivery & Packaging,5,Positive,"Very impressed with how quickly and securely the package was delivered. Also, regarding usability & interface, software is functional but aesthetics feel somewhat dated and utilitarian.",2025-10-18 04:00:00
FB-10739,Wearables,Customer Support,2,Negative,"Kept on hold for over 45 minutes and then call got dropped, hopeless service. Also, regarding pricing & value, unbeatable price-to-performance ratio in this budget category.",2025-06-30 09:00:00
FB-10740,Audio,Usability & Interface,3,Neutral,"Usability is acceptable, takes a day or two of learning curve to get accustomed. On the whole, it is an okay balance between pros and cons.",2025-12-29 22:00:00
FB-10741,Audio,Customer Support,1,Negative,"Ignored my warranty claim emails for two weeks, absolute lack of accountability. Very frustrating experience overall.",2025-10-22 04:00:00
FB-10742,Audio,Customer Support,5,Positive,"Exceptional customer care experience, truly values their consumers.",2025-12-07 10:00:00
FB-10743,Smart Home,Delivery & Packaging,1,Negative,Package was lost in transit for a week and arrived late with torn packaging.,2025-10-01 09:00:00
FB-10744,Smart Home,Pricing & Value,4,Positive,Unbeatable price-to-performance ratio in this budget category.,2025-06-13 04:00:00
FB-10745,Smart Home,Delivery & Packaging,5,Positive,"Eco-friendly yet sturdy packaging, product was fully secured from shocks.",2025-10-21 21:00:00
FB-10746,Electronics,Delivery & Packaging,5,Positive,"Flawless unboxing experience, clean premium box design and intact seal.",2025-03-13 21:00:00
FB-10747,Smart Home,Product Quality,3,Neutral,"Meets the minimum baseline expectation, but lacks premium refinement.",2025-08-17 11:00:00
FB-10748,Audio,Usability & Interface,4,Positive,"Pleasant ergonomic design, comfortable to hold and interact with for prolonged hours. Also, regarding delivery & packaging, lightning fast delivery, arrived a full day before the estimated date.",2025-02-12 17:00:00
FB-10749,Smart Home,Usability & Interface,1,Negative,"Bluetooth connection drops randomly every 5 minutes, infuriating to use. Also, regarding product quality, battery drains completely in less than an hour, horrible battery life.",2025-07-23 04:00:00
FB-10750,Smart Home,Delivery & Packaging,2,Negative,"Flimsy packaging with zero protective padding, product arrived with visible dents and broken parts. Very frustrating experience overall.",2025-06-29 09:00:00
FB-10751,Smart Home,Customer Support,1,Negative,"Terrible customer care, treated me like a nuisance when asking for replacement.",2025-05-28 05:00:00
FB-10752,Audio,Pricing & Value,2,Negative,"Price gouging at its finest, nowhere near worth the steep asking price. Also, regarding customer support, outstanding warranty assistance, hassle-free exchange processed in 24 hours.",2025-09-01 16:00:00
FB-10753,Smart Home,Usability & Interface,1,Negative,"Complicated and frustrating setup process, confusing error codes with no explanation. Very frustrating experience overall.",2025-08-01 05:00:00
FB-10754,Audio,Customer Support,3,Neutral,"The chatbot wasn't helpful, but the human agent who took over was decent. It works for basic needs but don't expect miracles.",2025-01-22 09:00:00
FB-10755,PC Accessories,Pricing & Value,2,Negative,"Total waste of budget, inferior hardware marked up by aggressive marketing. I strongly urge buyers to stay away from this product.",2025-03-20 08:00:00
FB-10756,Wearables,Product Quality,5,Positive,"Solid build, great tactile feedback on buttons, feels like an expensive flagship. Highly recommended to anyone looking for a dependable option.",2025-01-15 03:00:00
FB-10757,PC Accessories,Product Quality,2,Negative,"Battery drains completely in less than an hour, horrible battery life. Also, regarding usability & interface, controls are responsive, although button labeling could be clearer.",2025-12-22 03:00:00
FB-10758,Audio,Delivery & Packaging,4,Positive,Very impressed with how quickly and securely the package was delivered. Truly pleased with this purchase!,2025-08-25 22:00:00
FB-10759,Wearables,Product Quality,4,Positive,"The screen clarity and speaker output quality are phenomenal. Also, regarding pricing & value, best investment i made this month, total bang for your buck.",2025-05-30 16:00:00
FB-10760,Audio,Usability & Interface,3,Neutral,"Setup is straightforward if you follow the manual, slightly confusing otherwise.",2025-11-03 05:00:00
FB-10761,Wearables,Delivery & Packaging,3,Neutral,"Delivery was delayed by half a day due to weather, but tracking was updated. Still deciding whether to keep it or exchange it.",2025-03-15 00:00:00
FB-10762,Smart Home,Delivery & Packaging,5,Positive,"Excellent logistics, delivery executive called before arrival to confirm availability. Highly recommended to anyone looking for a dependable option.",2025-02-22 06:00:00
FB-10763,PC Accessories,Customer Support,4,Positive,"Support executive followed up the next day to confirm everything was functioning smoothly. Also, regarding product quality, battery life is around 5 hours, which is just about manageable for a workday.",2025-02-09 03:00:00
FB-10764,Wearables,Pricing & Value,1,Negative,"Hidden subscription fees not mentioned on product page, feels predatory and deceptive. Also, regarding customer support, fair experience with help desk, nothing particularly impressive or terrible.",2025-09-25 10:00:00
FB-10765,Electronics,Product Quality,5,Positive,Superb hardware performance and the finish looks very premium. Highly recommended to anyone looking for a dependable option.,2025-12-19 07:00:00
FB-10766,Electronics,Customer Support,4,Positive,"Prompt email support with clear screenshots and instructions, highly impressed. Also, regarding product quality, the build quality is exceptional, feels sturdy and well-engineered.",2025-09-05 13:00:00
FB-10767,PC Accessories,Product Quality,4,Positive,"Genuinely surprised by how well built this unit is compared to competitors. Furthermore, overall performance has been rock solid.",2025-05-10 01:00:00
FB-10768,Electronics,Product Quality,4,Positive,Genuinely surprised by how well built this unit is compared to competitors. Highly recommended to anyone looking for a dependable option.,2025-04-05 21:00:00
FB-10769,Wearables,Customer Support,4,Positive,Support executive followed up the next day to confirm everything was functioning smoothly. Highly recommended to anyone looking for a dependable option.,2025-09-14 23:00:00
FB-10770,PC Accessories,Product Quality,3,Neutral,"Build quality is acceptable for the price, nothing extraordinary. Also, regarding delivery & packaging, took five days to arrive, which is standard transit time for my location.",2025-10-03 00:00:00
FB-10771,PC Accessories,Customer Support,1,Negative,"Support staff was clueless, kept transferring me between four different departments. Do not waste your time and money on this.",2025-04-05 14:00:00
FB-10772,Wearables,Customer Support,1,Negative,"Terrible customer care, treated me like a nuisance when asking for replacement. Also, regarding delivery & packaging, packaging was somewhat plain cardboard, but the inner device was safe.",2025-06-10 03:00:00
FB-10773,Wearables,Pricing & Value,3,Neutral,"Priced appropriately, though competitor brands offer similar features slightly cheaper. Also, regarding product quality, the screen clarity and speaker output quality are phenomenal.",2025-09-10 03:00:00
FB-10774,Wearables,Usability & Interface,5,Positive,Voice commands and gesture shortcuts work reliably every single time. Will definitely buy from this brand again.,2025-05-29 13:00:00
FB-10775,Wearables,Pricing & Value,4,Positive,Unbeatable price-to-performance ratio in this budget category. Will definitely buy from this brand again.,2025-12-11 03:00:00
FB-10776,Audio,Product Quality,4,Positive,"Solid build, great tactile feedback on buttons, feels like an expensive flagship. Also, regarding customer support, help desk refused to honor the return policy despite clear photographic evidence.",2025-02-03 11:00:00
FB-10777,PC Accessories,Customer Support,2,Negative,"Terrible customer care, treated me like a nuisance when asking for replacement. Deeply disappointed with this purchase.",2025-09-13 08:00:00
FB-10778,Wearables,Pricing & Value,2,Negative,"Total waste of budget, inferior hardware marked up by aggressive marketing. Also, regarding usability & interface, usability is acceptable, takes a day or two of learning curve to get accustomed.",2025-05-23 04:00:00
FB-10779,Wearables,Product Quality,1,Negative,"Inferior product quality, nowhere close to the advertised technical specs. Also, regarding delivery & packaging, immaculate packaging with heavy protective bubble wrap and tamper-proof seal.",2025-01-28 02:00:00
FB-10780,Smart Home,Customer Support,3,Neutral,"Fair experience with help desk, nothing particularly impressive or terrible. Also, regarding delivery & packaging, delivery person asked for otp promptly, delivery took the usual standard timeframe.",2025-11-16 03:00:00
FB-10781,Audio,Pricing & Value,2,Negative,"Hidden subscription fees not mentioned on product page, feels predatory and deceptive. Also, regarding usability & interface, touch controls are hyper-sensitive and register phantom touches constantly.",2025-10-05 10:00:00
FB-10782,Smart Home,Product Quality,1,Negative,"Terrible build quality, cheap creaking plastic that feels very flimsy. Very frustrating experience overall.",2025-07-12 14:00:00
FB-10783,PC Accessories,Customer Support,3,Neutral,"Average support interaction, problem was solved but took longer than anticipated.",2025-03-26 15:00:00
FB-10784,Smart Home,Pricing & Value,5,Positive,"Got this at a great discount, absolutely worth every single penny spent. Also, regarding usability & interface, font size on display is tiny and unreadable under outdoor sunlight.",2025-12-17 17:00:00
FB-10785,Audio,Usability & Interface,3,Neutral,"Usability is acceptable, takes a day or two of learning curve to get accustomed. Still deciding whether to keep it or exchange it.",2025-09-11 18:00:00
FB-10786,Wearables,Delivery & Packaging,2,Negative,"Package arrived completely crushed and soaked in moisture, awful courier handling. I strongly urge buyers to stay away from this product.",2025-03-07 11:00:00
FB-10787,Smart Home,Delivery & Packaging,4,Positive,"Immaculate packaging with heavy protective bubble wrap and tamper-proof seal. Also, regarding pricing & value, it is decently priced, wait for a sale discount if you want better value.",2025-01-29 21:00:00
FB-10788,PC Accessories,Delivery & Packaging,4,Positive,Immaculate packaging with heavy protective bubble wrap and tamper-proof seal.,2025-02-03 09:00:00
FB-10789,PC Accessories,Product Quality,4,Positive,The screen clarity and speaker output quality are phenomenal. Will definitely buy from this brand again.,2025-10-18 16:00:00
FB-10790,Smart Home,Product Quality,2,Negative,"Buttons became unresponsive after one week, waste of my hard-earned money. Very frustrating experience overall.",2025-07-13 18:00:00
FB-10791,Electronics,Pricing & Value,4,Positive,High-end premium features offered at an accessible and reasonable price point. Five stars without any hesitation.,2025-12-08 10:00:00
FB-10792,Smart Home,Delivery & Packaging,5,Positive,"Super quick dispatch and real-time live GPS tracking was very accurate. Also, regarding product quality, screen has dead pixels right in the center, completely unacceptable qa.",2025-05-28 08:00:00
FB-10793,PC Accessories,Customer Support,5,Positive,Support team went above and beyond to arrange an immediate replacement.,2025-10-24 03:00:00
FB-10794,PC Accessories,Product Quality,3,Neutral,"Looks fine aesthetically, though structural rigidity could be improved. Also, regarding delivery & packaging, packaging was somewhat plain cardboard, but the inner device was safe.",2025-11-30 09:00:00
FB-10795,PC Accessories,Pricing & Value,3,Neutral,"It is decently priced, wait for a sale discount if you want better value. It works for basic needs but don't expect miracles.",2025-05-09 19:00:00
FB-10796,PC Accessories,Product Quality,3,Neutral,"It works as advertised, neither great nor bad, average hardware. Also, regarding delivery & packaging, delivery driver was extremely unprofessional and threw the parcel over the gate.",2025-05-18 20:00:00
FB-10797,Electronics,Usability & Interface,3,Neutral,"Usability is acceptable, takes a day or two of learning curve to get accustomed. It works for basic needs but don't expect miracles.",2025-03-17 07:00:00
FB-10798,Smart Home,Pricing & Value,5,Positive,Very economical pricing without cutting corners on essential functionality.,2025-02-02 20:00:00
FB-10799,Wearables,Delivery & Packaging,5,Positive,"Package arrived in pristine condition, delivery courier was very professional. Five stars without any hesitation.",2025-05-01 12:00:00
FB-10800,Electronics,Customer Support,4,Positive,"Quick response time via live chat, query was sorted out professionally without delays.",2025-06-08 14:00:00
FB-10801,Electronics,Pricing & Value,3,Neutral,"A bit on the higher side, but acceptable given the current market inflation. On the whole, it is an okay balance between pros and cons.",2025-01-15 08:00:00
FB-10802,Audio,Usability & Interface,2,Negative,"Companion app is full of bugs, crashes continuously on opening.",2025-09-06 00:00:00
FB-10803,PC Accessories,Delivery & Packaging,4,Positive,"Eco-friendly yet sturdy packaging, product was fully secured from shocks.",2025-07-28 11:00:00
FB-10804,Audio,Pricing & Value,1,Negative,"Regret buying this, zero value for money and totally unjustified pricing. Do not waste your time and money on this.",2025-03-03 16:00:00
FB-10805,Electronics,Pricing & Value,2,Negative,"Regret buying this, zero value for money and totally unjustified pricing. Also, regarding delivery & packaging, delivery person asked for otp promptly, delivery took the usual standard timeframe.",2025-07-19 23:00:00
FB-10806,Audio,Customer Support,2,Negative,"Ignored my warranty claim emails for two weeks, absolute lack of accountability. Very frustrating experience overall.",2025-08-14 13:00:00
FB-10807,PC Accessories,Pricing & Value,4,Positive,"Very economical pricing without cutting corners on essential functionality. Also, regarding product quality, looks fine aesthetically, though structural rigidity could be improved.",2025-08-05 15:00:00
FB-10808,Wearables,Customer Support,2,Negative,"Support staff was clueless, kept transferring me between four different departments.",2025-06-07 00:00:00
FB-10809,Audio,Product Quality,3,Neutral,"Performance is mediocre. Does basic tasks fine but stutters during multitasking. Also, regarding pricing & value, extremely expensive maintenance and replacement parts cost more than the device itself.",2025-12-17 03:00:00
FB-10810,Smart Home,Pricing & Value,3,Neutral,"Price is reasonable for what you get, neither a steal nor overpriced.",2025-07-21 08:00:00
FB-10811,Audio,Delivery & Packaging,4,Positive,"Package arrived in pristine condition, delivery courier was very professional.",2025-11-20 10:00:00
FB-10812,Wearables,Product Quality,2,Negative,"Terrible build quality, cheap creaking plastic that feels very flimsy.",2025-09-09 15:00:00
FB-10813,Electronics,Pricing & Value,2,Negative,"Grossly overpriced, feels like a cheap ten dollar gadget sold at premium rates. Also, regarding product quality, hardware is average, nothing to write home about but does the job.",2025-11-05 23:00:00
FB-10814,Electronics,Pricing & Value,2,Negative,"Absurdly overpriced for such poor functionality and cheap construction. Also, regarding customer support, support staff was clueless, kept transferring me between four different departments.",2025-11-25 04:00:00
FB-10815,Wearables,Delivery & Packaging,4,Positive,Very impressed with how quickly and securely the package was delivered. Highly recommended to anyone looking for a dependable option.,2025-05-08 16:00:00
FB-10816,Smart Home,Usability & Interface,1,Negative,"Companion app demands unnecessary location and contact permissions just to operate. Also, regarding customer support, support was standard. took two rounds of emails to get my invoice updated.",2025-12-18 18:00:00
FB-10817,Electronics,Customer Support,2,Negative,"Terrible customer care, treated me like a nuisance when asking for replacement. Deeply disappointed with this purchase.",2025-07-13 18:00:00
FB-10818,PC Accessories,Usability & Interface,4,Positive,"Extremely user-friendly interface, even my elderly parents found it easy to operate.",2025-08-25 06:00:00
FB-10819,Smart Home,Product Quality,4,Positive,"Genuinely surprised by how well built this unit is compared to competitors. Also, regarding pricing & value, got this at a great discount, absolutely worth every single penny spent.",2025-07-08 05:00:00
FB-10820,PC Accessories,Product Quality,1,Negative,"The hinge broke on normal opening, fragile construction and shoddy materials.",2025-08-21 21:00:00
FB-10821,Audio,Customer Support,3,Neutral,"Average support interaction, problem was solved but took longer than anticipated. It works for basic needs but don't expect miracles.",2025-07-15 04:00:00
FB-10822,Audio,Usability & Interface,4,Positive,Effortless ergonomics and controls are laid out very sensibly for one-handed operation.,2025-04-07 13:00:00
FB-10823,Wearables,Product Quality,4,Positive,Outstanding craftsmanship and reliable performance under daily heavy usage. Will definitely buy from this brand again.,2025-05-08 11:00:00
FB-10824,Electronics,Product Quality,3,Neutral,"Battery life is around 5 hours, which is just about manageable for a workday. Still deciding whether to keep it or exchange it.",2025-12-21 12:00:00
FB-10825,PC Accessories,Pricing & Value,2,Negative,"Hidden subscription fees not mentioned on product page, feels predatory and deceptive. Do not waste your time and money on this.",2025-01-31 01:00:00
FB-10826,Wearables,Pricing & Value,4,Positive,"Offers tremendous cost efficiency, definitely superior to pricier brand alternatives.",2025-11-03 22:00:00
FB-10827,Wearables,Product Quality,1,Negative,"Microphone sound is muffled and distorted, completely ruined phone calls. Also, regarding pricing & value, it is decently priced, wait for a sale discount if you want better value.",2025-03-09 17:00:00
FB-10828,Audio,Delivery & Packaging,4,Positive,"Prompt shipping, tracking notifications kept me updated at every checkpoint. Also, regarding pricing & value, value for money is average, you get what you pay for.",2025-02-15 10:00:00
FB-10829,Wearables,Customer Support,2,Negative,"Ignored my warranty claim emails for two weeks, absolute lack of accountability. Will be returning this immediately for a full refund.",2025-09-13 08:00:00
FB-10830,Wearables,Delivery & Packaging,2,Negative,"Disastrous delivery, product casing was cracked and broken due to rough transit impact.",2025-05-16 16:00:00
FB-10831,Smart Home,Delivery & Packaging,4,Positive,"Package arrived in pristine condition, delivery courier was very professional. Also, regarding usability & interface, extremely user-friendly interface, even my elderly parents found it easy to operate.",2025-03-18 01:00:00
FB-10832,Wearables,Pricing & Value,4,Positive,Unbeatable price-to-performance ratio in this budget category.,2025-08-12 03:00:00
FB-10833,Smart Home,Product Quality,2,Negative,"Battery drains completely in less than an hour, horrible battery life.",2025-10-15 15:00:00
FB-10834,Electronics,Customer Support,3,Neutral,"Help desk reached out after 36 hours, could be faster but resolved the ticket. Still deciding whether to keep it or exchange it.",2025-04-03 05:00:00
FB-10835,PC Accessories,Usability & Interface,2,Negative,"Bluetooth connection drops randomly every 5 minutes, infuriating to use. Also, regarding product quality, buttons became unresponsive after one week, waste of my hard-earned money.",2025-04-03 13:00:00
FB-10836,Electronics,Pricing & Value,1,Negative,Extremely expensive maintenance and replacement parts cost more than the device itself. I strongly urge buyers to stay away from this product.,2025-07-21 11:00:00
FB-10837,Audio,Delivery & Packaging,3,Neutral,"Delivery arrived on the promised date, standard courier service. It works for basic needs but don't expect miracles.",2025-08-21 20:00:00
FB-10838,Electronics,Delivery & Packaging,1,Negative,"Late delivery ruined a birthday gift surprise, completely unreliable logistics service. Also, regarding usability & interface, basic interface that gets the job done without bells and whistles.",2025-03-08 06:00:00
FB-10839,Electronics,Delivery & Packaging,2,Negative,"The delivery was very late and box arrived broken with damaged items inside. Also, regarding usability & interface, setup guide was crystal clear with diagrams, painless initial configuration.",2025-05-11 05:00:00
FB-10840,Electronics,Product Quality,5,Positive,Superb hardware performance and the finish looks very premium. Will definitely buy from this brand again.,2025-05-26 20:00:00
FB-10841,Wearables,Product Quality,1,Negative,"Inferior product quality, nowhere close to the advertised technical specs.",2025-06-08 21:00:00
FB-10842,Wearables,Product Quality,3,Neutral,"Looks fine aesthetically, though structural rigidity could be improved. It works for basic needs but don't expect miracles.",2025-07-18 15:00:00
FB-10843,Smart Home,Product Quality,5,Positive,"The screen clarity and speaker output quality are phenomenal. Also, regarding usability & interface, firmware update bricked the settings menu, requiring complete factory reset.",2025-02-17 01:00:00
FB-10844,Audio,Customer Support,3,Neutral,"Got my query resolved, although the transfer between departments was cumbersome. Also, regarding product quality, battery life is around 5 hours, which is just about manageable for a workday.",2025-08-12 02:00:00
FB-10845,Audio,Delivery & Packaging,2,Negative,"Extremely delayed delivery, took more than two weeks past the scheduled arrival date. Also, regarding pricing & value, exceptional deal during the sale, thoroughly satisfied with this purchase value.",2025-08-07 09:00:00
FB-10846,PC Accessories,Product Quality,3,Neutral,"Decent materials used, but some plastic parts feel slightly cheap. Also, regarding usability & interface, voice commands and gesture shortcuts work reliably every single time.",2025-12-05 23:00:00
FB-10847,Wearables,Delivery & Packaging,3,Neutral,"Delivery person asked for OTP promptly, delivery took the usual standard timeframe. However, there is definitely room for minor improvements.",2025-02-28 23:00:00
FB-10848,Smart Home,Customer Support,1,Negative,"Worst customer support imaginable, agent was rude and abruptly disconnected the call. Very frustrating experience overall.",2025-06-10 18:00:00
FB-10849,Wearables,Usability & Interface,2,Negative,Companion app demands unnecessary location and contact permissions just to operate.,2025-04-06 06:00:00
FB-10850,Smart Home,Product Quality,5,Positive,Impressive battery endurance and the internal hardware runs surprisingly cool. Will definitely buy from this brand again.,2025-03-01 00:00:00
FB-10851,Smart Home,Pricing & Value,5,Positive,"Offers tremendous cost efficiency, definitely superior to pricier brand alternatives.",2025-06-05 19:00:00
FB-10852,Wearables,Pricing & Value,2,Negative,"Complete rip-off, you can get far better alternatives at half the cost. I strongly urge buyers to stay away from this product.",2025-04-08 03:00:00
FB-10853,Audio,Product Quality,1,Negative,"Inferior product quality, nowhere close to the advertised technical specs. Also, regarding delivery & packaging, packaging was adequate, minimal cushioning but fortunately no damage.",2025-04-08 02:00:00
FB-10854,Smart Home,Customer Support,5,Positive,"Prompt email support with clear screenshots and instructions, highly impressed. Highly recommended to anyone looking for a dependable option.",2025-03-20 23:00:00
FB-10855,Electronics,Pricing & Value,2,Negative,"Total waste of budget, inferior hardware marked up by aggressive marketing. Also, regarding customer support, fair experience with help desk, nothing particularly impressive or terrible.",2025-07-20 01:00:00
FB-10856,Smart Home,Pricing & Value,4,Positive,Fair pricing for such rich features and solid build quality.,2025-11-02 23:00:00
FB-10857,Smart Home,Product Quality,3,Neutral,"Hardware is average, nothing to write home about but does the job. Also, regarding usability & interface, the companion app is intuitive, beautifully designed, and very easy to navigate.",2025-09-28 00:00:00
FB-10858,Electronics,Usability & Interface,5,Positive,Effortless ergonomics and controls are laid out very sensibly for one-handed operation.,2025-08-02 15:00:00
FB-10859,Smart Home,Pricing & Value,5,Positive,"Incredible value for money, outperforms products that cost twice as much. Highly recommended to anyone looking for a dependable option.",2025-08-29 11:00:00
FB-10860,Wearables,Usability & Interface,4,Positive,"Pleasant ergonomic design, comfortable to hold and interact with for prolonged hours.",2025-12-03 14:00:00
FB-10861,Smart Home,Pricing & Value,5,Positive,Very economical pricing without cutting corners on essential functionality.,2025-03-24 19:00:00
FB-10862,Audio,Pricing & Value,4,Positive,Unbeatable price-to-performance ratio in this budget category. Five stars without any hesitation.,2025-09-09 03:00:00
FB-10863,Audio,Delivery & Packaging,2,Negative,"The outer box was opened and the product inside was broken and defective. Also, regarding product quality, performance is mediocre. does basic tasks fine but stutters during multitasking.",2025-07-02 21:00:00
FB-10864,Wearables,Product Quality,4,Positive,"Solid build, great tactile feedback on buttons, feels like an expensive flagship. Highly recommended to anyone looking for a dependable option.",2025-03-03 17:00:00
FB-10865,Wearables,Delivery & Packaging,5,Positive,"Lightning fast delivery, arrived a full day before the estimated date.",2025-10-13 08:00:00
FB-10866,Smart Home,Product Quality,1,Negative,"Inferior product quality, nowhere close to the advertised technical specs.",2025-02-26 03:00:00
FB-10867,Electronics,Usability & Interface,1,Negative,Font size on display is tiny and unreadable under outdoor sunlight. I strongly urge buyers to stay away from this product.,2025-04-16 11:00:00
FB-10868,PC Accessories,Pricing & Value,5,Positive,Fair pricing for such rich features and solid build quality.,2025-02-20 04:00:00
FB-10869,Electronics,Customer Support,3,Neutral,"Representative gave scripted answers initially, but later clarified my doubt. Also, regarding usability & interface, extremely user-friendly interface, even my elderly parents found it easy to operate.",2025-08-31 10:00:00
FB-10870,Wearables,Product Quality,4,Positive,The screen clarity and speaker output quality are phenomenal.,2025-08-01 11:00:00
FB-10871,PC Accessories,Customer Support,3,Neutral,"The chatbot wasn't helpful, but the human agent who took over was decent.",2025-03-12 13:00:00
FB-10872,PC Accessories,Pricing & Value,5,Positive,Very economical pricing without cutting corners on essential functionality.,2025-08-15 04:00:00
FB-10873,Wearables,Product Quality,1,Negative,"Battery drains completely in less than an hour, horrible battery life. Also, regarding delivery & packaging, delivery arrived on the promised date, standard courier service.",2025-07-21 01:00:00
FB-10874,Electronics,Usability & Interface,1,Negative,Font size on display is tiny and unreadable under outdoor sunlight.,2025-08-03 12:00:00
FB-10875,Wearables,Delivery & Packaging,2,Negative,"Package arrived completely crushed and soaked in moisture, awful courier handling.",2025-09-28 19:00:00
FB-10876,Audio,Pricing & Value,2,Negative,"Way too expensive for something that lacks standard modern basic features. Also, regarding usability & interface, companion app demands unnecessary location and contact permissions just to operate.",2025-11-29 12:00:00
FB-10877,Electronics,Product Quality,2,Negative,"Microphone sound is muffled and distorted, completely ruined phone calls. Will be returning this immediately for a full refund.",2025-09-24 17:00:00
FB-10878,PC Accessories,Usability & Interface,4,Positive,"Effortless ergonomics and controls are laid out very sensibly for one-handed operation. Also, regarding customer support, customer service was incredibly helpful, polite, and resolved my issue within minutes.",2025-10-04 18:00:00
FB-10879,PC Accessories,Pricing & Value,5,Positive,"Got this at a great discount, absolutely worth every single penny spent.",2025-07-10 08:00:00
FB-10880,Electronics,Product Quality,3,Neutral,"Decent materials used, but some plastic parts feel slightly cheap. Also, regarding customer support, help desk reached out after 36 hours, could be faster but resolved the ticket.",2025-05-01 23:00:00
FB-10881,Wearables,Delivery & Packaging,1,Negative,"Courier marked package as delivered when no one actually came, had to chase them for days. Also, regarding customer support, terrible customer care, treated me like a nuisance when asking for replacement.",2025-09-24 23:00:00
FB-10882,PC Accessories,Usability & Interface,5,Positive,"Extremely user-friendly interface, even my elderly parents found it easy to operate.",2025-07-04 14:00:00
FB-10883,Electronics,Pricing & Value,5,Positive,"Got this at a great discount, absolutely worth every single penny spent. Highly recommended to anyone looking for a dependable option.",2025-09-01 06:00:00
FB-10884,Smart Home,Usability & Interface,5,Positive,"Pleasant ergonomic design, comfortable to hold and interact with for prolonged hours. Also, regarding pricing & value, pricing is acceptable, though replacement accessories are somewhat expensive.",2025-09-13 20:00:00
FB-10885,Smart Home,Pricing & Value,5,Positive,Unbeatable price-to-performance ratio in this budget category. Highly recommended to anyone looking for a dependable option.,2025-09-06 22:00:00
FB-10886,Smart Home,Customer Support,3,Neutral,"Got my query resolved, although the transfer between departments was cumbersome. On the whole, it is an okay balance between pros and cons.",2025-10-14 11:00:00
FB-10887,Smart Home,Usability & Interface,1,Negative,"Complicated and frustrating setup process, confusing error codes with no explanation. Do not waste your time and money on this.",2025-05-29 01:00:00
FB-10888,Wearables,Delivery & Packaging,3,Neutral,"Delivery was delayed by half a day due to weather, but tracking was updated. It works for basic needs but don't expect miracles.",2025-01-15 04:00:00
FB-10889,Wearables,Product Quality,5,Positive,Outstanding craftsmanship and reliable performance under daily heavy usage. Will definitely buy from this brand again.,2025-01-02 03:00:00
FB-10890,Smart Home,Product Quality,3,Neutral,"Battery life is around 5 hours, which is just about manageable for a workday. Also, regarding usability & interface, app layout is adequate, would appreciate more customization options in future updates.",2025-09-01 23:00:00
FB-10891,PC Accessories,Customer Support,1,Negative,"Support staff was clueless, kept transferring me between four different departments.",2025-12-08 14:00:00
FB-10892,PC Accessories,Product Quality,5,Positive,"Genuinely surprised by how well built this unit is compared to competitors. Also, regarding delivery & packaging, delivery was delayed by half a day due to weather, but tracking was updated.",2025-10-04 01:00:00
FB-10893,Electronics,Delivery & Packaging,2,Negative,"Extremely delayed delivery, took more than two weeks past the scheduled arrival date.",2025-10-20 20:00:00
FB-10894,Electronics,Usability & Interface,2,Negative,Font size on display is tiny and unreadable under outdoor sunlight. Do not waste your time and money on this.,2025-10-05 18:00:00
FB-10895,PC Accessories,Pricing & Value,1,Negative,Absurdly overpriced for such poor functionality and cheap construction. Do not waste your time and money on this.,2025-04-03 00:00:00
FB-10896,PC Accessories,Customer Support,4,Positive,Technical support team was empathetic and provided a swift warranty claim approval. Five stars without any hesitation.,2025-11-07 10:00:00
FB-10897,Electronics,Pricing & Value,4,Positive,"Very economical pricing without cutting corners on essential functionality. Also, regarding usability & interface, software update was seamless and added really neat personalization widgets.",2025-06-12 12:00:00
FB-10898,PC Accessories,Product Quality,4,Positive,Durability is top notch. Dropped it twice accidentally and no damage at all. Highly recommended to anyone looking for a dependable option.,2025-05-11 02:00:00
FB-10899,Electronics,Customer Support,5,Positive,Support executive followed up the next day to confirm everything was functioning smoothly.,2025-04-03 00:00:00
FB-10900,Electronics,Pricing & Value,2,Negative,Extremely expensive maintenance and replacement parts cost more than the device itself. Very frustrating experience overall.,2025-05-13 12:00:00
FB-10901,Audio,Product Quality,1,Negative,"Screen has dead pixels right in the center, completely unacceptable QA.",2025-10-28 07:00:00
FB-10902,Wearables,Product Quality,3,Neutral,"Build quality is acceptable for the price, nothing extraordinary. It works for basic needs but don't expect miracles.",2025-02-03 15:00:00
FB-10903,Wearables,Product Quality,4,Positive,Impressive battery endurance and the internal hardware runs surprisingly cool.,2025-12-12 03:00:00
FB-10904,PC Accessories,Delivery & Packaging,4,Positive,"Excellent logistics, delivery executive called before arrival to confirm availability. Also, regarding customer support, the representative was courteous, listened patiently, and solved the configuration error.",2025-10-04 05:00:00
FB-10905,Smart Home,Usability & Interface,2,Negative,"Companion app is full of bugs, crashes continuously on opening. Deeply disappointed with this purchase.",2025-11-14 09:00:00
FB-10906,Electronics,Product Quality,1,Negative,"Inferior product quality, nowhere close to the advertised technical specs. Very frustrating experience overall.",2025-12-15 12:00:00
FB-10907,PC Accessories,Usability & Interface,1,Negative,Touch controls are hyper-sensitive and register phantom touches constantly. Do not waste your time and money on this.,2025-10-16 02:00:00
FB-10908,Audio,Product Quality,5,Positive,Impressive battery endurance and the internal hardware runs surprisingly cool.,2025-08-10 06:00:00
FB-10909,Wearables,Delivery & Packaging,3,Neutral,"Tracking status didn't update for two days, though parcel arrived on schedule. Still deciding whether to keep it or exchange it.",2025-06-24 06:00:00
FB-10910,Audio,Product Quality,3,Neutral,"Build quality is acceptable for the price, nothing extraordinary. Also, regarding customer support, agent was very knowledgeable, friendly, and guided me step-by-step through setup.",2025-07-31 17:00:00
FB-10911,PC Accessories,Pricing & Value,2,Negative,"Complete rip-off, you can get far better alternatives at half the cost.",2025-11-29 20:00:00
FB-10912,Electronics,Pricing & Value,4,Positive,Very economical pricing without cutting corners on essential functionality.,2025-07-12 19:00:00
FB-10913,Electronics,Product Quality,4,Positive,"Works flawlessly straight out of the box, zero hardware defects found. Highly recommended to anyone looking for a dependable option.",2025-08-16 00:00:00
FB-10914,Wearables,Delivery & Packaging,4,Positive,Super quick dispatch and real-time live GPS tracking was very accurate. Five stars without any hesitation.,2025-11-17 09:00:00
FB-10915,Smart Home,Customer Support,1,Negative,"Zero customer support response, automated bot keeps looping without human takeover. Deeply disappointed with this purchase.",2025-12-27 22:00:00
FB-10916,Smart Home,Customer Support,3,Neutral,"The agent answered my question eventually, though they seemed quite rushed.",2025-10-19 16:00:00
FB-10917,PC Accessories,Usability & Interface,3,Neutral,"Basic interface that gets the job done without bells and whistles. On the whole, it is an okay balance between pros and cons.",2025-02-03 04:00:00
FB-10918,Wearables,Usability & Interface,4,Positive,"Extremely user-friendly interface, even my elderly parents found it easy to operate.",2025-01-12 22:00:00
FB-10919,Smart Home,Usability & Interface,2,Negative,"Companion app is full of bugs, crashes continuously on opening.",2025-11-25 21:00:00
FB-10920,Smart Home,Delivery & Packaging,1,Negative,"Horrible shipping experience, package was sent to the wrong city transit hub twice. Do not waste your time and money on this.",2025-08-27 15:00:00
FB-10921,Electronics,Customer Support,4,Positive,"Outstanding warranty assistance, hassle-free exchange processed in 24 hours.",2025-09-30 14:00:00
FB-10922,Wearables,Customer Support,5,Positive,Support team went above and beyond to arrange an immediate replacement.,2025-01-13 23:00:00
FB-10923,Audio,Product Quality,5,Positive,Superb hardware performance and the finish looks very premium. Truly pleased with this purchase!,2025-02-02 20:00:00
FB-10924,Smart Home,Pricing & Value,3,Neutral,"Price is reasonable for what you get, neither a steal nor overpriced. Also, regarding delivery & packaging, courier left package with neighbor without informing beforehand, but received safely.",2025-02-25 15:00:00
FB-10925,Wearables,Product Quality,5,Positive,Impressive battery endurance and the internal hardware runs surprisingly cool.,2025-02-07 19:00:00
FB-10926,PC Accessories,Pricing & Value,3,Neutral,"Fairly priced compared to existing market alternatives with similar specs. However, there is definitely room for minor improvements.",2025-01-18 12:00:00
FB-10927,Electronics,Customer Support,4,Positive,Technical support team was empathetic and provided a swift warranty claim approval. Five stars without any hesitation.,2025-11-17 13:00:00
FB-10928,Electronics,Usability & Interface,4,Positive,Effortless ergonomics and controls are laid out very sensibly for one-handed operation.,2025-07-25 03:00:00
FB-10929,PC Accessories,Customer Support,3,Neutral,"Fair experience with help desk, nothing particularly impressive or terrible. It works for basic needs but don't expect miracles.",2025-08-26 13:00:00
FB-10930,Electronics,Delivery & Packaging,1,Negative,"Delivery driver was extremely unprofessional and threw the parcel over the gate. Also, regarding customer support, support team went above and beyond to arrange an immediate replacement.",2025-01-07 19:00:00
FB-10931,Audio,Usability & Interface,1,Negative,Font size on display is tiny and unreadable under outdoor sunlight. Deeply disappointed with this purchase.,2025-09-04 23:00:00
FB-10932,Audio,Customer Support,3,Neutral,"Customer support answered my call, but had to wait on hold for 15 minutes. Still deciding whether to keep it or exchange it.",2025-10-27 13:00:00
FB-10933,PC Accessories,Delivery & Packaging,3,Neutral,"Packaging was adequate, minimal cushioning but fortunately no damage.",2025-03-17 15:00:00
FB-10934,Wearables,Delivery & Packaging,5,Positive,"Lightning fast delivery, arrived a full day before the estimated date. Also, regarding customer support, quick response time via live chat, query was sorted out professionally without delays.",2025-09-17 17:00:00
FB-10935,Audio,Delivery & Packaging,2,Negative,"The outer box was opened and the product inside was broken and defective. Also, regarding customer support, the representative was courteous, listened patiently, and solved the configuration error.",2025-04-07 21:00:00
FB-10936,Wearables,Usability & Interface,3,Neutral,"Basic interface that gets the job done without bells and whistles. Also, regarding delivery & packaging, courier marked package as delivered when no one actually came, had to chase them for days.",2025-08-03 10:00:00
FB-10937,Smart Home,Product Quality,5,Positive,Superb hardware performance and the finish looks very premium.,2025-11-24 07:00:00
FB-10938,Audio,Usability & Interface,2,Negative,"Bluetooth connection drops randomly every 5 minutes, infuriating to use. Also, regarding delivery & packaging, horrible shipping experience, package was sent to the wrong city transit hub twice.",2025-04-16 12:00:00
FB-10939,Electronics,Delivery & Packaging,4,Positive,Immaculate packaging with heavy protective bubble wrap and tamper-proof seal. Five stars without any hesitation.,2025-02-28 04:00:00
FB-10940,Wearables,Usability & Interface,4,Positive,"The companion app is intuitive, beautifully designed, and very easy to navigate.",2025-04-12 06:00:00
FB-10941,Audio,Delivery & Packaging,4,Positive,"Arrived ahead of scheduled delivery window, safe doorstep drop-off.",2025-05-06 05:00:00
FB-10942,Electronics,Delivery & Packaging,4,Positive,"Lightning fast delivery, arrived a full day before the estimated date.",2025-03-12 12:00:00
FB-10943,Audio,Delivery & Packaging,1,Negative,"Courier marked package as delivered when no one actually came, had to chase them for days. Also, regarding pricing & value, value for money is average, you get what you pay for.",2025-09-27 19:00:00
FB-10944,Audio,Product Quality,1,Negative,Overheats dangerously within twenty minutes of moderate usage.,2025-04-09 17:00:00
FB-10945,PC Accessories,Delivery & Packaging,5,Positive,"Excellent logistics, delivery executive called before arrival to confirm availability.",2025-05-06 01:00:00
FB-10946,Wearables,Usability & Interface,1,Negative,"Awful user interface design, cluttered screens and counter-intuitive navigation. I strongly urge buyers to stay away from this product.",2025-11-19 08:00:00
FB-10947,Electronics,Customer Support,2,Negative,"Support staff was clueless, kept transferring me between four different departments.",2025-11-11 02:00:00
FB-10948,Wearables,Usability & Interface,5,Positive,"Voice commands and gesture shortcuts work reliably every single time. Also, regarding customer support, help desk reached out after 36 hours, could be faster but resolved the ticket.",2025-09-27 22:00:00
FB-10949,Wearables,Pricing & Value,3,Neutral,"Pricing is acceptable, though replacement accessories are somewhat expensive. Also, regarding product quality, superb hardware performance and the finish looks very premium.",2025-04-14 14:00:00
FB-10950,Wearables,Customer Support,2,Negative,"Terrible customer care, treated me like a nuisance when asking for replacement.",2025-10-20 05:00:00
FB-10951,PC Accessories,Delivery & Packaging,2,Negative,The delivery was very late and box arrived broken with damaged items inside. I strongly urge buyers to stay away from this product.,2025-06-01 14:00:00
FB-10952,Electronics,Usability & Interface,3,Neutral,"Controls are responsive, although button labeling could be clearer. Also, regarding delivery & packaging, tracking status didn't update for two days, though parcel arrived on schedule.",2025-08-28 13:00:00
FB-10953,Wearables,Delivery & Packaging,5,Positive,"Excellent logistics, delivery executive called before arrival to confirm availability. Will definitely buy from this brand again.",2025-04-30 08:00:00
FB-10954,Wearables,Product Quality,3,Neutral,"Looks fine aesthetically, though structural rigidity could be improved. Also, regarding customer support, representative gave scripted answers initially, but later clarified my doubt.",2025-02-20 03:00:00
FB-10955,Audio,Usability & Interface,4,Positive,Clean software with zero bloatware and smooth navigation animations. Truly pleased with this purchase!,2025-05-09 09:00:00
FB-10956,PC Accessories,Customer Support,2,Negative,Help desk refused to honor the return policy despite clear photographic evidence.,2025-10-06 08:00:00
FB-10957,Wearables,Delivery & Packaging,5,Positive,"Excellent logistics, delivery executive called before arrival to confirm availability.",2025-10-24 20:00:00
FB-10958,Audio,Pricing & Value,4,Positive,High-end premium features offered at an accessible and reasonable price point.,2025-04-18 15:00:00
FB-10959,Wearables,Pricing & Value,5,Positive,"Got this at a great discount, absolutely worth every single penny spent. Highly recommended to anyone looking for a dependable option.",2025-08-08 22:00:00
FB-10960,PC Accessories,Pricing & Value,5,Positive,"Incredible value for money, outperforms products that cost twice as much. Five stars without any hesitation.",2025-03-07 09:00:00
FB-10961,Wearables,Pricing & Value,1,Negative,Extremely expensive maintenance and replacement parts cost more than the device itself. Deeply disappointed with this purchase.,2025-12-18 12:00:00
FB-10962,PC Accessories,Delivery & Packaging,2,Negative,"Package arrived completely crushed and soaked in moisture, awful courier handling. Also, regarding product quality, durability is top notch. dropped it twice accidentally and no damage at all.",2025-06-19 18:00:00
FB-10963,Audio,Pricing & Value,3,Neutral,"Cost matches the output quality, straightforward transaction. It works for basic needs but don't expect miracles.",2025-04-07 15:00:00
FB-10964,Electronics,Delivery & Packaging,5,Positive,"Package arrived in pristine condition, delivery courier was very professional. Five stars without any hesitation.",2025-04-01 01:00:00
FB-10965,Audio,Product Quality,2,Negative,"Screen has dead pixels right in the center, completely unacceptable QA. Deeply disappointed with this purchase.",2025-05-26 06:00:00
FB-10966,Electronics,Pricing & Value,4,Positive,"Very economical pricing without cutting corners on essential functionality. Also, regarding customer support, the chatbot wasn't helpful, but the human agent who took over was decent.",2025-07-20 05:00:00
FB-10967,Smart Home,Usability & Interface,1,Negative,"Horrible ergonomics, uncomfortable to wear or hold after just 10 minutes.",2025-07-19 06:00:00
FB-10968,Smart Home,Delivery & Packaging,4,Positive,"Flawless unboxing experience, clean premium box design and intact seal. Five stars without any hesitation.",2025-06-08 18:00:00
FB-10969,Audio,Delivery & Packaging,5,Positive,"Lightning fast delivery, arrived a full day before the estimated date.",2025-08-17 02:00:00
FB-10970,Wearables,Usability & Interface,1,Negative,Clunky UI lag makes standard navigation feel painfully slow and unresponsive.,2025-08-24 14:00:00
FB-10971,Smart Home,Delivery & Packaging,3,Neutral,"Delivery was delayed by half a day due to weather, but tracking was updated.",2025-12-31 09:00:00
FB-10972,Audio,Pricing & Value,4,Positive,Unbeatable price-to-performance ratio in this budget category.,2025-08-10 14:00:00
FB-10973,Electronics,Usability & Interface,4,Positive,"Setup guide was crystal clear with diagrams, painless initial configuration. Also, regarding product quality, durability is top notch. dropped it twice accidentally and no damage at all.",2025-05-21 20:00:00
FB-10974,Smart Home,Customer Support,3,Neutral,"The chatbot wasn't helpful, but the human agent who took over was decent.",2025-10-11 03:00:00
FB-10975,PC Accessories,Product Quality,1,Negative,"Battery drains completely in less than an hour, horrible battery life. Also, regarding delivery & packaging, courier left package with neighbor without informing beforehand, but received safely.",2025-09-17 01:00:00
FB-10976,Smart Home,Pricing & Value,3,Neutral,"It is decently priced, wait for a sale discount if you want better value.",2025-04-10 12:00:00
FB-10977,Audio,Product Quality,5,Positive,"The screen clarity and speaker output quality are phenomenal. Also, regarding usability & interface, controls are responsive, although button labeling could be clearer.",2025-02-04 02:00:00
FB-10978,Audio,Pricing & Value,3,Neutral,"Affordable enough for students, though budget compromises are visible.",2025-03-24 05:00:00
FB-10979,Wearables,Customer Support,1,Negative,"Ignored my warranty claim emails for two weeks, absolute lack of accountability. Also, regarding usability & interface, seamless pairing process, took literally 30 seconds to connect and start using.",2025-12-10 00:00:00
FB-10980,Wearables,Pricing & Value,1,Negative,"Grossly overpriced, feels like a cheap ten dollar gadget sold at premium rates. I strongly urge buyers to stay away from this product.",2025-12-12 17:00:00
FB-10981,Electronics,Usability & Interface,4,Positive,"Setup guide was crystal clear with diagrams, painless initial configuration. Also, regarding pricing & value, offers tremendous cost efficiency, definitely superior to pricier brand alternatives.",2025-01-03 01:00:00
FB-10982,Wearables,Customer Support,1,Negative,"Kept on hold for over 45 minutes and then call got dropped, hopeless service. I strongly urge buyers to stay away from this product.",2025-08-04 00:00:00
FB-10983,Electronics,Customer Support,2,Negative,"Kept on hold for over 45 minutes and then call got dropped, hopeless service.",2025-02-19 21:00:00
FB-10984,Smart Home,Product Quality,4,Positive,Impressive battery endurance and the internal hardware runs surprisingly cool. Truly pleased with this purchase!,2025-06-15 17:00:00
FB-10985,Smart Home,Usability & Interface,3,Neutral,"App layout is adequate, would appreciate more customization options in future updates. On the whole, it is an okay balance between pros and cons.",2025-02-24 11:00:00
FB-10986,Wearables,Pricing & Value,4,Positive,"Incredible value for money, outperforms products that cost twice as much. Will definitely buy from this brand again.",2025-04-23 02:00:00
FB-10987,Wearables,Usability & Interface,2,Negative,"Companion app is full of bugs, crashes continuously on opening. Will be returning this immediately for a full refund.",2025-07-30 09:00:00
FB-10988,PC Accessories,Product Quality,2,Negative,"Buttons became unresponsive after one week, waste of my hard-earned money. I strongly urge buyers to stay away from this product.",2025-11-04 10:00:00
FB-10989,Wearables,Customer Support,2,Negative,"Help desk refused to honor the return policy despite clear photographic evidence. Also, regarding pricing & value, total waste of budget, inferior hardware marked up by aggressive marketing.",2025-02-04 10:00:00
FB-10990,PC Accessories,Pricing & Value,5,Positive,"High-end premium features offered at an accessible and reasonable price point. Also, regarding product quality, the build quality is exceptional, feels sturdy and well-engineered.",2025-11-12 03:00:00
FB-10991,PC Accessories,Customer Support,5,Positive,Support team went above and beyond to arrange an immediate replacement. Truly pleased with this purchase!,2025-09-13 09:00:00
FB-10992,Electronics,Customer Support,5,Positive,"Quick response time via live chat, query was sorted out professionally without delays.",2025-11-03 14:00:00
FB-10993,Wearables,Customer Support,2,Negative,"Zero customer support response, automated bot keeps looping without human takeover. Also, regarding product quality, the hinge broke on normal opening, fragile construction and shoddy materials.",2025-11-28 09:00:00
FB-10994,Wearables,Delivery & Packaging,1,Negative,The outer box was opened and the product inside was broken and defective. I strongly urge buyers to stay away from this product.,2025-12-07 07:00:00
FB-10995,Smart Home,Usability & Interface,1,Negative,Font size on display is tiny and unreadable under outdoor sunlight. Deeply disappointed with this purchase.,2025-11-19 00:00:00
FB-10996,Audio,Product Quality,5,Positive,"The build quality is exceptional, feels sturdy and well-engineered. Also, regarding delivery & packaging, package arrived in pristine condition, delivery courier was very professional.",2025-02-16 05:00:00
FB-10997,PC Accessories,Customer Support,3,Neutral,"The agent answered my question eventually, though they seemed quite rushed. Also, regarding usability & interface, setup is straightforward if you follow the manual, slightly confusing otherwise.",2025-04-12 07:00:00
FB-10998,Wearables,Delivery & Packaging,4,Positive,"Very impressed with how quickly and securely the package was delivered. Also, regarding customer support, got my query resolved, although the transfer between departments was cumbersome.",2025-02-10 11:00:00
FB-10999,Smart Home,Pricing & Value,4,Positive,"Competitive price tag, easily the best option available under this budget range. Also, regarding usability & interface, voice commands and gesture shortcuts work reliably every single time.",2025-01-11 12:00:00
FB-11000,PC Accessories,Delivery & Packaging,4,Positive,"Prompt shipping, tracking notifications kept me updated at every checkpoint. Highly recommended to anyone looking for a dependable option.",2025-05-12 12:00:00
FB-11001,Smart Home,Delivery & Packaging,3,Neutral,"Packaging was adequate, minimal cushioning but fortunately no damage. Also, regarding product quality, it works as advertised, neither great nor bad, average hardware.",2025-08-29 06:00:00
FB-11002,Electronics,Product Quality,4,Positive,Impressive battery endurance and the internal hardware runs surprisingly cool.,2025-07-11 15:00:00
FB-11003,Wearables,Pricing & Value,5,Positive,"Competitive price tag, easily the best option available under this budget range. Also, regarding product quality, build quality is acceptable for the price, nothing extraordinary.",2025-03-05 12:00:00
FB-11004,Smart Home,Customer Support,1,Negative,Representative gave completely incorrect troubleshooting steps and refused a refund.,2025-06-28 16:00:00
FB-11005,Smart Home,Product Quality,2,Negative,"The hinge broke on normal opening, fragile construction and shoddy materials.",2025-05-05 15:00:00
FB-11006,Audio,Product Quality,5,Positive,"Outstanding craftsmanship and reliable performance under daily heavy usage. Also, regarding delivery & packaging, courier left package with neighbor without informing beforehand, but received safely.",2025-11-05 18:00:00
FB-11007,Electronics,Product Quality,1,Negative,"Terrible build quality, cheap creaking plastic that feels very flimsy. Also, regarding usability & interface, basic interface that gets the job done without bells and whistles.",2025-02-11 16:00:00
FB-11008,Smart Home,Customer Support,2,Negative,"Representative gave completely incorrect troubleshooting steps and refused a refund. Also, regarding usability & interface, touch controls are hyper-sensitive and register phantom touches constantly.",2025-07-30 23:00:00
FB-11009,Wearables,Usability & Interface,1,Negative,"Awful user interface design, cluttered screens and counter-intuitive navigation. Will be returning this immediately for a full refund.",2025-07-23 22:00:00
FB-11010,Electronics,Pricing & Value,4,Positive,"Got this at a great discount, absolutely worth every single penny spent. Will definitely buy from this brand again.",2025-09-26 13:00:00
FB-11011,Audio,Customer Support,2,Negative,"Zero customer support response, automated bot keeps looping without human takeover. Will be returning this immediately for a full refund.",2025-04-12 15:00:00
FB-11012,PC Accessories,Pricing & Value,4,Positive,"High-end premium features offered at an accessible and reasonable price point. Furthermore, overall performance has been rock solid.",2025-04-04 06:00:00
FB-11013,PC Accessories,Pricing & Value,5,Positive,"Got this at a great discount, absolutely worth every single penny spent.",2025-03-27 02:00:00
FB-11014,Wearables,Product Quality,5,Positive,"High quality materials used, exceeded my expectations completely. Five stars without any hesitation.",2025-05-01 15:00:00
FB-11015,Electronics,Product Quality,3,Neutral,Performance is mediocre. Does basic tasks fine but stutters during multitasking.,2025-01-04 21:00:00
FB-11016,Audio,Product Quality,3,Neutral,"Looks fine aesthetically, though structural rigidity could be improved.",2025-07-12 19:00:00
FB-11017,Smart Home,Pricing & Value,3,Neutral,"It is decently priced, wait for a sale discount if you want better value. Also, regarding delivery & packaging, delivery was delayed by half a day due to weather, but tracking was updated.",2025-06-11 07:00:00
FB-11018,PC Accessories,Pricing & Value,2,Negative,Absurdly overpriced for such poor functionality and cheap construction.,2025-06-19 03:00:00
FB-11019,Electronics,Customer Support,5,Positive,Support executive followed up the next day to confirm everything was functioning smoothly. Five stars without any hesitation.,2025-05-24 22:00:00
FB-11020,Smart Home,Delivery & Packaging,1,Negative,"Disastrous delivery, product casing was cracked and broken due to rough transit impact. Also, regarding usability & interface, firmware update bricked the settings menu, requiring complete factory reset.",2025-12-05 06:00:00
FB-11021,Wearables,Product Quality,5,Positive,"The build quality is exceptional, feels sturdy and well-engineered.",2025-06-16 21:00:00
FB-11022,PC Accessories,Pricing & Value,5,Positive,"Got this at a great discount, absolutely worth every single penny spent. Will definitely buy from this brand again.",2025-12-04 22:00:00
FB-11023,PC Accessories,Delivery & Packaging,2,Negative,The outer box was opened and the product inside was broken and defective.,2025-09-24 18:00:00
FB-11024,Smart Home,Customer Support,1,Negative,"Ignored my warranty claim emails for two weeks, absolute lack of accountability. Do not waste your time and money on this.",2025-08-28 05:00:00
FB-11025,PC Accessories,Pricing & Value,1,Negative,"Regret buying this, zero value for money and totally unjustified pricing. Will be returning this immediately for a full refund.",2025-12-04 22:00:00
FB-11026,Audio,Product Quality,5,Positive,The screen clarity and speaker output quality are phenomenal.,2025-05-24 07:00:00
FB-11027,Audio,Product Quality,2,Negative,"Microphone sound is muffled and distorted, completely ruined phone calls. Also, regarding usability & interface, clean software with zero bloatware and smooth navigation animations.",2025-04-25 18:00:00
FB-11028,Smart Home,Delivery & Packaging,1,Negative,"Horrible shipping experience, package was sent to the wrong city transit hub twice. Also, regarding usability & interface, extremely user-friendly interface, even my elderly parents found it easy to operate.",2025-05-13 03:00:00
FB-11029,Wearables,Product Quality,4,Positive,Genuinely surprised by how well built this unit is compared to competitors.,2025-03-01 18:00:00
FB-11030,PC Accessories,Pricing & Value,5,Positive,"Incredible value for money, outperforms products that cost twice as much. Five stars without any hesitation.",2025-10-02 06:00:00
FB-11031,Wearables,Delivery & Packaging,2,Negative,"Late delivery ruined a birthday gift surprise, completely unreliable logistics service.",2025-03-06 16:00:00
FB-11032,Smart Home,Product Quality,1,Negative,"Defective unit received, stopped powering on after only three days. Also, regarding usability & interface, setup is straightforward if you follow the manual, slightly confusing otherwise.",2025-06-01 07:00:00
FB-11033,PC Accessories,Customer Support,3,Neutral,"Average support interaction, problem was solved but took longer than anticipated. However, there is definitely room for minor improvements.",2025-11-03 10:00:00
FB-11034,PC Accessories,Delivery & Packaging,4,Positive,"Flawless unboxing experience, clean premium box design and intact seal. Also, regarding customer support, average support interaction, problem was solved but took longer than anticipated.",2025-12-27 12:00:00
FB-11035,Audio,Customer Support,5,Positive,"Quick response time via live chat, query was sorted out professionally without delays.",2025-01-27 05:00:00
FB-11036,Audio,Delivery & Packaging,2,Negative,"Package arrived completely crushed and soaked in moisture, awful courier handling. Also, regarding pricing & value, affordable enough for students, though budget compromises are visible.",2025-06-28 12:00:00
FB-11037,Audio,Delivery & Packaging,5,Positive,"Prompt shipping, tracking notifications kept me updated at every checkpoint. Highly recommended to anyone looking for a dependable option.",2025-06-15 18:00:00
FB-11038,Smart Home,Delivery & Packaging,1,Negative,"Late delivery ruined a birthday gift surprise, completely unreliable logistics service. Will be returning this immediately for a full refund.",2025-08-15 22:00:00
FB-11039,Audio,Customer Support,3,Neutral,"Representative gave scripted answers initially, but later clarified my doubt.",2025-01-05 11:00:00
FB-11040,Smart Home,Customer Support,1,Negative,"Terrible customer care, treated me like a nuisance when asking for replacement. Also, regarding delivery & packaging, immaculate packaging with heavy protective bubble wrap and tamper-proof seal.",2025-07-02 15:00:00
FB-11041,PC Accessories,Product Quality,4,Positive,"The screen clarity and speaker output quality are phenomenal. Also, regarding delivery & packaging, horrible shipping experience, package was sent to the wrong city transit hub twice.",2025-05-06 01:00:00
FB-11042,Wearables,Pricing & Value,5,Positive,"Offers tremendous cost efficiency, definitely superior to pricier brand alternatives.",2025-12-01 23:00:00
FB-11043,Smart Home,Pricing & Value,4,Positive,"Best investment I made this month, total bang for your buck. Also, regarding usability & interface, interface is simple enough, though some menu settings are buried deep.",2025-03-03 03:00:00
FB-11044,Audio,Usability & Interface,5,Positive,"The companion app is intuitive, beautifully designed, and very easy to navigate. Also, regarding pricing & value, fairly priced compared to existing market alternatives with similar specs.",2025-10-31 05:00:00
FB-11045,PC Accessories,Delivery & Packaging,5,Positive,"Package arrived in pristine condition, delivery courier was very professional. Furthermore, overall performance has been rock solid.",2026-01-01 17:00:00
FB-11046,PC Accessories,Pricing & Value,4,Positive,"Exceptional deal during the sale, thoroughly satisfied with this purchase value.",2025-09-29 15:00:00
FB-11047,Electronics,Customer Support,4,Positive,"Agent was very knowledgeable, friendly, and guided me step-by-step through setup.",2025-12-22 05:00:00
FB-11048,Electronics,Delivery & Packaging,5,Positive,"Lightning fast delivery, arrived a full day before the estimated date. Highly recommended to anyone looking for a dependable option.",2025-12-01 05:00:00
FB-11049,Electronics,Product Quality,5,Positive,"High quality materials used, exceeded my expectations completely. Also, regarding pricing & value, grossly overpriced, feels like a cheap ten dollar gadget sold at premium rates.",2025-08-05 21:00:00
FB-11050,PC Accessories,Product Quality,5,Positive,"Outstanding craftsmanship and reliable performance under daily heavy usage. Also, regarding usability & interface, pleasant ergonomic design, comfortable to hold and interact with for prolonged hours.",2025-09-09 22:00:00
FB-11051,PC Accessories,Usability & Interface,5,Positive,"Software update was seamless and added really neat personalization widgets. Furthermore, overall performance has been rock solid.",2025-12-06 01:00:00
FB-11052,Wearables,Customer Support,4,Positive,"Quick response time via live chat, query was sorted out professionally without delays.",2025-11-05 17:00:00
FB-11053,Audio,Delivery & Packaging,5,Positive,"Very impressed with how quickly and securely the package was delivered. Also, regarding pricing & value, cost matches the output quality, straightforward transaction.",2025-11-29 05:00:00
FB-11054,Smart Home,Delivery & Packaging,4,Positive,"Package arrived in pristine condition, delivery courier was very professional. Also, regarding product quality, severe hardware lag and constant crashes, utterly unusable for work.",2025-11-21 22:00:00
FB-11055,PC Accessories,Usability & Interface,3,Neutral,"Basic interface that gets the job done without bells and whistles. On the whole, it is an okay balance between pros and cons.",2025-06-11 13:00:00
FB-11056,Wearables,Product Quality,4,Positive,"High quality materials used, exceeded my expectations completely. Also, regarding usability & interface, clean software with zero bloatware and smooth navigation animations.",2025-11-24 02:00:00
FB-11057,Audio,Delivery & Packaging,5,Positive,"Super quick dispatch and real-time live GPS tracking was very accurate. Furthermore, overall performance has been rock solid.",2025-07-13 07:00:00
FB-11058,Audio,Product Quality,4,Positive,Impressive battery endurance and the internal hardware runs surprisingly cool.,2025-06-06 18:00:00
FB-11059,PC Accessories,Product Quality,2,Negative,"Battery drains completely in less than an hour, horrible battery life.",2025-05-25 17:00:00
FB-11060,Audio,Product Quality,4,Positive,The screen clarity and speaker output quality are phenomenal.,2025-07-19 05:00:00
FB-11061,PC Accessories,Pricing & Value,5,Positive,Unbeatable price-to-performance ratio in this budget category. Five stars without any hesitation.,2026-01-01 04:00:00
FB-11062,PC Accessories,Pricing & Value,1,Negative,"Hidden subscription fees not mentioned on product page, feels predatory and deceptive. Very frustrating experience overall.",2025-12-29 07:00:00
FB-11063,Audio,Pricing & Value,2,Negative,"Total waste of budget, inferior hardware marked up by aggressive marketing.",2025-08-28 16:00:00
FB-11064,Audio,Usability & Interface,5,Positive,"Effortless ergonomics and controls are laid out very sensibly for one-handed operation. Also, regarding product quality, hardware is average, nothing to write home about but does the job.",2025-06-10 02:00:00
FB-11065,Electronics,Customer Support,3,Neutral,"Support was standard. Took two rounds of emails to get my invoice updated. Also, regarding product quality, severe hardware lag and constant crashes, utterly unusable for work.",2025-10-11 15:00:00
FB-11066,PC Accessories,Pricing & Value,1,Negative,"Grossly overpriced, feels like a cheap ten dollar gadget sold at premium rates. Also, regarding product quality, build quality is acceptable for the price, nothing extraordinary.",2025-11-12 06:00:00
FB-11067,PC Accessories,Pricing & Value,1,Negative,Extremely expensive maintenance and replacement parts cost more than the device itself. Do not waste your time and money on this.,2025-12-17 19:00:00
FB-11068,PC Accessories,Customer Support,5,Positive,"Quick response time via live chat, query was sorted out professionally without delays. Truly pleased with this purchase!",2025-03-10 16:00:00
FB-11069,Smart Home,Pricing & Value,4,Positive,"Competitive price tag, easily the best option available under this budget range. Furthermore, overall performance has been rock solid.",2025-06-23 21:00:00
FB-11070,Wearables,Delivery & Packaging,4,Positive,"Flawless unboxing experience, clean premium box design and intact seal. Highly recommended to anyone looking for a dependable option.",2025-01-02 23:00:00
FB-11071,Wearables,Customer Support,3,Neutral,"Support staff was polite, but lacked deep technical knowledge about the device firmware.",2025-01-19 14:00:00
FB-11072,Wearables,Product Quality,2,Negative,"Defective unit received, stopped powering on after only three days. Also, regarding pricing & value, it is decently priced, wait for a sale discount if you want better value.",2025-02-24 00:00:00
FB-11073,Wearables,Pricing & Value,4,Positive,"Incredible value for money, outperforms products that cost twice as much. Will definitely buy from this brand again.",2025-04-12 02:00:00
FB-11074,Electronics,Pricing & Value,3,Neutral,"Affordable enough for students, though budget compromises are visible. Still deciding whether to keep it or exchange it.",2025-04-26 15:00:00
FB-11075,Smart Home,Delivery & Packaging,5,Positive,"Package arrived in pristine condition, delivery courier was very professional. Also, regarding pricing & value, fair pricing for such rich features and solid build quality.",2025-12-03 14:00:00
FB-11076,Electronics,Pricing & Value,5,Positive,Very economical pricing without cutting corners on essential functionality.,2025-12-30 06:00:00
FB-11077,Audio,Product Quality,5,Positive,"Solid build, great tactile feedback on buttons, feels like an expensive flagship. Also, regarding pricing & value, unbeatable price-to-performance ratio in this budget category.",2025-12-08 06:00:00
FB-11078,Smart Home,Product Quality,2,Negative,"Inferior product quality, nowhere close to the advertised technical specs. Also, regarding delivery & packaging, average shipping speed, nothing exceptional to complain or praise about.",2025-09-14 23:00:00
FB-11079,Electronics,Customer Support,2,Negative,"Ignored my warranty claim emails for two weeks, absolute lack of accountability.",2025-03-06 04:00:00
FB-11080,Electronics,Customer Support,4,Positive,"The representative was courteous, listened patiently, and solved the configuration error. Also, regarding product quality, battery life is around 5 hours, which is just about manageable for a workday.",2025-05-29 09:00:00
FB-11081,PC Accessories,Customer Support,3,Neutral,Support was standard. Took two rounds of emails to get my invoice updated.,2025-04-06 07:00:00
FB-11082,Audio,Delivery & Packaging,4,Positive,"Excellent logistics, delivery executive called before arrival to confirm availability. Furthermore, overall performance has been rock solid.",2025-12-25 23:00:00
FB-11083,PC Accessories,Customer Support,3,Neutral,"Support was standard. Took two rounds of emails to get my invoice updated. On the whole, it is an okay balance between pros and cons.",2025-07-25 01:00:00
FB-11084,Smart Home,Customer Support,4,Positive,"Customer service was incredibly helpful, polite, and resolved my issue within minutes. Also, regarding product quality, solid build, great tactile feedback on buttons, feels like an expensive flagship.",2025-07-28 16:00:00
FB-11085,Wearables,Customer Support,4,Positive,"Prompt email support with clear screenshots and instructions, highly impressed. Also, regarding usability & interface, companion app is full of bugs, crashes continuously on opening.",2025-06-05 03:00:00
FB-11086,Smart Home,Delivery & Packaging,5,Positive,"Super quick dispatch and real-time live GPS tracking was very accurate. Furthermore, overall performance has been rock solid.",2025-04-04 01:00:00
FB-11087,Wearables,Customer Support,5,Positive,Technical support team was empathetic and provided a swift warranty claim approval. Five stars without any hesitation.,2025-02-21 13:00:00
FB-11088,Wearables,Delivery & Packaging,5,Positive,"Eco-friendly yet sturdy packaging, product was fully secured from shocks. Furthermore, overall performance has been rock solid.",2025-12-16 17:00:00
FB-11089,Wearables,Delivery & Packaging,1,Negative,"Flimsy packaging with zero protective padding, product arrived with visible dents and broken parts.",2025-10-29 16:00:00
FB-11090,Audio,Delivery & Packaging,3,Neutral,"Delivery person asked for OTP promptly, delivery took the usual standard timeframe. However, there is definitely room for minor improvements.",2025-03-08 20:00:00
FB-11091,PC Accessories,Product Quality,1,Negative,"Screen has dead pixels right in the center, completely unacceptable QA. Deeply disappointed with this purchase.",2025-02-20 02:00:00
FB-11092,Smart Home,Delivery & Packaging,2,Negative,"The outer box was opened and the product inside was broken and defective. Also, regarding customer support, agent was very knowledgeable, friendly, and guided me step-by-step through setup.",2025-04-09 13:00:00
FB-11093,Wearables,Usability & Interface,3,Neutral,"Initial Bluetooth pairing required a retry, but worked stably afterwards. Also, regarding product quality, decent materials used, but some plastic parts feel slightly cheap.",2025-09-05 13:00:00
FB-11094,PC Accessories,Customer Support,3,Neutral,"Average support interaction, problem was solved but took longer than anticipated. Also, regarding delivery & packaging, delivery arrived on the promised date, standard courier service.",2025-10-17 01:00:00
FB-11095,Smart Home,Pricing & Value,1,Negative,Way too expensive for something that lacks standard modern basic features.,2025-02-08 05:00:00
FB-11096,Smart Home,Usability & Interface,5,Positive,"Setup guide was crystal clear with diagrams, painless initial configuration. Also, regarding customer support, customer service was incredibly helpful, polite, and resolved my issue within minutes.",2025-03-23 18:00:00
FB-11097,Smart Home,Usability & Interface,4,Positive,Software update was seamless and added really neat personalization widgets.,2025-09-26 08:00:00
FB-11098,Wearables,Delivery & Packaging,4,Positive,"Prompt shipping, tracking notifications kept me updated at every checkpoint. Highly recommended to anyone looking for a dependable option.",2025-01-24 17:00:00
FB-11099,Wearables,Customer Support,4,Positive,"Agent was very knowledgeable, friendly, and guided me step-by-step through setup. Furthermore, overall performance has been rock solid.",2025-11-25 07:00:00
FB-11100,Electronics,Usability & Interface,1,Negative,"Companion app is full of bugs, crashes continuously on opening. Also, regarding delivery & packaging, packaging was somewhat plain cardboard, but the inner device was safe.",2025-12-28 17:00:00
FB-11101,PC Accessories,Pricing & Value,4,Positive,"Best investment I made this month, total bang for your buck. Furthermore, overall performance has been rock solid.",2025-11-17 00:00:00
FB-11102,Audio,Delivery & Packaging,1,Negative,"Courier marked package as delivered when no one actually came, had to chase them for days.",2025-10-03 21:00:00
FB-11103,Wearables,Pricing & Value,1,Negative,"Price gouging at its finest, nowhere near worth the steep asking price. Also, regarding usability & interface, clean software with zero bloatware and smooth navigation animations.",2025-05-18 06:00:00
FB-11104,Smart Home,Customer Support,3,Neutral,"Representative gave scripted answers initially, but later clarified my doubt.",2025-08-11 11:00:00
FB-11105,Smart Home,Product Quality,5,Positive,"Durability is top notch. Dropped it twice accidentally and no damage at all. Also, regarding delivery & packaging, very impressed with how quickly and securely the package was delivered.",2025-09-09 23:00:00
FB-11106,Wearables,Product Quality,5,Positive,Durability is top notch. Dropped it twice accidentally and no damage at all.,2025-07-21 21:00:00
FB-11107,Electronics,Customer Support,3,Neutral,"The chatbot wasn't helpful, but the human agent who took over was decent. It works for basic needs but don't expect miracles.",2025-02-21 23:00:00
FB-11108,Electronics,Usability & Interface,3,Neutral,"App layout is adequate, would appreciate more customization options in future updates. However, there is definitely room for minor improvements.",2025-01-07 20:00:00
FB-11109,Electronics,Customer Support,1,Negative,Representative gave completely incorrect troubleshooting steps and refused a refund. Do not waste your time and money on this.,2025-01-07 00:00:00
FB-11110,Wearables,Usability & Interface,1,Negative,"Complicated and frustrating setup process, confusing error codes with no explanation. Deeply disappointed with this purchase.",2025-10-16 14:00:00
FB-11111,Smart Home,Delivery & Packaging,2,Negative,"Extremely delayed delivery, took more than two weeks past the scheduled arrival date. Do not waste your time and money on this.",2025-12-21 08:00:00
FB-11112,Electronics,Product Quality,3,Neutral,"Decent materials used, but some plastic parts feel slightly cheap. Also, regarding customer support, terrible customer care, treated me like a nuisance when asking for replacement.",2025-03-14 00:00:00
FB-11113,Smart Home,Customer Support,1,Negative,"Terrible customer care, treated me like a nuisance when asking for replacement. Very frustrating experience overall.",2025-04-26 21:00:00
FB-11114,Audio,Pricing & Value,4,Positive,"Got this at a great discount, absolutely worth every single penny spent. Truly pleased with this purchase!",2025-07-02 02:00:00
FB-11115,Electronics,Delivery & Packaging,3,Neutral,"Delivery arrived on the promised date, standard courier service. Also, regarding customer support, support staff was polite, but lacked deep technical knowledge about the device firmware.",2025-06-21 19:00:00
FB-11116,Wearables,Customer Support,5,Positive,Support executive followed up the next day to confirm everything was functioning smoothly.,2025-06-28 03:00:00
FB-11117,Wearables,Delivery & Packaging,5,Positive,Immaculate packaging with heavy protective bubble wrap and tamper-proof seal.,2025-03-18 20:00:00
FB-11118,Smart Home,Pricing & Value,4,Positive,Fair pricing for such rich features and solid build quality.,2025-02-27 18:00:00
FB-11119,Electronics,Customer Support,5,Positive,"The representative was courteous, listened patiently, and solved the configuration error.",2025-04-04 12:00:00
FB-11120,Smart Home,Pricing & Value,5,Positive,"Competitive price tag, easily the best option available under this budget range. Also, regarding delivery & packaging, super quick dispatch and real-time live gps tracking was very accurate.",2025-07-16 13:00:00
FB-11121,PC Accessories,Usability & Interface,3,Neutral,"Ergonomics are fine for average hand sizes, might feel bulky for smaller grips. It works for basic needs but don't expect miracles.",2025-09-27 18:00:00
FB-11122,Audio,Product Quality,1,Negative,"Battery drains completely in less than an hour, horrible battery life. I strongly urge buyers to stay away from this product.",2025-07-05 17:00:00
FB-11123,Electronics,Product Quality,3,Neutral,"Standard plastic casing, seems fine so far after two weeks of normal use. On the whole, it is an okay balance between pros and cons.",2025-05-31 14:00:00
FB-11124,Audio,Customer Support,5,Positive,"Quick response time via live chat, query was sorted out professionally without delays. Highly recommended to anyone looking for a dependable option.",2025-03-02 22:00:00
FB-11125,Smart Home,Product Quality,2,Negative,"Battery drains completely in less than an hour, horrible battery life. I strongly urge buyers to stay away from this product.",2025-12-06 18:00:00
FB-11126,Audio,Product Quality,4,Positive,The screen clarity and speaker output quality are phenomenal. Highly recommended to anyone looking for a dependable option.,2025-02-09 00:00:00
FB-11127,Audio,Customer Support,3,Neutral,"Got my query resolved, although the transfer between departments was cumbersome.",2025-09-28 22:00:00
FB-11128,Wearables,Pricing & Value,2,Negative,"Total waste of budget, inferior hardware marked up by aggressive marketing.",2025-12-22 00:00:00
FB-11129,Electronics,Product Quality,4,Positive,Genuinely surprised by how well built this unit is compared to competitors.,2025-09-15 05:00:00
FB-11130,PC Accessories,Pricing & Value,5,Positive,"Best investment I made this month, total bang for your buck.",2025-09-14 09:00:00
FB-11131,Wearables,Customer Support,2,Negative,"Ignored my warranty claim emails for two weeks, absolute lack of accountability. Also, regarding delivery & packaging, the outer box was opened and the product inside was broken and defective.",2025-07-25 19:00:00
FB-11132,PC Accessories,Customer Support,5,Positive,Support executive followed up the next day to confirm everything was functioning smoothly.,2025-12-21 14:00:00
FB-11133,Audio,Pricing & Value,3,Neutral,"Price is reasonable for what you get, neither a steal nor overpriced.",2025-11-28 13:00:00
FB-11134,Electronics,Product Quality,4,Positive,"The screen clarity and speaker output quality are phenomenal. Also, regarding pricing & value, high-end premium features offered at an accessible and reasonable price point.",2025-05-25 05:00:00
FB-11135,PC Accessories,Customer Support,3,Neutral,"Customer support answered my call, but had to wait on hold for 15 minutes.",2025-06-08 06:00:00
FB-11136,Wearables,Customer Support,3,Neutral,"The agent answered my question eventually, though they seemed quite rushed.",2025-10-17 01:00:00
FB-11137,Electronics,Product Quality,3,Neutral,"Standard plastic casing, seems fine so far after two weeks of normal use. Still deciding whether to keep it or exchange it.",2025-01-05 11:00:00
FB-11138,Audio,Usability & Interface,2,Negative,Companion app demands unnecessary location and contact permissions just to operate.,2025-07-02 04:00:00
FB-11139,Smart Home,Delivery & Packaging,1,Negative,Package was lost in transit for a week and arrived late with torn packaging. Will be returning this immediately for a full refund.,2025-01-13 18:00:00
FB-11140,Electronics,Usability & Interface,2,Negative,Touch controls are hyper-sensitive and register phantom touches constantly. Deeply disappointed with this purchase.,2025-02-10 20:00:00
FB-11141,Audio,Customer Support,4,Positive,"Agent was very knowledgeable, friendly, and guided me step-by-step through setup.",2025-09-14 16:00:00
FB-11142,Audio,Pricing & Value,2,Negative,Extremely expensive maintenance and replacement parts cost more than the device itself. Do not waste your time and money on this.,2025-08-09 01:00:00
FB-11143,Audio,Customer Support,2,Negative,"Awful post-purchase service, once they have your money they stop caring completely. Also, regarding delivery & packaging, late delivery ruined a birthday gift surprise, completely unreliable logistics service.",2025-09-12 03:00:00
FB-11144,PC Accessories,Delivery & Packaging,1,Negative,"The delivery was very late and box arrived broken with damaged items inside. Also, regarding usability & interface, setup is straightforward if you follow the manual, slightly confusing otherwise.",2025-06-01 05:00:00
FB-11145,Electronics,Delivery & Packaging,5,Positive,Immaculate packaging with heavy protective bubble wrap and tamper-proof seal. Will definitely buy from this brand again.,2025-05-13 15:00:00
FB-11146,Electronics,Customer Support,2,Negative,"Awful post-purchase service, once they have your money they stop caring completely. Also, regarding pricing & value, cost matches the output quality, straightforward transaction.",2025-07-29 19:00:00
FB-11147,Wearables,Pricing & Value,1,Negative,Way too expensive for something that lacks standard modern basic features.,2025-06-10 11:00:00
FB-11148,Smart Home,Usability & Interface,5,Positive,Effortless ergonomics and controls are laid out very sensibly for one-handed operation.,2025-12-16 01:00:00
FB-11149,PC Accessories,Customer Support,3,Neutral,"Customer support answered my call, but had to wait on hold for 15 minutes. However, there is definitely room for minor improvements.",2025-05-29 12:00:00
FB-11150,Audio,Product Quality,5,Positive,"Solid build, great tactile feedback on buttons, feels like an expensive flagship.",2025-12-09 02:00:00
FB-11151,Smart Home,Usability & Interface,5,Positive,"Seamless pairing process, took literally 30 seconds to connect and start using. Furthermore, overall performance has been rock solid.",2025-07-23 13:00:00
FB-11152,Wearables,Product Quality,5,Positive,The screen clarity and speaker output quality are phenomenal.,2025-09-06 06:00:00
FB-11153,Wearables,Product Quality,2,Negative,"Inferior product quality, nowhere close to the advertised technical specs. Will be returning this immediately for a full refund.",2025-08-29 04:00:00
FB-11154,Electronics,Usability & Interface,3,Neutral,Basic interface that gets the job done without bells and whistles.,2025-02-01 11:00:00
FB-11155,Electronics,Customer Support,2,Negative,"Kept on hold for over 45 minutes and then call got dropped, hopeless service.",2025-12-17 13:00:00
FB-11156,Audio,Product Quality,4,Positive,"High quality materials used, exceeded my expectations completely. Furthermore, overall performance has been rock solid.",2025-06-02 22:00:00
FB-11157,Audio,Usability & Interface,3,Neutral,"Software is functional but aesthetics feel somewhat dated and utilitarian. However, there is definitely room for minor improvements.",2025-02-17 13:00:00
FB-11158,Audio,Customer Support,5,Positive,"The representative was courteous, listened patiently, and solved the configuration error.",2025-09-04 15:00:00
FB-11159,Wearables,Pricing & Value,3,Neutral,"Pricing is acceptable, though replacement accessories are somewhat expensive. However, there is definitely room for minor improvements.",2025-10-15 19:00:00
FB-11160,Wearables,Delivery & Packaging,4,Positive,"Lightning fast delivery, arrived a full day before the estimated date. Will definitely buy from this brand again.",2025-03-17 15:00:00
FB-11161,Wearables,Pricing & Value,1,Negative,Way too expensive for something that lacks standard modern basic features.,2025-08-19 04:00:00
FB-11162,Audio,Product Quality,3,Neutral,"Product quality is okay for casual use, but don't expect industrial durability. Also, regarding delivery & packaging, horrible shipping experience, package was sent to the wrong city transit hub twice.",2025-04-21 11:00:00
FB-11163,Electronics,Usability & Interface,4,Positive,Clean software with zero bloatware and smooth navigation animations.,2025-01-09 09:00:00
FB-11164,Smart Home,Pricing & Value,1,Negative,"Overhyped and overpriced, thoroughly disappointed with the value proposition. Also, regarding delivery & packaging, horrible shipping experience, package was sent to the wrong city transit hub twice.",2025-09-25 10:00:00
FB-11165,Smart Home,Pricing & Value,4,Positive,Very economical pricing without cutting corners on essential functionality. Five stars without any hesitation.,2025-03-25 17:00:00
FB-11166,Wearables,Pricing & Value,5,Positive,"Offers tremendous cost efficiency, definitely superior to pricier brand alternatives.",2025-02-20 02:00:00
FB-11167,Electronics,Product Quality,1,Negative,"Buttons became unresponsive after one week, waste of my hard-earned money.",2025-02-23 15:00:00
FB-11168,PC Accessories,Pricing & Value,1,Negative,"Price gouging at its finest, nowhere near worth the steep asking price.",2025-12-08 09:00:00
FB-11169,Smart Home,Customer Support,1,Negative,Misleading promises by support executives regarding repair turnaround time. Will be returning this immediately for a full refund.,2025-08-29 03:00:00
FB-11170,Smart Home,Pricing & Value,5,Positive,"Incredible value for money, outperforms products that cost twice as much.",2025-04-25 16:00:00
FB-11171,Smart Home,Delivery & Packaging,5,Positive,Super quick dispatch and real-time live GPS tracking was very accurate. Will definitely buy from this brand again.,2025-01-17 00:00:00
FB-11172,PC Accessories,Usability & Interface,5,Positive,Clean software with zero bloatware and smooth navigation animations. Five stars without any hesitation.,2025-08-09 07:00:00
FB-11173,PC Accessories,Customer Support,3,Neutral,"The chatbot wasn't helpful, but the human agent who took over was decent.",2025-10-23 13:00:00
FB-11174,Smart Home,Customer Support,5,Positive,"The representative was courteous, listened patiently, and solved the configuration error. Also, regarding usability & interface, seamless pairing process, took literally 30 seconds to connect and start using.",2025-12-30 04:00:00
FB-11175,PC Accessories,Delivery & Packaging,3,Neutral,"Took five days to arrive, which is standard transit time for my location.",2025-04-15 02:00:00
FB-11176,PC Accessories,Product Quality,5,Positive,Durability is top notch. Dropped it twice accidentally and no damage at all. Five stars without any hesitation.,2025-02-10 18:00:00
FB-11177,Wearables,Pricing & Value,4,Positive,Unbeatable price-to-performance ratio in this budget category. Highly recommended to anyone looking for a dependable option.,2025-06-02 06:00:00
FB-11178,Wearables,Pricing & Value,3,Neutral,"Price is reasonable for what you get, neither a steal nor overpriced. On the whole, it is an okay balance between pros and cons.",2025-11-18 00:00:00
FB-11179,Smart Home,Product Quality,3,Neutral,"Meets the minimum baseline expectation, but lacks premium refinement. On the whole, it is an okay balance between pros and cons.",2025-05-25 08:00:00
FB-11180,Smart Home,Product Quality,1,Negative,"Battery drains completely in less than an hour, horrible battery life.",2025-04-17 12:00:00
FB-11181,Electronics,Pricing & Value,4,Positive,Fair pricing for such rich features and solid build quality.,2025-02-09 06:00:00
FB-11182,Smart Home,Delivery & Packaging,2,Negative,"Extremely delayed delivery, took more than two weeks past the scheduled arrival date. I strongly urge buyers to stay away from this product.",2025-04-02 21:00:00
FB-11183,Wearables,Product Quality,3,Neutral,"Standard plastic casing, seems fine so far after two weeks of normal use. Also, regarding customer support, exceptional customer care experience, truly values their consumers.",2025-05-11 03:00:00
FB-11184,Electronics,Usability & Interface,4,Positive,"Software update was seamless and added really neat personalization widgets. Also, regarding customer support, the representative was courteous, listened patiently, and solved the configuration error.",2025-02-28 06:00:00
FB-11185,Electronics,Customer Support,4,Positive,"Agent was very knowledgeable, friendly, and guided me step-by-step through setup. Will definitely buy from this brand again.",2025-04-13 02:00:00
FB-11186,Smart Home,Pricing & Value,5,Positive,"Competitive price tag, easily the best option available under this budget range. Also, regarding usability & interface, effortless ergonomics and controls are laid out very sensibly for one-handed operation.",2025-03-30 06:00:00
FB-11187,Electronics,Pricing & Value,2,Negative,"Price gouging at its finest, nowhere near worth the steep asking price.",2025-10-28 09:00:00
FB-11188,Smart Home,Pricing & Value,4,Positive,"Fair pricing for such rich features and solid build quality. Also, regarding delivery & packaging, delivery person asked for otp promptly, delivery took the usual standard timeframe.",2025-02-25 19:00:00
FB-11189,Wearables,Usability & Interface,4,Positive,Clean software with zero bloatware and smooth navigation animations.,2025-02-02 14:00:00
FB-11190,Wearables,Usability & Interface,4,Positive,"Pleasant ergonomic design, comfortable to hold and interact with for prolonged hours. Also, regarding delivery & packaging, delivery arrived on the promised date, standard courier service.",2025-02-28 05:00:00
FB-11191,Wearables,Customer Support,2,Negative,"Kept on hold for over 45 minutes and then call got dropped, hopeless service. Very frustrating experience overall.",2025-07-10 04:00:00
FB-11192,Wearables,Product Quality,1,Negative,"Defective unit received, stopped powering on after only three days.",2025-04-20 14:00:00
FB-11193,PC Accessories,Customer Support,3,Neutral,"The agent answered my question eventually, though they seemed quite rushed. On the whole, it is an okay balance between pros and cons.",2025-09-27 06:00:00
FB-11194,Electronics,Usability & Interface,5,Positive,"Pleasant ergonomic design, comfortable to hold and interact with for prolonged hours.",2025-08-04 21:00:00
FB-11195,Audio,Delivery & Packaging,2,Negative,The outer box was opened and the product inside was broken and defective. Deeply disappointed with this purchase.,2025-09-13 01:00:00
FB-11196,Electronics,Product Quality,2,Negative,"Inferior product quality, nowhere close to the advertised technical specs. Very frustrating experience overall.",2025-10-30 12:00:00
FB-11197,Electronics,Delivery & Packaging,4,Positive,Very impressed with how quickly and securely the package was delivered.,2025-08-25 09:00:00
FB-11198,PC Accessories,Product Quality,5,Positive,"Impressive battery endurance and the internal hardware runs surprisingly cool. Furthermore, overall performance has been rock solid.",2025-02-05 15:00:00
FB-11199,Wearables,Delivery & Packaging,5,Positive,"Arrived ahead of scheduled delivery window, safe doorstep drop-off.",2025-07-24 02:00:00
FB-11200,PC Accessories,Pricing & Value,3,Neutral,"Price is reasonable for what you get, neither a steal nor overpriced. It works for basic needs but don't expect miracles.",2025-09-10 20:00:00
FB-11201,PC Accessories,Delivery & Packaging,1,Negative,The delivery was very late and box arrived broken with damaged items inside. I strongly urge buyers to stay away from this product.,2025-01-06 04:00:00
FB-11202,Audio,Pricing & Value,5,Positive,Unbeatable price-to-performance ratio in this budget category. Truly pleased with this purchase!,2025-10-03 00:00:00
FB-11203,Electronics,Delivery & Packaging,1,Negative,The delivery was very late and box arrived broken with damaged items inside. Very frustrating experience overall.,2025-02-08 08:00:00
FB-11204,Audio,Delivery & Packaging,5,Positive,"Package arrived in pristine condition, delivery courier was very professional. Also, regarding product quality, the screen clarity and speaker output quality are phenomenal.",2025-03-17 18:00:00
FB-11205,Electronics,Pricing & Value,2,Negative,"Way too expensive for something that lacks standard modern basic features. Also, regarding usability & interface, horrible ergonomics, uncomfortable to wear or hold after just 10 minutes.",2025-05-24 10:00:00
FB-11206,Electronics,Customer Support,2,Negative,Representative gave completely incorrect troubleshooting steps and refused a refund.,2025-12-31 02:00:00
FB-11207,Electronics,Customer Support,4,Positive,Support team went above and beyond to arrange an immediate replacement.,2025-01-31 06:00:00
FB-11208,Smart Home,Pricing & Value,4,Positive,"High-end premium features offered at an accessible and reasonable price point. Also, regarding delivery & packaging, very impressed with how quickly and securely the package was delivered.",2025-09-28 16:00:00
FB-11209,Audio,Pricing & Value,2,Negative,Way too expensive for something that lacks standard modern basic features. Will be returning this immediately for a full refund.,2025-04-23 11:00:00
FB-11210,PC Accessories,Usability & Interface,5,Positive,"Extremely user-friendly interface, even my elderly parents found it easy to operate.",2025-04-07 02:00:00
FB-11211,PC Accessories,Delivery & Packaging,4,Positive,"Immaculate packaging with heavy protective bubble wrap and tamper-proof seal. Furthermore, overall performance has been rock solid.",2025-02-26 07:00:00
FB-11212,Wearables,Customer Support,5,Positive,"Customer service was incredibly helpful, polite, and resolved my issue within minutes. Also, regarding usability & interface, software is functional but aesthetics feel somewhat dated and utilitarian.",2025-03-02 17:00:00
FB-11213,Audio,Customer Support,5,Positive,"Prompt email support with clear screenshots and instructions, highly impressed. Also, regarding pricing & value, fair pricing for such rich features and solid build quality.",2025-05-20 11:00:00
FB-11214,Audio,Pricing & Value,5,Positive,"Best investment I made this month, total bang for your buck. Highly recommended to anyone looking for a dependable option.",2025-11-01 08:00:00
FB-11215,Smart Home,Usability & Interface,3,Neutral,"Companion mobile app works fine, occasionally takes a few seconds to sync data. Also, regarding customer support, quick response time via live chat, query was sorted out professionally without delays.",2025-02-28 01:00:00
FB-11216,Electronics,Customer Support,2,Negative,Misleading promises by support executives regarding repair turnaround time. Will be returning this immediately for a full refund.,2025-11-14 22:00:00
FB-11217,Electronics,Pricing & Value,2,Negative,"Regret buying this, zero value for money and totally unjustified pricing.",2025-12-21 08:00:00
FB-11218,Wearables,Customer Support,3,Neutral,"Average support interaction, problem was solved but took longer than anticipated.",2025-05-28 23:00:00
FB-11219,PC Accessories,Usability & Interface,4,Positive,Voice commands and gesture shortcuts work reliably every single time.,2025-12-19 07:00:00
FB-11220,Audio,Customer Support,4,Positive,"The representative was courteous, listened patiently, and solved the configuration error.",2025-03-14 00:00:00
FB-11221,Electronics,Delivery & Packaging,2,Negative,"Extremely delayed delivery, took more than two weeks past the scheduled arrival date.",2025-02-09 05:00:00
FB-11222,Wearables,Usability & Interface,1,Negative,"Horrible ergonomics, uncomfortable to wear or hold after just 10 minutes. Also, regarding pricing & value, fair pricing for such rich features and solid build quality.",2025-02-26 01:00:00
FB-11223,PC Accessories,Customer Support,2,Negative,Misleading promises by support executives regarding repair turnaround time. Will be returning this immediately for a full refund.,2025-02-18 03:00:00
FB-11224,Smart Home,Pricing & Value,5,Positive,Very economical pricing without cutting corners on essential functionality.,2025-05-12 21:00:00
FB-11225,Electronics,Pricing & Value,3,Neutral,"It is decently priced, wait for a sale discount if you want better value. Still deciding whether to keep it or exchange it.",2025-09-23 21:00:00
FB-11226,Wearables,Product Quality,2,Negative,"Microphone sound is muffled and distorted, completely ruined phone calls.",2025-01-11 04:00:00
FB-11227,Wearables,Customer Support,1,Negative,"Support staff was clueless, kept transferring me between four different departments. Do not waste your time and money on this.",2025-12-23 13:00:00
FB-11228,Smart Home,Customer Support,4,Positive,Support team went above and beyond to arrange an immediate replacement.,2025-11-17 21:00:00
FB-11229,Audio,Usability & Interface,3,Neutral,Software is functional but aesthetics feel somewhat dated and utilitarian.,2025-06-28 10:00:00
FB-11230,Wearables,Delivery & Packaging,5,Positive,Super quick dispatch and real-time live GPS tracking was very accurate. Five stars without any hesitation.,2025-12-26 10:00:00
FB-11231,Smart Home,Pricing & Value,1,Negative,"Price gouging at its finest, nowhere near worth the steep asking price.",2025-06-27 09:00:00
FB-11232,Audio,Pricing & Value,4,Positive,"Fair pricing for such rich features and solid build quality. Also, regarding delivery & packaging, package was lost in transit for a week and arrived late with torn packaging.",2025-12-07 05:00:00
FB-11233,Wearables,Product Quality,5,Positive,"The build quality is exceptional, feels sturdy and well-engineered. Also, regarding delivery & packaging, delivery person asked for otp promptly, delivery took the usual standard timeframe.",2025-03-05 01:00:00
FB-11234,Wearables,Pricing & Value,3,Neutral,"Price is reasonable for what you get, neither a steal nor overpriced. On the whole, it is an okay balance between pros and cons.",2025-06-29 09:00:00
FB-11235,Wearables,Product Quality,1,Negative,Overheats dangerously within twenty minutes of moderate usage.,2025-04-11 13:00:00
FB-11236,Audio,Delivery & Packaging,3,Neutral,"Delivery arrived on the promised date, standard courier service. Also, regarding pricing & value, competitive price tag, easily the best option available under this budget range.",2025-08-05 12:00:00
FB-11237,Wearables,Delivery & Packaging,1,Negative,"Disastrous delivery, product casing was cracked and broken due to rough transit impact. Do not waste your time and money on this.",2025-08-12 21:00:00
FB-11238,Wearables,Customer Support,1,Negative,"Help desk refused to honor the return policy despite clear photographic evidence. Also, regarding delivery & packaging, outer box had slight wrinkles, but internal cushion protected the merchandise.",2025-02-13 09:00:00
FB-11239,Audio,Usability & Interface,3,Neutral,"App layout is adequate, would appreciate more customization options in future updates.",2025-08-12 03:00:00
FB-11240,PC Accessories,Delivery & Packaging,5,Positive,"Arrived ahead of scheduled delivery window, safe doorstep drop-off. Also, regarding usability & interface, app layout is adequate, would appreciate more customization options in future updates.",2025-07-30 14:00:00
FB-11241,Electronics,Pricing & Value,4,Positive,"Unbeatable price-to-performance ratio in this budget category. Also, regarding delivery & packaging, very impressed with how quickly and securely the package was delivered.",2025-09-20 11:00:00
FB-11242,Smart Home,Product Quality,5,Positive,"Durability is top notch. Dropped it twice accidentally and no damage at all. Also, regarding customer support, support staff was polite, but lacked deep technical knowledge about the device firmware.",2025-08-24 01:00:00
FB-11243,Wearables,Product Quality,5,Positive,Genuinely surprised by how well built this unit is compared to competitors. Truly pleased with this purchase!,2025-10-17 15:00:00
FB-11244,PC Accessories,Product Quality,1,Negative,"Microphone sound is muffled and distorted, completely ruined phone calls.",2025-01-28 22:00:00
FB-11245,Smart Home,Usability & Interface,4,Positive,"User interface is clean, responsive, and packed with customizable shortcut options. Highly recommended to anyone looking for a dependable option.",2025-06-04 20:00:00
FB-11246,PC Accessories,Pricing & Value,4,Positive,"High-end premium features offered at an accessible and reasonable price point. Furthermore, overall performance has been rock solid.",2025-03-20 19:00:00
FB-11247,Audio,Customer Support,1,Negative,"Ignored my warranty claim emails for two weeks, absolute lack of accountability. Also, regarding usability & interface, interface is simple enough, though some menu settings are buried deep.",2025-03-04 09:00:00
FB-11248,PC Accessories,Customer Support,4,Positive,"Outstanding warranty assistance, hassle-free exchange processed in 24 hours.",2025-12-15 14:00:00
FB-11249,Audio,Pricing & Value,1,Negative,Absurdly overpriced for such poor functionality and cheap construction. Will be returning this immediately for a full refund.,2025-03-29 16:00:00
FB-11250,Smart Home,Pricing & Value,1,Negative,"Hidden subscription fees not mentioned on product page, feels predatory and deceptive. I strongly urge buyers to stay away from this product.",2025-10-29 15:00:00
FB-11251,Smart Home,Pricing & Value,5,Positive,"Got this at a great discount, absolutely worth every single penny spent. Also, regarding usability & interface, the companion app is intuitive, beautifully designed, and very easy to navigate.",2025-05-26 14:00:00
FB-11252,PC Accessories,Product Quality,5,Positive,Outstanding craftsmanship and reliable performance under daily heavy usage. Five stars without any hesitation.,2025-08-16 01:00:00
FB-11253,Smart Home,Customer Support,2,Negative,"Support staff was clueless, kept transferring me between four different departments. Will be returning this immediately for a full refund.",2025-07-03 16:00:00
FB-11254,PC Accessories,Delivery & Packaging,1,Negative,"Horrible shipping experience, package was sent to the wrong city transit hub twice. Also, regarding customer support, help desk refused to honor the return policy despite clear photographic evidence.",2025-06-30 20:00:00
FB-11255,Audio,Pricing & Value,2,Negative,"Hidden subscription fees not mentioned on product page, feels predatory and deceptive.",2025-12-04 09:00:00
FB-11256,Smart Home,Pricing & Value,1,Negative,"Total waste of budget, inferior hardware marked up by aggressive marketing. Also, regarding customer support, misleading promises by support executives regarding repair turnaround time.",2025-12-04 16:00:00
FB-11257,PC Accessories,Usability & Interface,5,Positive,"Clean software with zero bloatware and smooth navigation animations. Also, regarding pricing & value, incredible value for money, outperforms products that cost twice as much.",2025-01-16 23:00:00
FB-11258,Smart Home,Product Quality,4,Positive,"Works flawlessly straight out of the box, zero hardware defects found. Highly recommended to anyone looking for a dependable option.",2025-05-02 03:00:00
FB-11259,Smart Home,Pricing & Value,1,Negative,"Complete rip-off, you can get far better alternatives at half the cost. Very frustrating experience overall.",2025-02-28 01:00:00
FB-11260,Wearables,Pricing & Value,1,Negative,"Price gouging at its finest, nowhere near worth the steep asking price. Also, regarding product quality, the screen clarity and speaker output quality are phenomenal.",2025-02-25 22:00:00
FB-11261,PC Accessories,Usability & Interface,4,Positive,"Extremely user-friendly interface, even my elderly parents found it easy to operate. Will definitely buy from this brand again.",2025-08-13 21:00:00
FB-11262,Smart Home,Customer Support,4,Positive,"Exceptional customer care experience, truly values their consumers.",2025-04-09 02:00:00
FB-11263,Electronics,Customer Support,3,Neutral,Support was standard. Took two rounds of emails to get my invoice updated.,2025-07-04 13:00:00
FB-11264,Audio,Delivery & Packaging,3,Neutral,"Packaging was adequate, minimal cushioning but fortunately no damage. Also, regarding customer support, support staff was clueless, kept transferring me between four different departments.",2025-09-14 11:00:00
FB-11265,Smart Home,Product Quality,4,Positive,"Solid build, great tactile feedback on buttons, feels like an expensive flagship. Also, regarding customer support, ignored my warranty claim emails for two weeks, absolute lack of accountability.",2025-03-07 16:00:00
FB-11266,Audio,Pricing & Value,4,Positive,"Incredible value for money, outperforms products that cost twice as much. Also, regarding delivery & packaging, super quick dispatch and real-time live gps tracking was very accurate.",2025-05-29 08:00:00
FB-11267,Audio,Product Quality,5,Positive,Outstanding craftsmanship and reliable performance under daily heavy usage. Five stars without any hesitation.,2025-05-04 16:00:00
FB-11268,PC Accessories,Pricing & Value,2,Negative,"Absurdly overpriced for such poor functionality and cheap construction. Also, regarding product quality, inferior product quality, nowhere close to the advertised technical specs.",2025-05-15 20:00:00
FB-11269,Wearables,Pricing & Value,5,Positive,"High-end premium features offered at an accessible and reasonable price point. Furthermore, overall performance has been rock solid.",2025-03-13 06:00:00
FB-11270,Audio,Product Quality,3,Neutral,"Battery life is around 5 hours, which is just about manageable for a workday. However, there is definitely room for minor improvements.",2025-06-27 02:00:00
FB-11271,Smart Home,Usability & Interface,1,Negative,"Awful user interface design, cluttered screens and counter-intuitive navigation. I strongly urge buyers to stay away from this product.",2025-02-23 01:00:00
FB-11272,Smart Home,Delivery & Packaging,3,Neutral,"Tracking status didn't update for two days, though parcel arrived on schedule. On the whole, it is an okay balance between pros and cons.",2025-01-11 01:00:00
FB-11273,PC Accessories,Usability & Interface,4,Positive,"Setup guide was crystal clear with diagrams, painless initial configuration. Also, regarding product quality, inferior product quality, nowhere close to the advertised technical specs.",2025-01-27 12:00:00
FB-11274,Smart Home,Pricing & Value,1,Negative,Way too expensive for something that lacks standard modern basic features. Deeply disappointed with this purchase.,2025-03-02 19:00:00
FB-11275,Audio,Delivery & Packaging,2,Negative,"Flimsy packaging with zero protective padding, product arrived with visible dents and broken parts. Also, regarding product quality, superb hardware performance and the finish looks very premium.",2025-02-17 18:00:00
FB-11276,PC Accessories,Usability & Interface,5,Positive,"The companion app is intuitive, beautifully designed, and very easy to navigate.",2025-01-08 23:00:00
FB-11277,Electronics,Product Quality,4,Positive,"Durability is top notch. Dropped it twice accidentally and no damage at all. Also, regarding pricing & value, very economical pricing without cutting corners on essential functionality.",2025-06-29 19:00:00
FB-11278,Audio,Delivery & Packaging,1,Negative,"Disastrous delivery, product casing was cracked and broken due to rough transit impact. I strongly urge buyers to stay away from this product.",2025-12-03 02:00:00
FB-11279,Wearables,Pricing & Value,4,Positive,"High-end premium features offered at an accessible and reasonable price point. Also, regarding delivery & packaging, packaging was adequate, minimal cushioning but fortunately no damage.",2025-05-30 20:00:00
FB-11280,PC Accessories,Delivery & Packaging,5,Positive,"Prompt shipping, tracking notifications kept me updated at every checkpoint. Truly pleased with this purchase!",2025-07-30 22:00:00
FB-11281,Electronics,Delivery & Packaging,2,Negative,The outer box was opened and the product inside was broken and defective.,2025-09-24 07:00:00
FB-11282,Wearables,Product Quality,4,Positive,Durability is top notch. Dropped it twice accidentally and no damage at all. Highly recommended to anyone looking for a dependable option.,2025-12-24 14:00:00
FB-11283,Electronics,Product Quality,3,Neutral,"Battery life is around 5 hours, which is just about manageable for a workday.",2025-05-19 08:00:00
FB-11284,Electronics,Product Quality,3,Neutral,Performance is mediocre. Does basic tasks fine but stutters during multitasking.,2025-07-16 15:00:00
FB-11285,Smart Home,Pricing & Value,5,Positive,"Incredible value for money, outperforms products that cost twice as much. Will definitely buy from this brand again.",2025-04-05 21:00:00
FB-11286,Electronics,Delivery & Packaging,4,Positive,"Prompt shipping, tracking notifications kept me updated at every checkpoint.",2025-01-14 19:00:00
FB-11287,PC Accessories,Delivery & Packaging,2,Negative,The outer box was opened and the product inside was broken and defective.,2025-06-24 23:00:00
FB-11288,Electronics,Pricing & Value,2,Negative,"Complete rip-off, you can get far better alternatives at half the cost. Also, regarding delivery & packaging, delivery driver was extremely unprofessional and threw the parcel over the gate.",2025-08-06 18:00:00
FB-11289,Smart Home,Customer Support,2,Negative,"Support staff was clueless, kept transferring me between four different departments.",2025-05-02 04:00:00
FB-11290,Electronics,Delivery & Packaging,2,Negative,The outer box was opened and the product inside was broken and defective.,2025-06-01 10:00:00
FB-11291,Wearables,Usability & Interface,3,Neutral,"Initial Bluetooth pairing required a retry, but worked stably afterwards. Still deciding whether to keep it or exchange it.",2025-12-01 19:00:00
FB-11292,Wearables,Usability & Interface,5,Positive,Effortless ergonomics and controls are laid out very sensibly for one-handed operation.,2025-08-16 14:00:00
FB-11293,Electronics,Pricing & Value,4,Positive,"Very economical pricing without cutting corners on essential functionality. Also, regarding customer support, customer support answered my call, but had to wait on hold for 15 minutes.",2025-10-24 02:00:00
FB-11294,Smart Home,Product Quality,5,Positive,Durability is top notch. Dropped it twice accidentally and no damage at all. Truly pleased with this purchase!,2025-05-13 15:00:00
FB-11295,PC Accessories,Customer Support,4,Positive,"Customer service was incredibly helpful, polite, and resolved my issue within minutes. Furthermore, overall performance has been rock solid.",2025-04-05 21:00:00
FB-11296,Wearables,Usability & Interface,3,Neutral,"Interface is simple enough, though some menu settings are buried deep. Also, regarding customer support, outstanding warranty assistance, hassle-free exchange processed in 24 hours.",2025-05-12 00:00:00
FB-11297,Electronics,Usability & Interface,2,Negative,Clunky UI lag makes standard navigation feel painfully slow and unresponsive. I strongly urge buyers to stay away from this product.,2025-02-09 16:00:00
FB-11298,Audio,Customer Support,4,Positive,"The representative was courteous, listened patiently, and solved the configuration error. Also, regarding usability & interface, setup guide was crystal clear with diagrams, painless initial configuration.",2025-05-25 04:00:00
FB-11299,Smart Home,Delivery & Packaging,5,Positive,"Arrived ahead of scheduled delivery window, safe doorstep drop-off. Also, regarding pricing & value, absurdly overpriced for such poor functionality and cheap construction.",2025-03-24 11:00:00
FB-11300,Electronics,Usability & Interface,4,Positive,"Seamless pairing process, took literally 30 seconds to connect and start using. Also, regarding delivery & packaging, package was lost in transit for a week and arrived late with torn packaging.",2025-10-25 22:00:00
FB-11301,PC Accessories,Pricing & Value,4,Positive,"Incredible value for money, outperforms products that cost twice as much. Also, regarding customer support, the agent answered my question eventually, though they seemed quite rushed.",2025-02-09 07:00:00
FB-11302,Electronics,Usability & Interface,3,Neutral,"Usability is acceptable, takes a day or two of learning curve to get accustomed.",2025-11-07 15:00:00
FB-11303,Wearables,Delivery & Packaging,2,Negative,The outer box was opened and the product inside was broken and defective.,2025-05-31 07:00:00
FB-11304,Smart Home,Customer Support,5,Positive,"The representative was courteous, listened patiently, and solved the configuration error.",2025-03-01 22:00:00
FB-11305,Electronics,Delivery & Packaging,5,Positive,"Arrived ahead of scheduled delivery window, safe doorstep drop-off. Also, regarding product quality, battery life is around 5 hours, which is just about manageable for a workday.",2025-11-06 07:00:00
FB-11306,PC Accessories,Customer Support,5,Positive,"Agent was very knowledgeable, friendly, and guided me step-by-step through setup.",2025-05-06 13:00:00
FB-11307,Wearables,Usability & Interface,1,Negative,Touch controls are hyper-sensitive and register phantom touches constantly. I strongly urge buyers to stay away from this product.,2025-02-11 13:00:00
FB-11308,Smart Home,Usability & Interface,4,Positive,"Extremely user-friendly interface, even my elderly parents found it easy to operate.",2025-08-21 00:00:00
FB-11309,PC Accessories,Delivery & Packaging,5,Positive,"Flawless unboxing experience, clean premium box design and intact seal.",2025-03-06 01:00:00
FB-11310,Electronics,Customer Support,1,Negative,"Help desk refused to honor the return policy despite clear photographic evidence. Also, regarding usability & interface, initial bluetooth pairing required a retry, but worked stably afterwards.",2025-03-07 12:00:00
FB-11311,Electronics,Delivery & Packaging,1,Negative,"Flimsy packaging with zero protective padding, product arrived with visible dents and broken parts.",2025-06-22 18:00:00
FB-11312,Electronics,Product Quality,3,Neutral,"Standard plastic casing, seems fine so far after two weeks of normal use.",2025-07-29 20:00:00
FB-11313,Smart Home,Delivery & Packaging,5,Positive,"Package arrived in pristine condition, delivery courier was very professional.",2025-10-29 16:00:00
FB-11314,PC Accessories,Usability & Interface,4,Positive,"Clean software with zero bloatware and smooth navigation animations. Also, regarding pricing & value, it is decently priced, wait for a sale discount if you want better value.",2025-08-13 05:00:00
FB-11315,Audio,Product Quality,3,Neutral,"Performance is mediocre. Does basic tasks fine but stutters during multitasking. Also, regarding customer support, misleading promises by support executives regarding repair turnaround time.",2025-09-26 18:00:00
FB-11316,Wearables,Delivery & Packaging,3,Neutral,"Average shipping speed, nothing exceptional to complain or praise about. On the whole, it is an okay balance between pros and cons.",2025-03-15 01:00:00
FB-11317,PC Accessories,Pricing & Value,1,Negative,"Hidden subscription fees not mentioned on product page, feels predatory and deceptive. Also, regarding delivery & packaging, arrived ahead of scheduled delivery window, safe doorstep drop-off.",2025-05-26 05:00:00
FB-11318,Smart Home,Pricing & Value,5,Positive,High-end premium features offered at an accessible and reasonable price point.,2025-05-28 08:00:00
FB-11319,Wearables,Customer Support,1,Negative,Help desk refused to honor the return policy despite clear photographic evidence. Do not waste your time and money on this.,2025-09-18 05:00:00
FB-11320,PC Accessories,Usability & Interface,4,Positive,"Extremely user-friendly interface, even my elderly parents found it easy to operate. Furthermore, overall performance has been rock solid.",2025-07-09 06:00:00
FB-11321,PC Accessories,Pricing & Value,5,Positive,Unbeatable price-to-performance ratio in this budget category.,2025-06-01 03:00:00
FB-11322,Smart Home,Pricing & Value,1,Negative,"Total waste of budget, inferior hardware marked up by aggressive marketing. Will be returning this immediately for a full refund.",2025-05-23 23:00:00
FB-11323,Audio,Product Quality,2,Negative,"Terrible build quality, cheap creaking plastic that feels very flimsy. Do not waste your time and money on this.",2025-06-21 08:00:00
FB-11324,Electronics,Delivery & Packaging,3,Neutral,"Average shipping speed, nothing exceptional to complain or praise about. Still deciding whether to keep it or exchange it.",2025-04-08 17:00:00
FB-11325,Audio,Product Quality,1,Negative,"Overheats dangerously within twenty minutes of moderate usage. Also, regarding delivery & packaging, the outer box was opened and the product inside was broken and defective.",2025-05-16 15:00:00
FB-11326,Wearables,Pricing & Value,4,Positive,"Unbeatable price-to-performance ratio in this budget category. Furthermore, overall performance has been rock solid.",2025-09-22 23:00:00
FB-11327,Electronics,Pricing & Value,1,Negative,"Total waste of budget, inferior hardware marked up by aggressive marketing. Also, regarding customer support, help desk refused to honor the return policy despite clear photographic evidence.",2025-01-20 13:00:00
FB-11328,Audio,Usability & Interface,2,Negative,"Companion app demands unnecessary location and contact permissions just to operate. Also, regarding customer support, representative gave scripted answers initially, but later clarified my doubt.",2025-05-30 21:00:00
FB-11329,Wearables,Usability & Interface,3,Neutral,"Usability is acceptable, takes a day or two of learning curve to get accustomed. Also, regarding product quality, high quality materials used, exceeded my expectations completely.",2025-05-28 13:00:00
FB-11330,Smart Home,Customer Support,2,Negative,"Ignored my warranty claim emails for two weeks, absolute lack of accountability. Very frustrating experience overall.",2025-12-05 03:00:00
FB-11331,Smart Home,Customer Support,5,Positive,"Technical support team was empathetic and provided a swift warranty claim approval. Also, regarding delivery & packaging, eco-friendly yet sturdy packaging, product was fully secured from shocks.",2025-05-18 16:00:00
FB-11332,PC Accessories,Product Quality,5,Positive,The screen clarity and speaker output quality are phenomenal. Truly pleased with this purchase!,2025-07-30 12:00:00
FB-11333,Wearables,Pricing & Value,2,Negative,Absurdly overpriced for such poor functionality and cheap construction. Will be returning this immediately for a full refund.,2025-06-23 20:00:00
FB-11334,Smart Home,Pricing & Value,2,Negative,"Regret buying this, zero value for money and totally unjustified pricing. Also, regarding customer support, kept on hold for over 45 minutes and then call got dropped, hopeless service.",2025-11-17 03:00:00
FB-11335,PC Accessories,Customer Support,2,Negative,Misleading promises by support executives regarding repair turnaround time. I strongly urge buyers to stay away from this product.,2025-07-14 02:00:00
FB-11336,PC Accessories,Delivery & Packaging,2,Negative,"The delivery was very late and box arrived broken with damaged items inside. Also, regarding customer support, support staff was polite, but lacked deep technical knowledge about the device firmware.",2025-04-12 05:00:00
FB-11337,Wearables,Customer Support,2,Negative,Help desk refused to honor the return policy despite clear photographic evidence.,2025-06-19 13:00:00
FB-11338,Electronics,Product Quality,4,Positive,"The build quality is exceptional, feels sturdy and well-engineered.",2025-09-27 03:00:00
FB-11339,Audio,Product Quality,3,Neutral,"Performance is mediocre. Does basic tasks fine but stutters during multitasking. On the whole, it is an okay balance between pros and cons.",2025-11-20 22:00:00
FB-11340,Smart Home,Product Quality,5,Positive,"Solid build, great tactile feedback on buttons, feels like an expensive flagship. Truly pleased with this purchase!",2025-02-13 02:00:00
FB-11341,Electronics,Product Quality,5,Positive,"Impressive battery endurance and the internal hardware runs surprisingly cool. Also, regarding delivery & packaging, very impressed with how quickly and securely the package was delivered.",2025-07-20 06:00:00
FB-11342,Smart Home,Delivery & Packaging,2,Negative,Package was lost in transit for a week and arrived late with torn packaging.,2025-06-04 08:00:00
FB-11343,PC Accessories,Delivery & Packaging,3,Neutral,"Tracking status didn't update for two days, though parcel arrived on schedule. It works for basic needs but don't expect miracles.",2025-02-17 07:00:00
FB-11344,Wearables,Pricing & Value,2,Negative,"Way too expensive for something that lacks standard modern basic features. Also, regarding usability & interface, voice commands and gesture shortcuts work reliably every single time.",2025-07-21 11:00:00
FB-11345,Audio,Pricing & Value,1,Negative,"Price gouging at its finest, nowhere near worth the steep asking price.",2025-07-23 07:00:00
FB-11346,Electronics,Usability & Interface,5,Positive,"Effortless ergonomics and controls are laid out very sensibly for one-handed operation. Furthermore, overall performance has been rock solid.",2025-02-18 17:00:00
FB-11347,Audio,Usability & Interface,5,Positive,"Seamless pairing process, took literally 30 seconds to connect and start using. Five stars without any hesitation.",2025-08-31 16:00:00
FB-11348,Smart Home,Product Quality,1,Negative,"Severe hardware lag and constant crashes, utterly unusable for work. Also, regarding pricing & value, incredible value for money, outperforms products that cost twice as much.",2025-06-14 22:00:00
FB-11349,Wearables,Product Quality,3,Neutral,"Product quality is okay for casual use, but don't expect industrial durability.",2025-09-08 17:00:00
FB-11350,Smart Home,Delivery & Packaging,3,Neutral,"Tracking status didn't update for two days, though parcel arrived on schedule. Also, regarding product quality, solid build, great tactile feedback on buttons, feels like an expensive flagship.",2025-12-25 02:00:00
FB-11351,PC Accessories,Customer Support,4,Positive,Support team went above and beyond to arrange an immediate replacement. Will definitely buy from this brand again.,2025-02-28 01:00:00
FB-11352,PC Accessories,Customer Support,2,Negative,"Support staff was clueless, kept transferring me between four different departments. Do not waste your time and money on this.",2025-08-03 12:00:00
FB-11353,Wearables,Pricing & Value,4,Positive,"Best investment I made this month, total bang for your buck. Also, regarding delivery & packaging, late delivery ruined a birthday gift surprise, completely unreliable logistics service.",2025-03-26 04:00:00
FB-11354,Wearables,Usability & Interface,4,Positive,"Software update was seamless and added really neat personalization widgets. Also, regarding pricing & value, a bit on the higher side, but acceptable given the current market inflation.",2025-06-19 23:00:00
FB-11355,PC Accessories,Customer Support,1,Negative,"Support staff was clueless, kept transferring me between four different departments. Deeply disappointed with this purchase.",2025-04-02 04:00:00
FB-11356,Audio,Delivery & Packaging,3,Neutral,"Courier left package with neighbor without informing beforehand, but received safely. Also, regarding usability & interface, companion mobile app works fine, occasionally takes a few seconds to sync data.",2025-02-01 19:00:00
FB-11357,Wearables,Product Quality,3,Neutral,"Looks fine aesthetically, though structural rigidity could be improved.",2025-06-26 20:00:00
FB-11358,Wearables,Delivery & Packaging,4,Positive,"Excellent logistics, delivery executive called before arrival to confirm availability. Also, regarding pricing & value, pricing is acceptable, though replacement accessories are somewhat expensive.",2025-07-26 08:00:00
FB-11359,PC Accessories,Product Quality,3,Neutral,"It works as advertised, neither great nor bad, average hardware. On the whole, it is an okay balance between pros and cons.",2025-05-24 05:00:00
FB-11360,PC Accessories,Customer Support,4,Positive,"Support executive followed up the next day to confirm everything was functioning smoothly. Also, regarding usability & interface, basic interface that gets the job done without bells and whistles.",2025-10-31 19:00:00
FB-11361,Audio,Customer Support,5,Positive,"Customer service was incredibly helpful, polite, and resolved my issue within minutes.",2025-04-21 02:00:00
FB-11362,Audio,Customer Support,1,Negative,"Support staff was clueless, kept transferring me between four different departments.",2025-06-15 02:00:00
FB-11363,PC Accessories,Customer Support,1,Negative,"Support staff was clueless, kept transferring me between four different departments. Also, regarding usability & interface, software is functional but aesthetics feel somewhat dated and utilitarian.",2025-09-14 03:00:00
FB-11364,Smart Home,Pricing & Value,5,Positive,Fair pricing for such rich features and solid build quality. Five stars without any hesitation.,2025-06-12 16:00:00
FB-11365,Wearables,Customer Support,4,Positive,"Agent was very knowledgeable, friendly, and guided me step-by-step through setup.",2025-10-14 14:00:00
FB-11366,PC Accessories,Product Quality,3,Neutral,"Hardware is average, nothing to write home about but does the job. Also, regarding delivery & packaging, arrived ahead of scheduled delivery window, safe doorstep drop-off.",2025-08-27 21:00:00
FB-11367,PC Accessories,Customer Support,5,Positive,"Exceptional customer care experience, truly values their consumers.",2025-04-08 12:00:00
FB-11368,Smart Home,Customer Support,4,Positive,"The representative was courteous, listened patiently, and solved the configuration error. Also, regarding product quality, severe hardware lag and constant crashes, utterly unusable for work.",2025-06-18 03:00:00
FB-11369,Electronics,Usability & Interface,2,Negative,Clunky UI lag makes standard navigation feel painfully slow and unresponsive. Very frustrating experience overall.,2025-11-25 15:00:00
FB-11370,Electronics,Delivery & Packaging,5,Positive,Very impressed with how quickly and securely the package was delivered.,2025-08-30 19:00:00
FB-11371,Smart Home,Customer Support,3,Neutral,"Support staff was polite, but lacked deep technical knowledge about the device firmware.",2025-01-20 11:00:00
FB-11372,Audio,Customer Support,4,Positive,"Support team went above and beyond to arrange an immediate replacement. Also, regarding product quality, works flawlessly straight out of the box, zero hardware defects found.",2025-11-23 22:00:00
FB-11373,Wearables,Usability & Interface,4,Positive,"Extremely user-friendly interface, even my elderly parents found it easy to operate. Also, regarding product quality, standard plastic casing, seems fine so far after two weeks of normal use.",2025-12-30 05:00:00
FB-11374,Electronics,Usability & Interface,2,Negative,"Firmware update bricked the settings menu, requiring complete factory reset. Also, regarding product quality, superb hardware performance and the finish looks very premium.",2025-09-14 04:00:00
FB-11375,Smart Home,Customer Support,1,Negative,"Worst customer support imaginable, agent was rude and abruptly disconnected the call. Will be returning this immediately for a full refund.",2025-12-19 16:00:00
FB-11376,Wearables,Delivery & Packaging,4,Positive,"Prompt shipping, tracking notifications kept me updated at every checkpoint. Truly pleased with this purchase!",2025-08-27 18:00:00
FB-11377,Smart Home,Usability & Interface,1,Negative,"Complicated and frustrating setup process, confusing error codes with no explanation. I strongly urge buyers to stay away from this product.",2025-04-04 23:00:00
FB-11378,Electronics,Usability & Interface,5,Positive,"User interface is clean, responsive, and packed with customizable shortcut options.",2025-04-22 20:00:00
FB-11379,Wearables,Customer Support,4,Positive,"Quick response time via live chat, query was sorted out professionally without delays.",2025-03-09 09:00:00
FB-11380,Wearables,Customer Support,5,Positive,"Agent was very knowledgeable, friendly, and guided me step-by-step through setup. Also, regarding usability & interface, extremely user-friendly interface, even my elderly parents found it easy to operate.",2025-05-20 06:00:00
FB-11381,Smart Home,Delivery & Packaging,5,Positive,"Eco-friendly yet sturdy packaging, product was fully secured from shocks. Truly pleased with this purchase!",2025-10-24 11:00:00
FB-11382,Electronics,Customer Support,5,Positive,Support executive followed up the next day to confirm everything was functioning smoothly. Five stars without any hesitation.,2025-10-19 06:00:00
FB-11383,Wearables,Delivery & Packaging,2,Negative,The outer box was opened and the product inside was broken and defective. Do not waste your time and money on this.,2025-10-10 23:00:00
FB-11384,Audio,Usability & Interface,1,Negative,Touch controls are hyper-sensitive and register phantom touches constantly. Very frustrating experience overall.,2025-01-17 03:00:00
FB-11385,Audio,Pricing & Value,3,Neutral,"Affordable enough for students, though budget compromises are visible. Also, regarding delivery & packaging, horrible shipping experience, package was sent to the wrong city transit hub twice.",2025-12-04 18:00:00
FB-11386,Wearables,Product Quality,2,Negative,"Defective unit received, stopped powering on after only three days. Deeply disappointed with this purchase.",2025-06-21 10:00:00
FB-11387,Wearables,Customer Support,3,Neutral,"Average support interaction, problem was solved but took longer than anticipated. On the whole, it is an okay balance between pros and cons.",2025-01-12 14:00:00
FB-11388,PC Accessories,Usability & Interface,2,Negative,"Firmware update bricked the settings menu, requiring complete factory reset.",2025-08-31 07:00:00
FB-11389,Wearables,Usability & Interface,5,Positive,"Voice commands and gesture shortcuts work reliably every single time. Also, regarding delivery & packaging, super quick dispatch and real-time live gps tracking was very accurate.",2025-09-17 03:00:00
FB-11390,Smart Home,Usability & Interface,5,Positive,"Pleasant ergonomic design, comfortable to hold and interact with for prolonged hours. Five stars without any hesitation.",2025-03-27 09:00:00
FB-11391,Audio,Usability & Interface,1,Negative,"Awful user interface design, cluttered screens and counter-intuitive navigation. Also, regarding product quality, outstanding craftsmanship and reliable performance under daily heavy usage.",2025-03-14 11:00:00
FB-11392,Electronics,Pricing & Value,3,Neutral,"Value for money is average, you get what you pay for. On the whole, it is an okay balance between pros and cons.",2025-06-04 09:00:00
FB-11393,Smart Home,Customer Support,4,Positive,Support team went above and beyond to arrange an immediate replacement.,2025-03-20 21:00:00
FB-11394,Smart Home,Product Quality,3,Neutral,"It works as advertised, neither great nor bad, average hardware. It works for basic needs but don't expect miracles.",2025-10-09 21:00:00
FB-11395,Smart Home,Pricing & Value,4,Positive,Fair pricing for such rich features and solid build quality.,2025-02-19 12:00:00
FB-11396,Wearables,Pricing & Value,4,Positive,"Best investment I made this month, total bang for your buck.",2025-08-06 19:00:00
FB-11397,Smart Home,Delivery & Packaging,4,Positive,Very impressed with how quickly and securely the package was delivered. Five stars without any hesitation.,2025-04-02 07:00:00
FB-11398,Electronics,Usability & Interface,5,Positive,"Pleasant ergonomic design, comfortable to hold and interact with for prolonged hours. Also, regarding pricing & value, high-end premium features offered at an accessible and reasonable price point.",2025-03-12 15:00:00
FB-11399,Smart Home,Delivery & Packaging,4,Positive,Immaculate packaging with heavy protective bubble wrap and tamper-proof seal. Highly recommended to anyone looking for a dependable option.,2025-08-06 04:00:00
FB-11400,Electronics,Pricing & Value,5,Positive,"Best investment I made this month, total bang for your buck.",2025-08-04 05:00:00
FB-11401,Electronics,Pricing & Value,4,Positive,"Very economical pricing without cutting corners on essential functionality. Also, regarding product quality, the hinge broke on normal opening, fragile construction and shoddy materials.",2025-01-07 05:00:00
FB-11402,Electronics,Pricing & Value,5,Positive,"Fair pricing for such rich features and solid build quality. Also, regarding usability & interface, interface is simple enough, though some menu settings are buried deep.",2025-06-05 13:00:00
FB-11403,Smart Home,Usability & Interface,4,Positive,Software update was seamless and added really neat personalization widgets. Will definitely buy from this brand again.,2025-12-31 10:00:00
FB-11404,Audio,Product Quality,2,Negative,"The hinge broke on normal opening, fragile construction and shoddy materials. Also, regarding usability & interface, complicated and frustrating setup process, confusing error codes with no explanation.",2025-03-18 00:00:00
FB-11405,PC Accessories,Customer Support,5,Positive,Support executive followed up the next day to confirm everything was functioning smoothly.,2025-08-21 13:00:00
FB-11406,Electronics,Product Quality,5,Positive,"Works flawlessly straight out of the box, zero hardware defects found. Also, regarding customer support, zero customer support response, automated bot keeps looping without human takeover.",2025-05-10 13:00:00
FB-11407,PC Accessories,Product Quality,5,Positive,Outstanding craftsmanship and reliable performance under daily heavy usage. Truly pleased with this purchase!,2025-08-02 00:00:00
FB-11408,PC Accessories,Product Quality,5,Positive,"High quality materials used, exceeded my expectations completely. Furthermore, overall performance has been rock solid.",2025-09-30 23:00:00
FB-11409,PC Accessories,Product Quality,4,Positive,"High quality materials used, exceeded my expectations completely. Highly recommended to anyone looking for a dependable option.",2025-11-21 15:00:00
FB-11410,Smart Home,Delivery & Packaging,5,Positive,Very impressed with how quickly and securely the package was delivered. Five stars without any hesitation.,2025-10-19 14:00:00
FB-11411,Electronics,Delivery & Packaging,5,Positive,"Package arrived in pristine condition, delivery courier was very professional. Also, regarding product quality, looks fine aesthetically, though structural rigidity could be improved.",2025-02-10 10:00:00
FB-11412,Smart Home,Pricing & Value,2,Negative,Absurdly overpriced for such poor functionality and cheap construction. Very frustrating experience overall.,2025-12-01 23:00:00
FB-11413,Audio,Product Quality,2,Negative,"Buttons became unresponsive after one week, waste of my hard-earned money. Very frustrating experience overall.",2025-11-12 16:00:00
FB-11414,Wearables,Product Quality,3,Neutral,"Meets the minimum baseline expectation, but lacks premium refinement. Also, regarding usability & interface, setup is straightforward if you follow the manual, slightly confusing otherwise.",2025-05-22 16:00:00
FB-11415,Wearables,Customer Support,2,Negative,Representative gave completely incorrect troubleshooting steps and refused a refund. Will be returning this immediately for a full refund.,2025-01-10 13:00:00
FB-11416,Smart Home,Delivery & Packaging,2,Negative,"Disastrous delivery, product casing was cracked and broken due to rough transit impact.",2025-11-22 10:00:00
FB-11417,Wearables,Product Quality,4,Positive,Superb hardware performance and the finish looks very premium. Truly pleased with this purchase!,2025-12-31 19:00:00
FB-11418,Wearables,Usability & Interface,2,Negative,Font size on display is tiny and unreadable under outdoor sunlight. Do not waste your time and money on this.,2025-01-07 10:00:00
FB-11419,Audio,Pricing & Value,5,Positive,Fair pricing for such rich features and solid build quality.,2025-09-13 06:00:00
FB-11420,Wearables,Pricing & Value,3,Neutral,"Cost matches the output quality, straightforward transaction. However, there is definitely room for minor improvements.",2025-11-20 15:00:00
FB-11421,Audio,Product Quality,3,Neutral,"Looks fine aesthetically, though structural rigidity could be improved. Still deciding whether to keep it or exchange it.",2025-06-11 14:00:00
FB-11422,PC Accessories,Customer Support,1,Negative,"Awful post-purchase service, once they have your money they stop caring completely. Very frustrating experience overall.",2025-10-17 13:00:00
FB-11423,PC Accessories,Delivery & Packaging,4,Positive,"Flawless unboxing experience, clean premium box design and intact seal.",2025-07-12 17:00:00
FB-11424,Smart Home,Product Quality,4,Positive,"Superb hardware performance and the finish looks very premium. Furthermore, overall performance has been rock solid.",2025-10-20 09:00:00
FB-11425,PC Accessories,Pricing & Value,4,Positive,"Competitive price tag, easily the best option available under this budget range. Highly recommended to anyone looking for a dependable option.",2025-08-03 19:00:00
FB-11426,Wearables,Product Quality,5,Positive,"Impressive battery endurance and the internal hardware runs surprisingly cool. Also, regarding usability & interface, setup guide was crystal clear with diagrams, painless initial configuration.",2025-09-11 14:00:00
FB-11427,Audio,Customer Support,5,Positive,"Prompt email support with clear screenshots and instructions, highly impressed. Five stars without any hesitation.",2025-06-21 14:00:00
FB-11428,PC Accessories,Pricing & Value,1,Negative,"Overhyped and overpriced, thoroughly disappointed with the value proposition.",2025-07-30 06:00:00
FB-11429,PC Accessories,Customer Support,3,Neutral,"Fair experience with help desk, nothing particularly impressive or terrible. Also, regarding product quality, buttons became unresponsive after one week, waste of my hard-earned money.",2025-07-29 00:00:00
FB-11430,PC Accessories,Customer Support,4,Positive,"Technical support team was empathetic and provided a swift warranty claim approval. Also, regarding pricing & value, offers tremendous cost efficiency, definitely superior to pricier brand alternatives.",2025-12-01 12:00:00
FB-11431,Smart Home,Customer Support,3,Neutral,"Help desk reached out after 36 hours, could be faster but resolved the ticket.",2025-05-03 05:00:00
FB-11432,Audio,Delivery & Packaging,3,Neutral,"Outer box had slight wrinkles, but internal cushion protected the merchandise. However, there is definitely room for minor improvements.",2025-04-16 18:00:00
FB-11433,Smart Home,Usability & Interface,3,Neutral,"Ergonomics are fine for average hand sizes, might feel bulky for smaller grips.",2025-08-25 16:00:00
FB-11434,Audio,Customer Support,3,Neutral,"Got my query resolved, although the transfer between departments was cumbersome.",2025-02-05 00:00:00
FB-11435,Smart Home,Usability & Interface,2,Negative,"Firmware update bricked the settings menu, requiring complete factory reset. Deeply disappointed with this purchase.",2025-05-14 22:00:00
FB-11436,Smart Home,Pricing & Value,3,Neutral,"Price is reasonable for what you get, neither a steal nor overpriced. It works for basic needs but don't expect miracles.",2025-01-21 11:00:00
FB-11437,Electronics,Pricing & Value,5,Positive,"Got this at a great discount, absolutely worth every single penny spent. Truly pleased with this purchase!",2025-10-24 03:00:00
FB-11438,Wearables,Pricing & Value,2,Negative,"Grossly overpriced, feels like a cheap ten dollar gadget sold at premium rates.",2025-09-05 06:00:00
FB-11439,Smart Home,Product Quality,5,Positive,"Works flawlessly straight out of the box, zero hardware defects found.",2025-05-14 10:00:00
FB-11440,Smart Home,Delivery & Packaging,5,Positive,"Eco-friendly yet sturdy packaging, product was fully secured from shocks. Also, regarding product quality, durability is top notch. dropped it twice accidentally and no damage at all.",2025-09-25 09:00:00
FB-11441,Wearables,Usability & Interface,5,Positive,Effortless ergonomics and controls are laid out very sensibly for one-handed operation. Highly recommended to anyone looking for a dependable option.,2025-10-18 20:00:00
FB-11442,Audio,Delivery & Packaging,5,Positive,"Package arrived in pristine condition, delivery courier was very professional. Truly pleased with this purchase!",2025-07-16 08:00:00
FB-11443,PC Accessories,Customer Support,3,Neutral,"Average support interaction, problem was solved but took longer than anticipated. However, there is definitely room for minor improvements.",2025-05-13 11:00:00
FB-11444,PC Accessories,Pricing & Value,2,Negative,"Grossly overpriced, feels like a cheap ten dollar gadget sold at premium rates.",2025-11-26 04:00:00
FB-11445,Wearables,Usability & Interface,3,Neutral,"App layout is adequate, would appreciate more customization options in future updates.",2025-09-06 20:00:00
FB-11446,Smart Home,Customer Support,5,Positive,"Prompt email support with clear screenshots and instructions, highly impressed. Furthermore, overall performance has been rock solid.",2025-06-25 07:00:00
FB-11447,Wearables,Customer Support,4,Positive,Support executive followed up the next day to confirm everything was functioning smoothly.,2025-03-03 20:00:00
FB-11448,PC Accessories,Pricing & Value,5,Positive,"Incredible value for money, outperforms products that cost twice as much.",2025-09-26 07:00:00
FB-11449,Smart Home,Product Quality,2,Negative,"Terrible build quality, cheap creaking plastic that feels very flimsy.",2025-09-17 02:00:00
FB-11450,Smart Home,Product Quality,4,Positive,"Genuinely surprised by how well built this unit is compared to competitors. Also, regarding delivery & packaging, took five days to arrive, which is standard transit time for my location.",2025-12-20 20:00:00
FB-11451,Audio,Pricing & Value,1,Negative,Absurdly overpriced for such poor functionality and cheap construction.,2025-05-17 17:00:00
FB-11452,Audio,Product Quality,4,Positive,Impressive battery endurance and the internal hardware runs surprisingly cool. Highly recommended to anyone looking for a dependable option.,2025-04-27 07:00:00
FB-11453,Electronics,Pricing & Value,3,Neutral,"Just about justifies its price tag, don't expect premium flagship luxury.",2025-01-27 10:00:00
FB-11454,Smart Home,Customer Support,1,Negative,"Ignored my warranty claim emails for two weeks, absolute lack of accountability. Also, regarding usability & interface, seamless pairing process, took literally 30 seconds to connect and start using.",2025-10-05 18:00:00
FB-11455,PC Accessories,Delivery & Packaging,5,Positive,"Lightning fast delivery, arrived a full day before the estimated date. Also, regarding product quality, inferior product quality, nowhere close to the advertised technical specs.",2025-11-26 06:00:00
FB-11456,Wearables,Product Quality,3,Neutral,"Hardware is average, nothing to write home about but does the job. Also, regarding usability & interface, awful user interface design, cluttered screens and counter-intuitive navigation.",2025-06-18 16:00:00
FB-11457,Wearables,Delivery & Packaging,3,Neutral,"Packaging was adequate, minimal cushioning but fortunately no damage. Still deciding whether to keep it or exchange it.",2025-12-14 17:00:00
FB-11458,Audio,Product Quality,3,Neutral,"Battery life is around 5 hours, which is just about manageable for a workday. It works for basic needs but don't expect miracles.",2025-09-11 05:00:00
FB-11459,Electronics,Delivery & Packaging,5,Positive,"Flawless unboxing experience, clean premium box design and intact seal. Five stars without any hesitation.",2025-04-04 06:00:00
FB-11460,Wearables,Customer Support,1,Negative,Misleading promises by support executives regarding repair turnaround time. Do not waste your time and money on this.,2025-08-30 03:00:00
FB-11461,Audio,Usability & Interface,1,Negative,Companion app demands unnecessary location and contact permissions just to operate. Deeply disappointed with this purchase.,2025-03-29 05:00:00
FB-11462,PC Accessories,Delivery & Packaging,3,Neutral,"Tracking status didn't update for two days, though parcel arrived on schedule. Also, regarding usability & interface, touch controls are hyper-sensitive and register phantom touches constantly.",2025-04-28 08:00:00
FB-11463,Audio,Delivery & Packaging,3,Neutral,"Outer box had slight wrinkles, but internal cushion protected the merchandise. Still deciding whether to keep it or exchange it.",2025-06-11 14:00:00
FB-11464,Electronics,Pricing & Value,5,Positive,"Competitive price tag, easily the best option available under this budget range. Will definitely buy from this brand again.",2025-07-01 20:00:00
FB-11465,Electronics,Delivery & Packaging,2,Negative,The outer box was opened and the product inside was broken and defective. Very frustrating experience overall.,2025-05-31 11:00:00
FB-11466,Wearables,Pricing & Value,5,Positive,"Exceptional deal during the sale, thoroughly satisfied with this purchase value. Also, regarding customer support, support executive followed up the next day to confirm everything was functioning smoothly.",2025-09-15 14:00:00
FB-11467,Audio,Product Quality,1,Negative,Overheats dangerously within twenty minutes of moderate usage. Deeply disappointed with this purchase.,2025-10-31 15:00:00
FB-11468,Smart Home,Pricing & Value,1,Negative,"Regret buying this, zero value for money and totally unjustified pricing. Do not waste your time and money on this.",2025-10-28 12:00:00
FB-11469,Wearables,Delivery & Packaging,4,Positive,"Prompt shipping, tracking notifications kept me updated at every checkpoint. Truly pleased with this purchase!",2025-02-26 15:00:00
FB-11470,Smart Home,Delivery & Packaging,4,Positive,"Package arrived in pristine condition, delivery courier was very professional.",2025-10-29 09:00:00
FB-11471,Audio,Pricing & Value,3,Neutral,"It is decently priced, wait for a sale discount if you want better value. Also, regarding delivery & packaging, package was lost in transit for a week and arrived late with torn packaging.",2025-05-30 22:00:00
FB-11472,Wearables,Delivery & Packaging,4,Positive,"Flawless unboxing experience, clean premium box design and intact seal.",2025-04-20 05:00:00
FB-11473,Wearables,Pricing & Value,4,Positive,Very economical pricing without cutting corners on essential functionality. Truly pleased with this purchase!,2025-05-11 19:00:00
FB-11474,Electronics,Customer Support,1,Negative,"Terrible customer care, treated me like a nuisance when asking for replacement. Also, regarding usability & interface, software update was seamless and added really neat personalization widgets.",2025-01-31 16:00:00
FB-11475,PC Accessories,Product Quality,5,Positive,The screen clarity and speaker output quality are phenomenal.,2025-09-09 09:00:00
FB-11476,PC Accessories,Product Quality,3,Neutral,"Decent materials used, but some plastic parts feel slightly cheap.",2025-02-27 17:00:00
FB-11477,Smart Home,Usability & Interface,4,Positive,"Pleasant ergonomic design, comfortable to hold and interact with for prolonged hours. Also, regarding customer support, prompt email support with clear screenshots and instructions, highly impressed.",2025-05-22 14:00:00
FB-11478,Electronics,Delivery & Packaging,3,Neutral,"Took five days to arrive, which is standard transit time for my location. Also, regarding pricing & value, just about justifies its price tag, don't expect premium flagship luxury.",2025-12-21 23:00:00
FB-11479,Smart Home,Product Quality,2,Negative,"Buttons became unresponsive after one week, waste of my hard-earned money. Do not waste your time and money on this.",2025-07-19 00:00:00
FB-11480,Audio,Pricing & Value,5,Positive,"Best investment I made this month, total bang for your buck.",2025-10-27 21:00:00
FB-11481,PC Accessories,Customer Support,2,Negative,"Zero customer support response, automated bot keeps looping without human takeover.",2025-10-23 04:00:00
FB-11482,Wearables,Customer Support,4,Positive,"Agent was very knowledgeable, friendly, and guided me step-by-step through setup. Five stars without any hesitation.",2025-11-05 01:00:00
FB-11483,Wearables,Product Quality,2,Negative,"Battery drains completely in less than an hour, horrible battery life.",2025-12-03 06:00:00
FB-11484,Wearables,Pricing & Value,4,Positive,High-end premium features offered at an accessible and reasonable price point.,2025-04-22 11:00:00
FB-11485,Smart Home,Product Quality,5,Positive,"The build quality is exceptional, feels sturdy and well-engineered. Also, regarding delivery & packaging, delivery arrived on the promised date, standard courier service.",2025-08-17 14:00:00
FB-11486,PC Accessories,Pricing & Value,4,Positive,"Got this at a great discount, absolutely worth every single penny spent. Highly recommended to anyone looking for a dependable option.",2025-09-17 18:00:00
FB-11487,Audio,Customer Support,1,Negative,"Ignored my warranty claim emails for two weeks, absolute lack of accountability.",2025-11-06 11:00:00
FB-11488,Audio,Pricing & Value,2,Negative,"Regret buying this, zero value for money and totally unjustified pricing.",2025-09-17 11:00:00
FB-11489,Electronics,Pricing & Value,3,Neutral,"Price is reasonable for what you get, neither a steal nor overpriced. It works for basic needs but don't expect miracles.",2025-07-24 03:00:00
FB-11490,Smart Home,Product Quality,5,Positive,"Outstanding craftsmanship and reliable performance under daily heavy usage. Furthermore, overall performance has been rock solid.",2025-11-30 20:00:00
FB-11491,Wearables,Product Quality,2,Negative,"Battery drains completely in less than an hour, horrible battery life. Will be returning this immediately for a full refund.",2025-04-01 18:00:00
FB-11492,Smart Home,Customer Support,4,Positive,"Customer service was incredibly helpful, polite, and resolved my issue within minutes. Highly recommended to anyone looking for a dependable option.",2025-12-05 09:00:00
FB-11493,Smart Home,Customer Support,5,Positive,"Agent was very knowledgeable, friendly, and guided me step-by-step through setup. Five stars without any hesitation.",2025-03-19 23:00:00
FB-11494,Electronics,Delivery & Packaging,1,Negative,"Extremely delayed delivery, took more than two weeks past the scheduled arrival date. Will be returning this immediately for a full refund.",2025-06-06 12:00:00
FB-11495,Wearables,Usability & Interface,3,Neutral,"Interface is simple enough, though some menu settings are buried deep.",2025-06-19 00:00:00
FB-11496,Smart Home,Customer Support,1,Negative,"Worst customer support imaginable, agent was rude and abruptly disconnected the call. Also, regarding delivery & packaging, immaculate packaging with heavy protective bubble wrap and tamper-proof seal.",2025-01-08 11:00:00
FB-11497,Electronics,Pricing & Value,1,Negative,"Complete rip-off, you can get far better alternatives at half the cost.",2025-08-26 13:00:00
FB-11498,PC Accessories,Customer Support,2,Negative,"Worst customer support imaginable, agent was rude and abruptly disconnected the call. Deeply disappointed with this purchase.",2025-05-12 04:00:00
FB-11499,Electronics,Usability & Interface,5,Positive,"Voice commands and gesture shortcuts work reliably every single time. Also, regarding customer support, quick response time via live chat, query was sorted out professionally without delays.",2025-09-21 04:00:00
FB-11500,Electronics,Customer Support,1,Negative,"Ignored my warranty claim emails for two weeks, absolute lack of accountability.",2025-05-25 19:00:00
FB-11501,Audio,Delivery & Packaging,4,Positive,"Eco-friendly yet sturdy packaging, product was fully secured from shocks. Will definitely buy from this brand again.",2025-12-09 18:00:00
FB-11502,Wearables,Customer Support,3,Neutral,"The chatbot wasn't helpful, but the human agent who took over was decent. On the whole, it is an okay balance between pros and cons.",2025-10-24 23:00:00
FB-11503,Electronics,Pricing & Value,1,Negative,"Regret buying this, zero value for money and totally unjustified pricing.",2025-01-08 04:00:00
FB-11504,Smart Home,Customer Support,3,Neutral,"Help desk reached out after 36 hours, could be faster but resolved the ticket. It works for basic needs but don't expect miracles.",2025-09-05 11:00:00
FB-11505,Audio,Pricing & Value,5,Positive,"Fair pricing for such rich features and solid build quality. Also, regarding usability & interface, effortless ergonomics and controls are laid out very sensibly for one-handed operation.",2025-12-02 16:00:00
FB-11506,Wearables,Customer Support,2,Negative,"Zero customer support response, automated bot keeps looping without human takeover.",2025-09-07 17:00:00
FB-11507,PC Accessories,Delivery & Packaging,3,Neutral,"Outer box had slight wrinkles, but internal cushion protected the merchandise. Still deciding whether to keep it or exchange it.",2025-08-07 20:00:00
FB-11508,Audio,Product Quality,4,Positive,"Works flawlessly straight out of the box, zero hardware defects found.",2025-03-03 17:00:00
FB-11509,Wearables,Delivery & Packaging,1,Negative,"Delivery driver was extremely unprofessional and threw the parcel over the gate. Also, regarding product quality, overheats dangerously within twenty minutes of moderate usage.",2025-07-23 16:00:00
FB-11510,Audio,Product Quality,4,Positive,"The screen clarity and speaker output quality are phenomenal. Also, regarding delivery & packaging, package was lost in transit for a week and arrived late with torn packaging.",2025-09-26 01:00:00
FB-11511,Audio,Usability & Interface,2,Negative,Font size on display is tiny and unreadable under outdoor sunlight. Will be returning this immediately for a full refund.,2025-02-21 21:00:00
FB-11512,PC Accessories,Customer Support,4,Positive,"Support executive followed up the next day to confirm everything was functioning smoothly. Also, regarding delivery & packaging, delivery arrived on the promised date, standard courier service.",2025-07-25 09:00:00
FB-11513,Smart Home,Pricing & Value,5,Positive,Very economical pricing without cutting corners on essential functionality. Truly pleased with this purchase!,2025-01-01 02:00:00
FB-11514,PC Accessories,Customer Support,5,Positive,Support executive followed up the next day to confirm everything was functioning smoothly.,2025-01-31 13:00:00
FB-11515,Audio,Customer Support,5,Positive,"Prompt email support with clear screenshots and instructions, highly impressed.",2025-11-27 13:00:00
FB-11516,Wearables,Customer Support,4,Positive,Support team went above and beyond to arrange an immediate replacement. Truly pleased with this purchase!,2025-03-13 12:00:00
FB-11517,Smart Home,Customer Support,4,Positive,"Agent was very knowledgeable, friendly, and guided me step-by-step through setup. Also, regarding pricing & value, got this at a great discount, absolutely worth every single penny spent.",2025-09-24 09:00:00
FB-11518,Smart Home,Customer Support,3,Neutral,"Average support interaction, problem was solved but took longer than anticipated.",2025-10-05 23:00:00
FB-11519,Wearables,Product Quality,3,Neutral,Performance is mediocre. Does basic tasks fine but stutters during multitasking.,2025-01-21 12:00:00
FB-11520,Smart Home,Product Quality,2,Negative,"The hinge broke on normal opening, fragile construction and shoddy materials. Also, regarding usability & interface, ergonomics are fine for average hand sizes, might feel bulky for smaller grips.",2025-09-25 03:00:00
FB-11521,Smart Home,Customer Support,5,Positive,"Prompt email support with clear screenshots and instructions, highly impressed. Also, regarding product quality, performance is mediocre. does basic tasks fine but stutters during multitasking.",2025-05-09 20:00:00
FB-11522,Wearables,Delivery & Packaging,3,Neutral,"Packaging was somewhat plain cardboard, but the inner device was safe. It works for basic needs but don't expect miracles.",2025-05-05 18:00:00
FB-11523,Electronics,Delivery & Packaging,3,Neutral,"Tracking status didn't update for two days, though parcel arrived on schedule. Also, regarding usability & interface, font size on display is tiny and unreadable under outdoor sunlight.",2025-12-08 12:00:00
FB-11524,Electronics,Usability & Interface,4,Positive,"Pleasant ergonomic design, comfortable to hold and interact with for prolonged hours. Highly recommended to anyone looking for a dependable option.",2025-07-04 18:00:00
FB-11525,Electronics,Pricing & Value,2,Negative,"Extremely expensive maintenance and replacement parts cost more than the device itself. Also, regarding usability & interface, basic interface that gets the job done without bells and whistles.",2025-09-25 01:00:00
FB-11526,Audio,Product Quality,2,Negative,"Buttons became unresponsive after one week, waste of my hard-earned money. Very frustrating experience overall.",2025-02-20 09:00:00
FB-11527,Wearables,Pricing & Value,1,Negative,Extremely expensive maintenance and replacement parts cost more than the device itself.,2025-06-26 11:00:00
FB-11528,Smart Home,Delivery & Packaging,1,Negative,"Package arrived completely crushed and soaked in moisture, awful courier handling. Very frustrating experience overall.",2025-03-24 06:00:00
FB-11529,Wearables,Pricing & Value,3,Neutral,"Value for money is average, you get what you pay for.",2025-02-15 10:00:00
FB-11530,Wearables,Delivery & Packaging,4,Positive,Immaculate packaging with heavy protective bubble wrap and tamper-proof seal.,2025-02-16 20:00:00
FB-11531,Smart Home,Customer Support,5,Positive,"Quick response time via live chat, query was sorted out professionally without delays. Will definitely buy from this brand again.",2025-06-29 10:00:00
FB-11532,Audio,Customer Support,2,Negative,"Zero customer support response, automated bot keeps looping without human takeover. Will be returning this immediately for a full refund.",2025-10-25 09:00:00
FB-11533,PC Accessories,Usability & Interface,2,Negative,"Awful user interface design, cluttered screens and counter-intuitive navigation. I strongly urge buyers to stay away from this product.",2025-04-12 02:00:00
FB-11534,Audio,Delivery & Packaging,5,Positive,"Arrived ahead of scheduled delivery window, safe doorstep drop-off. Also, regarding usability & interface, setup guide was crystal clear with diagrams, painless initial configuration.",2025-02-23 23:00:00
FB-11535,PC Accessories,Usability & Interface,2,Negative,"Complicated and frustrating setup process, confusing error codes with no explanation. Will be returning this immediately for a full refund.",2025-08-15 01:00:00
FB-11536,Electronics,Delivery & Packaging,4,Positive,"Flawless unboxing experience, clean premium box design and intact seal. Highly recommended to anyone looking for a dependable option.",2025-05-06 07:00:00
FB-11537,Electronics,Customer Support,4,Positive,"Outstanding warranty assistance, hassle-free exchange processed in 24 hours. Furthermore, overall performance has been rock solid.",2025-11-10 15:00:00
FB-11538,PC Accessories,Usability & Interface,2,Negative,Clunky UI lag makes standard navigation feel painfully slow and unresponsive. Will be returning this immediately for a full refund.,2025-09-23 18:00:00
FB-11539,Wearables,Delivery & Packaging,5,Positive,"Eco-friendly yet sturdy packaging, product was fully secured from shocks. Also, regarding pricing & value, very economical pricing without cutting corners on essential functionality.",2025-10-04 11:00:00
FB-11540,Audio,Delivery & Packaging,4,Positive,"Prompt shipping, tracking notifications kept me updated at every checkpoint. Also, regarding product quality, inferior product quality, nowhere close to the advertised technical specs.",2025-10-02 10:00:00
FB-11541,PC Accessories,Delivery & Packaging,4,Positive,"Super quick dispatch and real-time live GPS tracking was very accurate. Also, regarding product quality, meets the minimum baseline expectation, but lacks premium refinement.",2025-08-13 15:00:00
FB-11542,Electronics,Customer Support,3,Neutral,"Support staff was polite, but lacked deep technical knowledge about the device firmware. Also, regarding product quality, battery life is around 5 hours, which is just about manageable for a workday.",2025-12-28 04:00:00
FB-11543,Wearables,Product Quality,5,Positive,"Genuinely surprised by how well built this unit is compared to competitors. Furthermore, overall performance has been rock solid.",2026-01-01 19:00:00
FB-11544,Audio,Pricing & Value,3,Neutral,"Affordable enough for students, though budget compromises are visible. Still deciding whether to keep it or exchange it.",2025-06-19 07:00:00
FB-11545,PC Accessories,Customer Support,3,Neutral,"Fair experience with help desk, nothing particularly impressive or terrible. However, there is definitely room for minor improvements.",2025-11-09 01:00:00
FB-11546,Electronics,Usability & Interface,2,Negative,"Complicated and frustrating setup process, confusing error codes with no explanation. Also, regarding pricing & value, grossly overpriced, feels like a cheap ten dollar gadget sold at premium rates.",2025-04-10 07:00:00
FB-11547,Electronics,Customer Support,1,Negative,"Support staff was clueless, kept transferring me between four different departments.",2025-06-19 02:00:00
FB-11548,Smart Home,Usability & Interface,5,Positive,"Setup guide was crystal clear with diagrams, painless initial configuration. Will definitely buy from this brand again.",2025-03-12 10:00:00
FB-11549,Audio,Delivery & Packaging,5,Positive,"Excellent logistics, delivery executive called before arrival to confirm availability.",2025-09-13 02:00:00
FB-11550,Audio,Customer Support,5,Positive,"The representative was courteous, listened patiently, and solved the configuration error.",2025-11-21 02:00:00
FB-11551,Wearables,Usability & Interface,4,Positive,"The companion app is intuitive, beautifully designed, and very easy to navigate.",2025-02-01 17:00:00
FB-11552,Audio,Product Quality,5,Positive,"The build quality is exceptional, feels sturdy and well-engineered.",2025-09-28 00:00:00
FB-11553,Electronics,Delivery & Packaging,5,Positive,"Very impressed with how quickly and securely the package was delivered. Also, regarding product quality, superb hardware performance and the finish looks very premium.",2025-11-22 19:00:00
FB-11554,Electronics,Delivery & Packaging,3,Neutral,"Took five days to arrive, which is standard transit time for my location. Also, regarding customer support, support was standard. took two rounds of emails to get my invoice updated.",2025-09-17 04:00:00
FB-11555,PC Accessories,Product Quality,2,Negative,"Defective unit received, stopped powering on after only three days.",2025-03-03 09:00:00
FB-11556,Audio,Delivery & Packaging,1,Negative,"Disastrous delivery, product casing was cracked and broken due to rough transit impact. Also, regarding product quality, product quality is okay for casual use, but don't expect industrial durability.",2025-11-05 04:00:00
FB-11557,PC Accessories,Pricing & Value,2,Negative,"Overhyped and overpriced, thoroughly disappointed with the value proposition.",2025-03-01 21:00:00
FB-11558,Wearables,Customer Support,3,Neutral,Support was standard. Took two rounds of emails to get my invoice updated. It works for basic needs but don't expect miracles.,2025-04-07 12:00:00
FB-11559,PC Accessories,Pricing & Value,4,Positive,"Got this at a great discount, absolutely worth every single penny spent.",2025-02-16 21:00:00
FB-11560,Audio,Usability & Interface,2,Negative,Touch controls are hyper-sensitive and register phantom touches constantly. Deeply disappointed with this purchase.,2025-04-12 09:00:00
FB-11561,Smart Home,Pricing & Value,2,Negative,"Overhyped and overpriced, thoroughly disappointed with the value proposition. I strongly urge buyers to stay away from this product.",2025-09-09 03:00:00
FB-11562,Smart Home,Usability & Interface,5,Positive,"Effortless ergonomics and controls are laid out very sensibly for one-handed operation. Also, regarding delivery & packaging, package arrived completely crushed and soaked in moisture, awful courier handling.",2025-09-28 01:00:00
FB-11563,PC Accessories,Delivery & Packaging,4,Positive,"Very impressed with how quickly and securely the package was delivered. Also, regarding pricing & value, absurdly overpriced for such poor functionality and cheap construction.",2025-10-01 00:00:00
FB-11564,Audio,Pricing & Value,5,Positive,Very economical pricing without cutting corners on essential functionality.,2025-01-27 21:00:00
FB-11565,Wearables,Usability & Interface,1,Negative,"Companion app is full of bugs, crashes continuously on opening.",2025-02-20 14:00:00
FB-11566,Electronics,Delivery & Packaging,1,Negative,"The outer box was opened and the product inside was broken and defective. Also, regarding product quality, solid build, great tactile feedback on buttons, feels like an expensive flagship.",2025-04-16 22:00:00
FB-11567,Audio,Product Quality,5,Positive,The screen clarity and speaker output quality are phenomenal.,2025-07-19 07:00:00
FB-11568,Audio,Product Quality,5,Positive,"Durability is top notch. Dropped it twice accidentally and no damage at all. Also, regarding pricing & value, pricing is acceptable, though replacement accessories are somewhat expensive.",2025-12-30 20:00:00
FB-11569,Electronics,Pricing & Value,5,Positive,"Competitive price tag, easily the best option available under this budget range.",2025-07-13 08:00:00
FB-11570,Wearables,Pricing & Value,1,Negative,"Price gouging at its finest, nowhere near worth the steep asking price. Deeply disappointed with this purchase.",2025-01-22 22:00:00
FB-11571,Electronics,Customer Support,1,Negative,"Ignored my warranty claim emails for two weeks, absolute lack of accountability. Deeply disappointed with this purchase.",2025-02-04 05:00:00
FB-11572,Smart Home,Delivery & Packaging,3,Neutral,"Outer box had slight wrinkles, but internal cushion protected the merchandise. Also, regarding pricing & value, hidden subscription fees not mentioned on product page, feels predatory and deceptive.",2025-02-25 03:00:00
FB-11573,PC Accessories,Product Quality,4,Positive,"Works flawlessly straight out of the box, zero hardware defects found. Five stars without any hesitation.",2025-01-19 15:00:00
FB-11574,Electronics,Customer Support,3,Neutral,"The chatbot wasn't helpful, but the human agent who took over was decent. However, there is definitely room for minor improvements.",2025-05-04 13:00:00
FB-11575,Smart Home,Customer Support,3,Neutral,"Fair experience with help desk, nothing particularly impressive or terrible.",2025-12-06 16:00:00
FB-11576,Wearables,Customer Support,1,Negative,"Worst customer support imaginable, agent was rude and abruptly disconnected the call. Also, regarding delivery & packaging, outer box had slight wrinkles, but internal cushion protected the merchandise.",2025-03-31 11:00:00
FB-11577,Smart Home,Pricing & Value,3,Neutral,"Value for money is average, you get what you pay for.",2025-09-16 02:00:00
FB-11578,Smart Home,Delivery & Packaging,4,Positive,"Lightning fast delivery, arrived a full day before the estimated date.",2025-02-05 07:00:00
FB-11579,Audio,Usability & Interface,3,Neutral,"Setup is straightforward if you follow the manual, slightly confusing otherwise. Also, regarding delivery & packaging, immaculate packaging with heavy protective bubble wrap and tamper-proof seal.",2025-12-17 02:00:00
FB-11580,Audio,Usability & Interface,4,Positive,Clean software with zero bloatware and smooth navigation animations. Highly recommended to anyone looking for a dependable option.,2025-02-23 21:00:00
FB-11581,PC Accessories,Product Quality,5,Positive,"The build quality is exceptional, feels sturdy and well-engineered.",2025-10-18 03:00:00
FB-11582,PC Accessories,Usability & Interface,1,Negative,"Complicated and frustrating setup process, confusing error codes with no explanation. Deeply disappointed with this purchase.",2025-10-20 20:00:00
FB-11583,Audio,Pricing & Value,5,Positive,"Fair pricing for such rich features and solid build quality. Also, regarding delivery & packaging, delivery driver was extremely unprofessional and threw the parcel over the gate.",2025-09-03 04:00:00
FB-11584,Audio,Customer Support,3,Neutral,"Average support interaction, problem was solved but took longer than anticipated. Also, regarding delivery & packaging, outer box had slight wrinkles, but internal cushion protected the merchandise.",2025-03-24 11:00:00
FB-11585,Audio,Delivery & Packaging,2,Negative,"Package arrived completely crushed and soaked in moisture, awful courier handling. Also, regarding customer support, support was standard. took two rounds of emails to get my invoice updated.",2025-11-17 11:00:00
FB-11586,Smart Home,Pricing & Value,5,Positive,Fair pricing for such rich features and solid build quality.,2025-08-16 12:00:00
FB-11587,Smart Home,Delivery & Packaging,3,Neutral,"Took five days to arrive, which is standard transit time for my location.",2025-04-16 07:00:00
FB-11588,Audio,Usability & Interface,4,Positive,"Pleasant ergonomic design, comfortable to hold and interact with for prolonged hours. Will definitely buy from this brand again.",2025-10-08 13:00:00
FB-11589,Smart Home,Customer Support,5,Positive,"Agent was very knowledgeable, friendly, and guided me step-by-step through setup. Also, regarding usability & interface, basic interface that gets the job done without bells and whistles.",2025-07-31 01:00:00
FB-11590,Audio,Usability & Interface,5,Positive,"Setup guide was crystal clear with diagrams, painless initial configuration.",2025-08-10 05:00:00
FB-11591,Smart Home,Customer Support,1,Negative,"Awful post-purchase service, once they have your money they stop caring completely. Also, regarding pricing & value, price gouging at its finest, nowhere near worth the steep asking price.",2025-03-21 20:00:00
FB-11592,Smart Home,Customer Support,4,Positive,"The representative was courteous, listened patiently, and solved the configuration error. Also, regarding delivery & packaging, delivery was delayed by half a day due to weather, but tracking was updated.",2025-11-09 19:00:00
FB-11593,Electronics,Product Quality,3,Neutral,"Decent materials used, but some plastic parts feel slightly cheap. However, there is definitely room for minor improvements.",2025-06-19 02:00:00
FB-11594,Audio,Customer Support,5,Positive,"Quick response time via live chat, query was sorted out professionally without delays. Furthermore, overall performance has been rock solid.",2025-07-05 19:00:00
FB-11595,Wearables,Pricing & Value,2,Negative,"Grossly overpriced, feels like a cheap ten dollar gadget sold at premium rates. I strongly urge buyers to stay away from this product.",2025-10-15 05:00:00
FB-11596,Smart Home,Customer Support,1,Negative,"Ignored my warranty claim emails for two weeks, absolute lack of accountability. Also, regarding usability & interface, software update was seamless and added really neat personalization widgets.",2025-10-10 20:00:00
FB-11597,Electronics,Customer Support,3,Neutral,Support was standard. Took two rounds of emails to get my invoice updated.,2025-02-19 01:00:00
FB-11598,Smart Home,Pricing & Value,5,Positive,"Fair pricing for such rich features and solid build quality. Furthermore, overall performance has been rock solid.",2025-10-28 22:00:00
FB-11599,PC Accessories,Pricing & Value,2,Negative,"Price gouging at its finest, nowhere near worth the steep asking price. I strongly urge buyers to stay away from this product.",2025-09-09 21:00:00
FB-11600,Wearables,Product Quality,3,Neutral,"Decent materials used, but some plastic parts feel slightly cheap. Still deciding whether to keep it or exchange it.",2025-12-13 12:00:00
FB-11601,Wearables,Customer Support,1,Negative,Representative gave completely incorrect troubleshooting steps and refused a refund.,2025-02-12 11:00:00
FB-11602,PC Accessories,Product Quality,3,Neutral,"Meets the minimum baseline expectation, but lacks premium refinement. Also, regarding delivery & packaging, outer box had slight wrinkles, but internal cushion protected the merchandise.",2025-04-09 16:00:00
FB-11603,Wearables,Pricing & Value,4,Positive,Unbeatable price-to-performance ratio in this budget category. Highly recommended to anyone looking for a dependable option.,2025-12-25 09:00:00
FB-11604,Electronics,Delivery & Packaging,5,Positive,"Eco-friendly yet sturdy packaging, product was fully secured from shocks.",2025-12-03 14:00:00
FB-11605,Electronics,Usability & Interface,2,Negative,"Awful user interface design, cluttered screens and counter-intuitive navigation.",2025-11-16 00:00:00
FB-11606,Smart Home,Delivery & Packaging,1,Negative,The outer box was opened and the product inside was broken and defective.,2025-07-14 12:00:00
FB-11607,Wearables,Pricing & Value,5,Positive,Very economical pricing without cutting corners on essential functionality.,2025-08-06 13:00:00
FB-11608,Wearables,Delivery & Packaging,1,Negative,Package was lost in transit for a week and arrived late with torn packaging. Very frustrating experience overall.,2025-05-17 02:00:00
FB-11609,PC Accessories,Delivery & Packaging,1,Negative,The delivery was very late and box arrived broken with damaged items inside. Will be returning this immediately for a full refund.,2025-02-24 07:00:00
FB-11610,Audio,Product Quality,5,Positive,Genuinely surprised by how well built this unit is compared to competitors.,2025-02-14 02:00:00
FB-11611,PC Accessories,Delivery & Packaging,4,Positive,Immaculate packaging with heavy protective bubble wrap and tamper-proof seal. Will definitely buy from this brand again.,2025-11-20 10:00:00
FB-11612,Electronics,Usability & Interface,1,Negative,"Companion app is full of bugs, crashes continuously on opening.",2025-04-13 23:00:00
FB-11613,Electronics,Product Quality,1,Negative,"Defective unit received, stopped powering on after only three days. Also, regarding delivery & packaging, lightning fast delivery, arrived a full day before the estimated date.",2025-02-10 12:00:00
FB-11614,Audio,Pricing & Value,4,Positive,"Fair pricing for such rich features and solid build quality. Also, regarding customer support, average support interaction, problem was solved but took longer than anticipated.",2025-12-13 18:00:00
FB-11615,Audio,Pricing & Value,1,Negative,Way too expensive for something that lacks standard modern basic features. Will be returning this immediately for a full refund.,2025-04-12 08:00:00
FB-11616,Electronics,Product Quality,4,Positive,Superb hardware performance and the finish looks very premium. Truly pleased with this purchase!,2025-04-27 05:00:00
FB-11617,Smart Home,Usability & Interface,5,Positive,"Software update was seamless and added really neat personalization widgets. Also, regarding customer support, average support interaction, problem was solved but took longer than anticipated.",2025-06-26 23:00:00
FB-11618,Wearables,Delivery & Packaging,4,Positive,"Package arrived in pristine condition, delivery courier was very professional. Furthermore, overall performance has been rock solid.",2025-09-10 11:00:00
FB-11619,Smart Home,Usability & Interface,1,Negative,"Complicated and frustrating setup process, confusing error codes with no explanation. Also, regarding pricing & value, got this at a great discount, absolutely worth every single penny spent.",2025-06-13 18:00:00
FB-11620,Electronics,Usability & Interface,2,Negative,Clunky UI lag makes standard navigation feel painfully slow and unresponsive. Very frustrating experience overall.,2025-08-19 11:00:00
FB-11621,Smart Home,Delivery & Packaging,2,Negative,"Courier marked package as delivered when no one actually came, had to chase them for days.",2025-06-10 17:00:00
FB-11622,PC Accessories,Customer Support,1,Negative,Help desk refused to honor the return policy despite clear photographic evidence. Very frustrating experience overall.,2025-07-29 14:00:00
FB-11623,Smart Home,Pricing & Value,2,Negative,"Total waste of budget, inferior hardware marked up by aggressive marketing. Also, regarding customer support, terrible customer care, treated me like a nuisance when asking for replacement.",2025-08-03 00:00:00
FB-11624,Audio,Pricing & Value,2,Negative,"Overhyped and overpriced, thoroughly disappointed with the value proposition. Deeply disappointed with this purchase.",2025-12-05 05:00:00
FB-11625,Electronics,Customer Support,4,Positive,"Customer service was incredibly helpful, polite, and resolved my issue within minutes. Highly recommended to anyone looking for a dependable option.",2025-05-19 10:00:00
FB-11626,Audio,Pricing & Value,5,Positive,"Best investment I made this month, total bang for your buck.",2025-10-09 08:00:00
FB-11627,Smart Home,Usability & Interface,5,Positive,"Setup guide was crystal clear with diagrams, painless initial configuration. Also, regarding customer support, customer support answered my call, but had to wait on hold for 15 minutes.",2025-06-30 03:00:00
FB-11628,PC Accessories,Pricing & Value,5,Positive,"Best investment I made this month, total bang for your buck. Five stars without any hesitation.",2025-09-11 06:00:00
FB-11629,Audio,Delivery & Packaging,4,Positive,"Arrived ahead of scheduled delivery window, safe doorstep drop-off. Also, regarding usability & interface, complicated and frustrating setup process, confusing error codes with no explanation.",2025-11-03 04:00:00
FB-11630,Audio,Delivery & Packaging,3,Neutral,"Delivery was delayed by half a day due to weather, but tracking was updated. Also, regarding usability & interface, the companion app is intuitive, beautifully designed, and very easy to navigate.",2025-08-17 11:00:00
FB-11631,Audio,Delivery & Packaging,4,Positive,"Arrived ahead of scheduled delivery window, safe doorstep drop-off. Also, regarding usability & interface, usability is acceptable, takes a day or two of learning curve to get accustomed.",2025-06-24 18:00:00
FB-11632,Wearables,Customer Support,1,Negative,"Awful post-purchase service, once they have your money they stop caring completely.",2025-04-28 22:00:00
FB-11633,Smart Home,Customer Support,3,Neutral,"Fair experience with help desk, nothing particularly impressive or terrible. Also, regarding product quality, looks fine aesthetically, though structural rigidity could be improved.",2025-02-18 12:00:00
FB-11634,PC Accessories,Product Quality,2,Negative,"Inferior product quality, nowhere close to the advertised technical specs. Also, regarding pricing & value, fair pricing for such rich features and solid build quality.",2025-07-19 06:00:00
FB-11635,Wearables,Customer Support,2,Negative,"Worst customer support imaginable, agent was rude and abruptly disconnected the call. Also, regarding delivery & packaging, package arrived completely crushed and soaked in moisture, awful courier handling.",2025-06-17 11:00:00
FB-11636,Audio,Usability & Interface,2,Negative,Touch controls are hyper-sensitive and register phantom touches constantly.,2025-09-06 10:00:00
FB-11637,PC Accessories,Customer Support,3,Neutral,"Fair experience with help desk, nothing particularly impressive or terrible. However, there is definitely room for minor improvements.",2025-04-10 16:00:00
FB-11638,Smart Home,Customer Support,2,Negative,"Terrible customer care, treated me like a nuisance when asking for replacement.",2025-01-06 09:00:00
FB-11639,Electronics,Delivery & Packaging,4,Positive,"Lightning fast delivery, arrived a full day before the estimated date. Also, regarding usability & interface, clean software with zero bloatware and smooth navigation animations.",2025-08-27 04:00:00
FB-11640,Audio,Usability & Interface,5,Positive,"Pleasant ergonomic design, comfortable to hold and interact with for prolonged hours. Also, regarding delivery & packaging, eco-friendly yet sturdy packaging, product was fully secured from shocks.",2025-08-22 08:00:00
FB-11641,Audio,Delivery & Packaging,5,Positive,"Very impressed with how quickly and securely the package was delivered. Furthermore, overall performance has been rock solid.",2025-03-05 01:00:00
FB-11642,Audio,Delivery & Packaging,2,Negative,"Flimsy packaging with zero protective padding, product arrived with visible dents and broken parts.",2025-07-12 17:00:00
FB-11643,Smart Home,Delivery & Packaging,5,Positive,"Package arrived in pristine condition, delivery courier was very professional. Furthermore, overall performance has been rock solid.",2025-11-26 09:00:00
FB-11644,Electronics,Usability & Interface,4,Positive,"User interface is clean, responsive, and packed with customizable shortcut options. Also, regarding product quality, durability is top notch. dropped it twice accidentally and no damage at all.",2025-02-22 16:00:00
FB-11645,Wearables,Product Quality,4,Positive,The screen clarity and speaker output quality are phenomenal. Will definitely buy from this brand again.,2025-06-25 02:00:00
FB-11646,Smart Home,Usability & Interface,3,Neutral,"App layout is adequate, would appreciate more customization options in future updates. Also, regarding product quality, works flawlessly straight out of the box, zero hardware defects found.",2025-03-23 03:00:00
FB-11647,Audio,Customer Support,2,Negative,"Worst customer support imaginable, agent was rude and abruptly disconnected the call. Also, regarding product quality, superb hardware performance and the finish looks very premium.",2025-09-03 01:00:00
FB-11648,Audio,Customer Support,4,Positive,"Exceptional customer care experience, truly values their consumers. Will definitely buy from this brand again.",2025-11-21 21:00:00
FB-11649,Electronics,Pricing & Value,5,Positive,"Competitive price tag, easily the best option available under this budget range. Also, regarding product quality, genuinely surprised by how well built this unit is compared to competitors.",2025-01-19 06:00:00
FB-11650,Wearables,Product Quality,5,Positive,"High quality materials used, exceeded my expectations completely. Also, regarding pricing & value, grossly overpriced, feels like a cheap ten dollar gadget sold at premium rates.",2025-07-23 06:00:00
FB-11651,Wearables,Usability & Interface,4,Positive,"Effortless ergonomics and controls are laid out very sensibly for one-handed operation. Also, regarding pricing & value, high-end premium features offered at an accessible and reasonable price point.",2025-11-08 08:00:00
FB-11652,Smart Home,Delivery & Packaging,5,Positive,"Immaculate packaging with heavy protective bubble wrap and tamper-proof seal. Also, regarding usability & interface, voice commands and gesture shortcuts work reliably every single time.",2025-11-05 20:00:00
FB-11653,Audio,Customer Support,2,Negative,"Ignored my warranty claim emails for two weeks, absolute lack of accountability. I strongly urge buyers to stay away from this product.",2025-04-16 06:00:00
FB-11654,PC Accessories,Customer Support,2,Negative,Representative gave completely incorrect troubleshooting steps and refused a refund. I strongly urge buyers to stay away from this product.,2025-11-28 20:00:00
FB-11655,PC Accessories,Customer Support,5,Positive,"Customer service was incredibly helpful, polite, and resolved my issue within minutes. Highly recommended to anyone looking for a dependable option.",2025-04-03 10:00:00
FB-11656,Smart Home,Delivery & Packaging,5,Positive,"Excellent logistics, delivery executive called before arrival to confirm availability. Also, regarding customer support, got my query resolved, although the transfer between departments was cumbersome.",2025-10-15 19:00:00
FB-11657,PC Accessories,Product Quality,4,Positive,"High quality materials used, exceeded my expectations completely.",2025-01-16 19:00:00
FB-11658,Electronics,Delivery & Packaging,4,Positive,"Eco-friendly yet sturdy packaging, product was fully secured from shocks. Also, regarding customer support, customer service was incredibly helpful, polite, and resolved my issue within minutes.",2025-07-08 06:00:00
FB-11659,Electronics,Delivery & Packaging,3,Neutral,"Outer box had slight wrinkles, but internal cushion protected the merchandise. Also, regarding product quality, build quality is acceptable for the price, nothing extraordinary.",2025-03-03 09:00:00
FB-11660,Electronics,Customer Support,5,Positive,"Customer service was incredibly helpful, polite, and resolved my issue within minutes.",2025-09-01 05:00:00
FB-11661,Smart Home,Customer Support,4,Positive,"Support executive followed up the next day to confirm everything was functioning smoothly. Also, regarding pricing & value, price is reasonable for what you get, neither a steal nor overpriced.",2025-12-26 18:00:00
FB-11662,Electronics,Customer Support,3,Neutral,"The chatbot wasn't helpful, but the human agent who took over was decent. Also, regarding product quality, works flawlessly straight out of the box, zero hardware defects found.",2025-08-10 14:00:00
FB-11663,Electronics,Usability & Interface,4,Positive,"Seamless pairing process, took literally 30 seconds to connect and start using.",2025-05-24 22:00:00
FB-11664,Wearables,Customer Support,5,Positive,"Customer service was incredibly helpful, polite, and resolved my issue within minutes. Also, regarding delivery & packaging, flawless unboxing experience, clean premium box design and intact seal.",2025-01-01 20:00:00
FB-11665,Smart Home,Usability & Interface,5,Positive,"Extremely user-friendly interface, even my elderly parents found it easy to operate.",2025-01-25 09:00:00
FB-11666,Smart Home,Pricing & Value,5,Positive,"Exceptional deal during the sale, thoroughly satisfied with this purchase value. Truly pleased with this purchase!",2025-10-10 17:00:00
FB-11667,Audio,Pricing & Value,5,Positive,"Offers tremendous cost efficiency, definitely superior to pricier brand alternatives. Also, regarding usability & interface, software is functional but aesthetics feel somewhat dated and utilitarian.",2025-03-17 21:00:00
FB-11668,Smart Home,Usability & Interface,2,Negative,Companion app demands unnecessary location and contact permissions just to operate.,2025-02-14 19:00:00
FB-11669,Wearables,Delivery & Packaging,4,Positive,"Flawless unboxing experience, clean premium box design and intact seal. Also, regarding customer support, the representative was courteous, listened patiently, and solved the configuration error.",2025-09-17 20:00:00
FB-11670,Audio,Usability & Interface,5,Positive,"Pleasant ergonomic design, comfortable to hold and interact with for prolonged hours. Highly recommended to anyone looking for a dependable option.",2025-12-21 12:00:00
FB-11671,PC Accessories,Product Quality,5,Positive,"Impressive battery endurance and the internal hardware runs surprisingly cool. Furthermore, overall performance has been rock solid.",2025-10-22 00:00:00
FB-11672,Wearables,Customer Support,4,Positive,Technical support team was empathetic and provided a swift warranty claim approval. Truly pleased with this purchase!,2025-10-08 12:00:00
FB-11673,PC Accessories,Customer Support,3,Neutral,"Help desk reached out after 36 hours, could be faster but resolved the ticket.",2025-12-19 03:00:00
FB-11674,Audio,Customer Support,5,Positive,"Customer service was incredibly helpful, polite, and resolved my issue within minutes.",2025-09-16 03:00:00
FB-11675,Audio,Delivery & Packaging,3,Neutral,"Average shipping speed, nothing exceptional to complain or praise about. On the whole, it is an okay balance between pros and cons.",2025-10-05 20:00:00
FB-11676,Electronics,Product Quality,4,Positive,"The build quality is exceptional, feels sturdy and well-engineered. Highly recommended to anyone looking for a dependable option.",2025-04-06 21:00:00
FB-11677,Electronics,Pricing & Value,5,Positive,"Competitive price tag, easily the best option available under this budget range.",2025-12-05 12:00:00
FB-11678,Smart Home,Delivery & Packaging,5,Positive,"Arrived ahead of scheduled delivery window, safe doorstep drop-off. Will definitely buy from this brand again.",2025-11-14 18:00:00
FB-11679,Electronics,Pricing & Value,1,Negative,"Total waste of budget, inferior hardware marked up by aggressive marketing. I strongly urge buyers to stay away from this product.",2025-05-11 22:00:00
FB-11680,Electronics,Usability & Interface,3,Neutral,"App layout is adequate, would appreciate more customization options in future updates. Also, regarding delivery & packaging, delivery driver was extremely unprofessional and threw the parcel over the gate.",2025-01-14 12:00:00
FB-11681,Smart Home,Product Quality,5,Positive,"Outstanding craftsmanship and reliable performance under daily heavy usage. Also, regarding customer support, support team went above and beyond to arrange an immediate replacement.",2025-08-21 12:00:00
FB-11682,Smart Home,Usability & Interface,1,Negative,"Companion app is full of bugs, crashes continuously on opening. Do not waste your time and money on this.",2025-12-27 14:00:00
FB-11683,Electronics,Product Quality,5,Positive,"Durability is top notch. Dropped it twice accidentally and no damage at all. Also, regarding customer support, support staff was clueless, kept transferring me between four different departments.",2025-02-05 16:00:00
FB-11684,Smart Home,Usability & Interface,5,Positive,"Software update was seamless and added really neat personalization widgets. Also, regarding product quality, meets the minimum baseline expectation, but lacks premium refinement.",2025-03-02 22:00:00
FB-11685,Wearables,Pricing & Value,3,Neutral,"Value for money is average, you get what you pay for. Still deciding whether to keep it or exchange it.",2025-08-07 03:00:00
FB-11686,Smart Home,Customer Support,1,Negative,"Support staff was clueless, kept transferring me between four different departments. Deeply disappointed with this purchase.",2025-12-01 05:00:00
FB-11687,Audio,Delivery & Packaging,1,Negative,The outer box was opened and the product inside was broken and defective. Do not waste your time and money on this.,2025-09-10 07:00:00
FB-11688,Audio,Product Quality,1,Negative,Overheats dangerously within twenty minutes of moderate usage. Do not waste your time and money on this.,2025-10-16 00:00:00
FB-11689,Electronics,Pricing & Value,5,Positive,"Exceptional deal during the sale, thoroughly satisfied with this purchase value.",2025-07-08 20:00:00
FB-11690,Electronics,Pricing & Value,3,Neutral,"Priced appropriately, though competitor brands offer similar features slightly cheaper. Also, regarding usability & interface, seamless pairing process, took literally 30 seconds to connect and start using.",2025-02-14 08:00:00
FB-11691,Smart Home,Pricing & Value,2,Negative,Way too expensive for something that lacks standard modern basic features.,2025-03-12 03:00:00
FB-11692,Audio,Usability & Interface,4,Positive,"Extremely user-friendly interface, even my elderly parents found it easy to operate. Also, regarding delivery & packaging, courier marked package as delivered when no one actually came, had to chase them for days.",2025-09-02 02:00:00
FB-11693,Smart Home,Usability & Interface,1,Negative,"Complicated and frustrating setup process, confusing error codes with no explanation. Also, regarding customer support, agent was very knowledgeable, friendly, and guided me step-by-step through setup.",2025-06-03 04:00:00
FB-11694,Wearables,Product Quality,2,Negative,"Defective unit received, stopped powering on after only three days. Also, regarding customer support, exceptional customer care experience, truly values their consumers.",2025-12-07 08:00:00
FB-11695,Audio,Delivery & Packaging,3,Neutral,"Delivery was delayed by half a day due to weather, but tracking was updated.",2025-09-03 06:00:00
FB-11696,Smart Home,Pricing & Value,5,Positive,High-end premium features offered at an accessible and reasonable price point. Will definitely buy from this brand again.,2025-10-11 20:00:00
FB-11697,Audio,Customer Support,3,Neutral,"Support staff was polite, but lacked deep technical knowledge about the device firmware. However, there is definitely room for minor improvements.",2025-09-02 16:00:00
FB-11698,Audio,Usability & Interface,1,Negative,"Bluetooth connection drops randomly every 5 minutes, infuriating to use. Also, regarding pricing & value, extremely expensive maintenance and replacement parts cost more than the device itself.",2025-04-26 08:00:00
FB-11699,Wearables,Product Quality,5,Positive,"Solid build, great tactile feedback on buttons, feels like an expensive flagship. Truly pleased with this purchase!",2025-07-20 14:00:00
FB-11700,Smart Home,Customer Support,3,Neutral,"Fair experience with help desk, nothing particularly impressive or terrible.",2025-09-18 13:00:00
FB-11701,PC Accessories,Customer Support,3,Neutral,"Support staff was polite, but lacked deep technical knowledge about the device firmware. However, there is definitely room for minor improvements.",2025-08-10 19:00:00
FB-11702,Electronics,Usability & Interface,4,Positive,"User interface is clean, responsive, and packed with customizable shortcut options.",2025-01-21 11:00:00
FB-11703,Wearables,Pricing & Value,5,Positive,"Best investment I made this month, total bang for your buck.",2025-11-06 10:00:00
FB-11704,Smart Home,Usability & Interface,2,Negative,"Firmware update bricked the settings menu, requiring complete factory reset.",2025-12-19 18:00:00
FB-11705,Wearables,Pricing & Value,1,Negative,"Complete rip-off, you can get far better alternatives at half the cost. Also, regarding delivery & packaging, package was lost in transit for a week and arrived late with torn packaging.",2025-11-12 20:00:00
FB-11706,Wearables,Delivery & Packaging,5,Positive,"Very impressed with how quickly and securely the package was delivered. Also, regarding pricing & value, a bit on the higher side, but acceptable given the current market inflation.",2025-10-17 06:00:00
FB-11707,Wearables,Customer Support,5,Positive,"Exceptional customer care experience, truly values their consumers. Also, regarding pricing & value, pricing is acceptable, though replacement accessories are somewhat expensive.",2025-08-06 21:00:00
FB-11708,Audio,Delivery & Packaging,1,Negative,"Late delivery ruined a birthday gift surprise, completely unreliable logistics service. Also, regarding pricing & value, fair pricing for such rich features and solid build quality.",2025-10-25 16:00:00
FB-11709,Audio,Customer Support,5,Positive,Support executive followed up the next day to confirm everything was functioning smoothly.,2025-06-22 05:00:00
FB-11710,Audio,Delivery & Packaging,2,Negative,"Horrible shipping experience, package was sent to the wrong city transit hub twice. Also, regarding pricing & value, total waste of budget, inferior hardware marked up by aggressive marketing.",2025-10-03 10:00:00
FB-11711,Electronics,Delivery & Packaging,4,Positive,"Excellent logistics, delivery executive called before arrival to confirm availability.",2025-07-21 00:00:00
FB-11712,Smart Home,Pricing & Value,5,Positive,"Exceptional deal during the sale, thoroughly satisfied with this purchase value. Also, regarding delivery & packaging, disastrous delivery, product casing was cracked and broken due to rough transit impact.",2025-08-04 06:00:00
FB-11713,PC Accessories,Pricing & Value,5,Positive,"Got this at a great discount, absolutely worth every single penny spent. Also, regarding usability & interface, companion mobile app works fine, occasionally takes a few seconds to sync data.",2025-03-13 05:00:00
FB-11714,Electronics,Product Quality,4,Positive,Outstanding craftsmanship and reliable performance under daily heavy usage. Five stars without any hesitation.,2025-05-18 04:00:00
FB-11715,Electronics,Customer Support,2,Negative,"Awful post-purchase service, once they have your money they stop caring completely. I strongly urge buyers to stay away from this product.",2025-06-22 19:00:00
FB-11716,Audio,Pricing & Value,2,Negative,"Regret buying this, zero value for money and totally unjustified pricing. Do not waste your time and money on this.",2025-10-20 08:00:00
FB-11717,Audio,Customer Support,2,Negative,"Worst customer support imaginable, agent was rude and abruptly disconnected the call. Also, regarding pricing & value, unbeatable price-to-performance ratio in this budget category.",2025-07-16 06:00:00
FB-11718,Electronics,Customer Support,3,Neutral,"Fair experience with help desk, nothing particularly impressive or terrible.",2025-05-19 15:00:00
FB-11719,Audio,Pricing & Value,4,Positive,"High-end premium features offered at an accessible and reasonable price point. Also, regarding customer support, quick response time via live chat, query was sorted out professionally without delays.",2025-05-24 03:00:00
FB-11720,PC Accessories,Pricing & Value,5,Positive,"Offers tremendous cost efficiency, definitely superior to pricier brand alternatives.",2025-08-17 06:00:00
FB-11721,Smart Home,Pricing & Value,4,Positive,Fair pricing for such rich features and solid build quality. Will definitely buy from this brand again.,2025-11-11 12:00:00
FB-11722,Smart Home,Customer Support,5,Positive,"Prompt email support with clear screenshots and instructions, highly impressed.",2025-09-26 10:00:00
FB-11723,PC Accessories,Usability & Interface,5,Positive,"Setup guide was crystal clear with diagrams, painless initial configuration.",2025-11-07 06:00:00
FB-11724,Smart Home,Usability & Interface,4,Positive,"User interface is clean, responsive, and packed with customizable shortcut options.",2025-04-17 06:00:00
FB-11725,Audio,Delivery & Packaging,5,Positive,"Eco-friendly yet sturdy packaging, product was fully secured from shocks.",2025-07-14 19:00:00
FB-11726,Audio,Usability & Interface,1,Negative,"Complicated and frustrating setup process, confusing error codes with no explanation. Also, regarding product quality, meets the minimum baseline expectation, but lacks premium refinement.",2025-06-26 11:00:00
FB-11727,Smart Home,Pricing & Value,5,Positive,"Competitive price tag, easily the best option available under this budget range. Truly pleased with this purchase!",2025-06-28 07:00:00
FB-11728,Audio,Pricing & Value,5,Positive,Unbeatable price-to-performance ratio in this budget category. Five stars without any hesitation.,2025-11-27 16:00:00
FB-11729,Smart Home,Product Quality,3,Neutral,"Standard plastic casing, seems fine so far after two weeks of normal use. On the whole, it is an okay balance between pros and cons.",2025-02-16 22:00:00
FB-11730,PC Accessories,Usability & Interface,1,Negative,"Companion app is full of bugs, crashes continuously on opening. Do not waste your time and money on this.",2025-05-11 14:00:00
FB-11731,Wearables,Pricing & Value,4,Positive,Unbeatable price-to-performance ratio in this budget category. Truly pleased with this purchase!,2025-03-27 16:00:00
FB-11732,Electronics,Usability & Interface,4,Positive,"Pleasant ergonomic design, comfortable to hold and interact with for prolonged hours. Also, regarding customer support, support staff was polite, but lacked deep technical knowledge about the device firmware.",2025-08-29 13:00:00
FB-11733,Audio,Product Quality,1,Negative,"Buttons became unresponsive after one week, waste of my hard-earned money.",2025-02-04 03:00:00
FB-11734,Electronics,Usability & Interface,4,Positive,"Voice commands and gesture shortcuts work reliably every single time. Also, regarding delivery & packaging, extremely delayed delivery, took more than two weeks past the scheduled arrival date.",2025-03-20 17:00:00
FB-11735,Wearables,Product Quality,1,Negative,Overheats dangerously within twenty minutes of moderate usage.,2025-09-20 00:00:00
FB-11736,Audio,Pricing & Value,3,Neutral,"Value for money is average, you get what you pay for. On the whole, it is an okay balance between pros and cons.",2025-03-09 07:00:00
FB-11737,Wearables,Usability & Interface,2,Negative,"Horrible ergonomics, uncomfortable to wear or hold after just 10 minutes. Will be returning this immediately for a full refund.",2025-12-30 03:00:00
FB-11738,Electronics,Usability & Interface,1,Negative,"Complicated and frustrating setup process, confusing error codes with no explanation.",2025-03-11 00:00:00
FB-11739,PC Accessories,Pricing & Value,5,Positive,"Exceptional deal during the sale, thoroughly satisfied with this purchase value.",2025-09-26 14:00:00
FB-11740,PC Accessories,Usability & Interface,2,Negative,"Firmware update bricked the settings menu, requiring complete factory reset.",2025-09-26 13:00:00
FB-11741,Electronics,Customer Support,5,Positive,"Quick response time via live chat, query was sorted out professionally without delays. Truly pleased with this purchase!",2025-06-02 03:00:00
FB-11742,Smart Home,Pricing & Value,3,Neutral,"Priced appropriately, though competitor brands offer similar features slightly cheaper. Still deciding whether to keep it or exchange it.",2025-09-07 06:00:00
FB-11743,Audio,Pricing & Value,1,Negative,"Total waste of budget, inferior hardware marked up by aggressive marketing.",2025-03-13 20:00:00
FB-11744,Audio,Customer Support,2,Negative,"Worst customer support imaginable, agent was rude and abruptly disconnected the call.",2025-08-13 08:00:00
FB-11745,Wearables,Pricing & Value,3,Neutral,"A bit on the higher side, but acceptable given the current market inflation. Also, regarding usability & interface, extremely user-friendly interface, even my elderly parents found it easy to operate.",2025-03-16 20:00:00
FB-11746,Electronics,Delivery & Packaging,2,Negative,"Flimsy packaging with zero protective padding, product arrived with visible dents and broken parts. Also, regarding usability & interface, firmware update bricked the settings menu, requiring complete factory reset.",2025-02-09 19:00:00
FB-11747,Smart Home,Product Quality,5,Positive,"High quality materials used, exceeded my expectations completely. Highly recommended to anyone looking for a dependable option.",2025-06-08 16:00:00
FB-11748,PC Accessories,Customer Support,4,Positive,"Outstanding warranty assistance, hassle-free exchange processed in 24 hours. Five stars without any hesitation.",2025-04-22 20:00:00
FB-11749,Smart Home,Pricing & Value,3,Neutral,"It is decently priced, wait for a sale discount if you want better value.",2025-08-24 11:00:00
FB-11750,Electronics,Delivery & Packaging,3,Neutral,"Packaging was adequate, minimal cushioning but fortunately no damage. Also, regarding usability & interface, app layout is adequate, would appreciate more customization options in future updates.",2025-09-21 01:00:00
FB-11751,Smart Home,Customer Support,1,Negative,"Zero customer support response, automated bot keeps looping without human takeover. Also, regarding usability & interface, touch controls are hyper-sensitive and register phantom touches constantly.",2025-03-15 04:00:00
FB-11752,PC Accessories,Product Quality,1,Negative,"The hinge broke on normal opening, fragile construction and shoddy materials. Will be returning this immediately for a full refund.",2025-01-22 01:00:00
FB-11753,Smart Home,Customer Support,4,Positive,Support executive followed up the next day to confirm everything was functioning smoothly. Highly recommended to anyone looking for a dependable option.,2025-08-07 17:00:00
FB-11754,Electronics,Product Quality,3,Neutral,"It works as advertised, neither great nor bad, average hardware.",2025-05-16 23:00:00
FB-11755,Smart Home,Customer Support,3,Neutral,Support was standard. Took two rounds of emails to get my invoice updated.,2025-09-10 03:00:00
FB-11756,PC Accessories,Delivery & Packaging,5,Positive,"Arrived ahead of scheduled delivery window, safe doorstep drop-off.",2025-05-13 18:00:00
FB-11757,PC Accessories,Delivery & Packaging,3,Neutral,"Took five days to arrive, which is standard transit time for my location. Also, regarding pricing & value, regret buying this, zero value for money and totally unjustified pricing.",2025-04-26 00:00:00
FB-11758,PC Accessories,Delivery & Packaging,5,Positive,"Eco-friendly yet sturdy packaging, product was fully secured from shocks. Also, regarding usability & interface, pleasant ergonomic design, comfortable to hold and interact with for prolonged hours.",2025-06-03 08:00:00
FB-11759,Audio,Usability & Interface,4,Positive,"Extremely user-friendly interface, even my elderly parents found it easy to operate.",2025-05-08 14:00:00
FB-11760,PC Accessories,Usability & Interface,1,Negative,"Companion app demands unnecessary location and contact permissions just to operate. Also, regarding pricing & value, pricing is acceptable, though replacement accessories are somewhat expensive.",2025-06-19 09:00:00
FB-11761,Smart Home,Usability & Interface,4,Positive,"Seamless pairing process, took literally 30 seconds to connect and start using.",2025-01-30 13:00:00
FB-11762,Smart Home,Customer Support,5,Positive,Technical support team was empathetic and provided a swift warranty claim approval.,2025-06-20 11:00:00
FB-11763,Smart Home,Pricing & Value,4,Positive,"Competitive price tag, easily the best option available under this budget range. Also, regarding usability & interface, ergonomics are fine for average hand sizes, might feel bulky for smaller grips.",2025-05-27 07:00:00
FB-11764,Audio,Delivery & Packaging,3,Neutral,"Delivery person asked for OTP promptly, delivery took the usual standard timeframe. It works for basic needs but don't expect miracles.",2025-02-12 03:00:00
FB-11765,PC Accessories,Customer Support,4,Positive,"Prompt email support with clear screenshots and instructions, highly impressed. Also, regarding product quality, overheats dangerously within twenty minutes of moderate usage.",2025-01-27 00:00:00
FB-11766,Wearables,Customer Support,3,Neutral,"Help desk reached out after 36 hours, could be faster but resolved the ticket. Also, regarding pricing & value, price gouging at its finest, nowhere near worth the steep asking price.",2025-02-14 01:00:00
FB-11767,Electronics,Delivery & Packaging,5,Positive,"Lightning fast delivery, arrived a full day before the estimated date.",2025-02-12 01:00:00
FB-11768,Smart Home,Customer Support,3,Neutral,"Got my query resolved, although the transfer between departments was cumbersome. Still deciding whether to keep it or exchange it.",2025-11-12 16:00:00
FB-11769,Electronics,Customer Support,5,Positive,"Technical support team was empathetic and provided a swift warranty claim approval. Also, regarding pricing & value, exceptional deal during the sale, thoroughly satisfied with this purchase value.",2025-02-19 15:00:00
FB-11770,Smart Home,Product Quality,3,Neutral,"Standard plastic casing, seems fine so far after two weeks of normal use. Also, regarding usability & interface, initial bluetooth pairing required a retry, but worked stably afterwards.",2025-09-18 09:00:00
FB-11771,Audio,Pricing & Value,5,Positive,"Best investment I made this month, total bang for your buck. Also, regarding customer support, technical support team was empathetic and provided a swift warranty claim approval.",2025-03-18 22:00:00
FB-11772,PC Accessories,Product Quality,4,Positive,"High quality materials used, exceeded my expectations completely. Will definitely buy from this brand again.",2025-03-06 04:00:00
FB-11773,Wearables,Delivery & Packaging,2,Negative,"Disastrous delivery, product casing was cracked and broken due to rough transit impact. Deeply disappointed with this purchase.",2025-08-11 13:00:00
FB-11774,Smart Home,Customer Support,5,Positive,"Customer service was incredibly helpful, polite, and resolved my issue within minutes. Will definitely buy from this brand again.",2025-04-09 11:00:00
FB-11775,Smart Home,Delivery & Packaging,4,Positive,"Package arrived in pristine condition, delivery courier was very professional.",2025-08-26 21:00:00
FB-11776,Audio,Pricing & Value,2,Negative,Extremely expensive maintenance and replacement parts cost more than the device itself.,2025-12-29 13:00:00
FB-11777,Audio,Product Quality,1,Negative,"Severe hardware lag and constant crashes, utterly unusable for work. Also, regarding usability & interface, setup is straightforward if you follow the manual, slightly confusing otherwise.",2025-01-22 04:00:00
FB-11778,Audio,Delivery & Packaging,5,Positive,"Package arrived in pristine condition, delivery courier was very professional. Also, regarding product quality, battery drains completely in less than an hour, horrible battery life.",2025-12-31 10:00:00
FB-11779,Electronics,Delivery & Packaging,2,Negative,"The delivery was very late and box arrived broken with damaged items inside. Also, regarding customer support, agent was very knowledgeable, friendly, and guided me step-by-step through setup.",2025-06-20 21:00:00
FB-11780,Smart Home,Usability & Interface,2,Negative,Font size on display is tiny and unreadable under outdoor sunlight.,2025-11-10 19:00:00
FB-11781,PC Accessories,Pricing & Value,4,Positive,"Exceptional deal during the sale, thoroughly satisfied with this purchase value. Will definitely buy from this brand again.",2025-01-23 09:00:00
FB-11782,Electronics,Usability & Interface,5,Positive,Voice commands and gesture shortcuts work reliably every single time.,2025-08-02 14:00:00
FB-11783,PC Accessories,Delivery & Packaging,1,Negative,"The outer box was opened and the product inside was broken and defective. Also, regarding pricing & value, absurdly overpriced for such poor functionality and cheap construction.",2025-04-28 21:00:00
FB-11784,Wearables,Pricing & Value,2,Negative,"Absurdly overpriced for such poor functionality and cheap construction. Also, regarding product quality, works flawlessly straight out of the box, zero hardware defects found.",2025-05-03 12:00:00
FB-11785,Wearables,Product Quality,4,Positive,Impressive battery endurance and the internal hardware runs surprisingly cool.,2025-10-07 13:00:00
FB-11786,Electronics,Usability & Interface,5,Positive,Voice commands and gesture shortcuts work reliably every single time.,2025-04-20 17:00:00
FB-11787,Audio,Product Quality,2,Negative,"The hinge broke on normal opening, fragile construction and shoddy materials. Also, regarding pricing & value, exceptional deal during the sale, thoroughly satisfied with this purchase value.",2025-12-02 06:00:00
FB-11788,Wearables,Product Quality,5,Positive,Superb hardware performance and the finish looks very premium.,2025-01-11 03:00:00
FB-11789,Wearables,Customer Support,5,Positive,"Outstanding warranty assistance, hassle-free exchange processed in 24 hours. Also, regarding usability & interface, user interface is clean, responsive, and packed with customizable shortcut options.",2025-07-05 03:00:00
FB-11790,PC Accessories,Delivery & Packaging,2,Negative,"Package was lost in transit for a week and arrived late with torn packaging. Also, regarding product quality, high quality materials used, exceeded my expectations completely.",2025-01-02 07:00:00
FB-11791,Electronics,Customer Support,5,Positive,Technical support team was empathetic and provided a swift warranty claim approval. Five stars without any hesitation.,2025-10-01 14:00:00
FB-11792,Wearables,Usability & Interface,3,Neutral,"Companion mobile app works fine, occasionally takes a few seconds to sync data. However, there is definitely room for minor improvements.",2025-06-30 05:00:00
FB-11793,Wearables,Usability & Interface,4,Positive,"The companion app is intuitive, beautifully designed, and very easy to navigate.",2025-11-14 02:00:00
FB-11794,Wearables,Customer Support,1,Negative,"Help desk refused to honor the return policy despite clear photographic evidence. Also, regarding delivery & packaging, delivery was delayed by half a day due to weather, but tracking was updated.",2025-01-16 10:00:00
FB-11795,PC Accessories,Product Quality,2,Negative,"The hinge broke on normal opening, fragile construction and shoddy materials. Will be returning this immediately for a full refund.",2025-11-14 20:00:00
FB-11796,Smart Home,Customer Support,3,Neutral,"Support staff was polite, but lacked deep technical knowledge about the device firmware.",2025-07-18 10:00:00
FB-11797,Electronics,Product Quality,3,Neutral,"Battery life is around 5 hours, which is just about manageable for a workday. Still deciding whether to keep it or exchange it.",2025-01-09 21:00:00
FB-11798,Electronics,Pricing & Value,2,Negative,Extremely expensive maintenance and replacement parts cost more than the device itself.,2025-02-13 04:00:00
FB-11799,Audio,Usability & Interface,1,Negative,"Horrible ergonomics, uncomfortable to wear or hold after just 10 minutes. Also, regarding delivery & packaging, very impressed with how quickly and securely the package was delivered.",2025-01-17 20:00:00
FB-11800,Smart Home,Usability & Interface,5,Positive,"Effortless ergonomics and controls are laid out very sensibly for one-handed operation. Furthermore, overall performance has been rock solid.",2025-01-29 09:00:00
